day_of_year,station_name,state,latitude,longitude,rainfall_24h_mm,cumulative_72h_mm,source
1,East Khasi Hills (Shillong),Meghalaya,25.57,91.88,0.0,0.0,IMD_NetCDF_2025
2,East Khasi Hills (Shillong),Meghalaya,25.57,91.88,0.0,0.0,IMD_NetCDF_2025
3,East Khasi Hills (Shillong),Meghalaya,25.57,91.88,0.0,0.0,IMD_NetCDF_2025
4,East Khasi Hills (Shillong),Meghalaya,25.57,91.88,0.0,0.0,IMD_NetCDF_2025
5,East Khasi Hills (Shillong),Meghalaya,25.57,91.88,0.0,0.0,IMD_NetCDF_2025
6,East Khasi Hills (Shillong),Meghalaya,25.57,91.88,0.0,0.0,IMD_NetCDF_2025
7,East Khasi Hills (Shillong),Meghalaya,25.57,91.88,0.0,0.0,IMD_NetCDF_2025
8,East Khasi Hills (Shillong),Meghalaya,25.57,91.88,0.0,0.0,IMD_NetCDF_2025
9,East Khasi Hills (Shillong),Meghalaya,25.57,91.88,0.0,0.0,IMD_NetCDF_2025
10,East Khasi Hills (Shillong),Meghalaya,25.57,91.88,0.0,0.0,IMD_NetCDF_2025
11,East Khasi Hills (Shillong),Meghalaya,25.57,91.88,0.0,0.0,IMD_NetCDF_2025
12,East Khasi Hills (Shillong),Meghalaya,25.57,91.88,0.0,0.0,IMD_NetCDF_2025
13,East Khasi Hills (Shillong),Meghalaya,25.57,91.88,0.0,0.0,IMD_NetCDF_2025
14,East Khasi Hills (Shillong),Meghalaya,25.57,91.88,0.0,0.0,IMD_NetCDF_2025
15,East Khasi Hills (Shillong),Meghalaya,25.57,91.88,0.0,0.0,IMD_NetCDF_2025
16,East Khasi Hills (Shillong),Meghalaya,25.57,91.88,0.0,0.0,IMD_NetCDF_2025
17,East Khasi Hills (Shillong),Meghalaya,25.57,91.88,0.0,0.0,IMD_NetCDF_2025
18,East Khasi Hills (Shillong),Meghalaya,25.57,91.88,0.0,0.0,IMD_NetCDF_2025
19,East Khasi Hills (Shillong),Meghalaya,25.57,91.88,0.0,0.0,IMD_NetCDF_2025
20,East Khasi Hills (Shillong),Meghalaya,25.57,91.88,0.0,0.0,IMD_NetCDF_2025
21,East Khasi Hills (Shillong),Meghalaya,25.57,91.88,0.0,0.0,IMD_NetCDF_2025
22,East Khasi Hills (Shillong),Meghalaya,25.57,91.88,0.0,0.0,IMD_NetCDF_2025
23,East Khasi Hills (Shillong),Meghalaya,25.57,91.88,0.0,0.0,IMD_NetCDF_2025
24,East Khasi Hills (Shillong),Meghalaya,25.57,91.88,0.0,0.0,IMD_NetCDF_2025
25,East Khasi Hills (Shillong),Meghalaya,25.57,91.88,0.0,0.0,IMD_NetCDF_2025
26,East Khasi Hills (Shillong),Meghalaya,25.57,91.88,0.0,0.0,IMD_NetCDF_2025
27,East Khasi Hills (Shillong),Meghalaya,25.57,91.88,0.0,0.0,IMD_NetCDF_2025
28,East Khasi Hills (Shillong),Meghalaya,25.57,91.88,0.0,0.0,IMD_NetCDF_2025
29,East Khasi Hills (Shillong),Meghalaya,25.57,91.88,0.28,0.28,IMD_NetCDF_2025
30,East Khasi Hills (Shillong),Meghalaya,25.57,91.88,0.0,0.28,IMD_NetCDF_2025
31,East Khasi Hills (Shillong),Meghalaya,25.57,91.88,0.0,0.28,IMD_NetCDF_2025
32,East Khasi Hills (Shillong),Meghalaya,25.57,91.88,0.0,0.0,IMD_NetCDF_2025
33,East Khasi Hills (Shillong),Meghalaya,25.57,91.88,0.0,0.0,IMD_NetCDF_2025
34,East Khasi Hills (Shillong),Meghalaya,25.57,91.88,0.0,0.0,IMD_NetCDF_2025
35,East Khasi Hills (Shillong),Meghalaya,25.57,91.88,0.0,0.0,IMD_NetCDF_2025
36,East Khasi Hills (Shillong),Meghalaya,25.57,91.88,0.0,0.0,IMD_NetCDF_2025
37,East Khasi Hills (Shillong),Meghalaya,25.57,91.88,0.0,0.0,IMD_NetCDF_2025
38,East Khasi Hills (Shillong),Meghalaya,25.57,91.88,0.0,0.0,IMD_NetCDF_2025
39,East Khasi Hills (Shillong),Meghalaya,25.57,91.88,0.0,0.0,IMD_NetCDF_2025
40,East Khasi Hills (Shillong),Meghalaya,25.57,91.88,0.0,0.0,IMD_NetCDF_2025
41,East Khasi Hills (Shillong),Meghalaya,25.57,91.88,0.0,0.0,IMD_NetCDF_2025
42,East Khasi Hills (Shillong),Meghalaya,25.57,91.88,0.0,0.0,IMD_NetCDF_2025
43,East Khasi Hills (Shillong),Meghalaya,25.57,91.88,0.0,0.0,IMD_NetCDF_2025
44,East Khasi Hills (Shillong),Meghalaya,25.57,91.88,0.0,0.0,IMD_NetCDF_2025
45,East Khasi Hills (Shillong),Meghalaya,25.57,91.88,0.0,0.0,IMD_NetCDF_2025
46,East Khasi Hills (Shillong),Meghalaya,25.57,91.88,0.0,0.0,IMD_NetCDF_2025
47,East Khasi Hills (Shillong),Meghalaya,25.57,91.88,0.0,0.0,IMD_NetCDF_2025
48,East Khasi Hills (Shillong),Meghalaya,25.57,91.88,0.0,0.0,IMD_NetCDF_2025
49,East Khasi Hills (Shillong),Meghalaya,25.57,91.88,0.0,0.0,IMD_NetCDF_2025
50,East Khasi Hills (Shillong),Meghalaya,25.57,91.88,0.0,0.0,IMD_NetCDF_2025
51,East Khasi Hills (Shillong),Meghalaya,25.57,91.88,0.0,0.0,IMD_NetCDF_2025
52,East Khasi Hills (Shillong),Meghalaya,25.57,91.88,0.0,0.0,IMD_NetCDF_2025
53,East Khasi Hills (Shillong),Meghalaya,25.57,91.88,0.29,0.29,IMD_NetCDF_2025
54,East Khasi Hills (Shillong),Meghalaya,25.57,91.88,2.87,3.15,IMD_NetCDF_2025
55,East Khasi Hills (Shillong),Meghalaya,25.57,91.88,0.83,3.98,IMD_NetCDF_2025
56,East Khasi Hills (Shillong),Meghalaya,25.57,91.88,0.0,3.69,IMD_NetCDF_2025
57,East Khasi Hills (Shillong),Meghalaya,25.57,91.88,0.0,0.83,IMD_NetCDF_2025
58,East Khasi Hills (Shillong),Meghalaya,25.57,91.88,0.0,0.0,IMD_NetCDF_2025
59,East Khasi Hills (Shillong),Meghalaya,25.57,91.88,0.0,0.0,IMD_NetCDF_2025
60,East Khasi Hills (Shillong),Meghalaya,25.57,91.88,0.0,0.0,IMD_NetCDF_2025
61,East Khasi Hills (Shillong),Meghalaya,25.57,91.88,0.0,0.0,IMD_NetCDF_2025
62,East Khasi Hills (Shillong),Meghalaya,25.57,91.88,0.0,0.0,IMD_NetCDF_2025
63,East Khasi Hills (Shillong),Meghalaya,25.57,91.88,0.0,0.0,IMD_NetCDF_2025
64,East Khasi Hills (Shillong),Meghalaya,25.57,91.88,0.0,0.0,IMD_NetCDF_2025
65,East Khasi Hills (Shillong),Meghalaya,25.57,91.88,0.0,0.0,IMD_NetCDF_2025
66,East Khasi Hills (Shillong),Meghalaya,25.57,91.88,0.0,0.0,IMD_NetCDF_2025
67,East Khasi Hills (Shillong),Meghalaya,25.57,91.88,0.0,0.0,IMD_NetCDF_2025
68,East Khasi Hills (Shillong),Meghalaya,25.57,91.88,0.0,0.0,IMD_NetCDF_2025
69,East Khasi Hills (Shillong),Meghalaya,25.57,91.88,0.0,0.0,IMD_NetCDF_2025
70,East Khasi Hills (Shillong),Meghalaya,25.57,91.88,0.0,0.0,IMD_NetCDF_2025
71,East Khasi Hills (Shillong),Meghalaya,25.57,91.88,0.0,0.0,IMD_NetCDF_2025
72,East Khasi Hills (Shillong),Meghalaya,25.57,91.88,0.82,0.82,IMD_NetCDF_2025
73,East Khasi Hills (Shillong),Meghalaya,25.57,91.88,0.0,0.82,IMD_NetCDF_2025
74,East Khasi Hills (Shillong),Meghalaya,25.57,91.88,0.0,0.82,IMD_NetCDF_2025
75,East Khasi Hills (Shillong),Meghalaya,25.57,91.88,2.87,2.87,IMD_NetCDF_2025
76,East Khasi Hills (Shillong),Meghalaya,25.57,91.88,0.0,2.87,IMD_NetCDF_2025
77,East Khasi Hills (Shillong),Meghalaya,25.57,91.88,0.0,2.87,IMD_NetCDF_2025
78,East Khasi Hills (Shillong),Meghalaya,25.57,91.88,0.0,0.0,IMD_NetCDF_2025
79,East Khasi Hills (Shillong),Meghalaya,25.57,91.88,0.0,0.0,IMD_NetCDF_2025
80,East Khasi Hills (Shillong),Meghalaya,25.57,91.88,0.29,0.29,IMD_NetCDF_2025
81,East Khasi Hills (Shillong),Meghalaya,25.57,91.88,0.0,0.29,IMD_NetCDF_2025
82,East Khasi Hills (Shillong),Meghalaya,25.57,91.88,2.07,2.36,IMD_NetCDF_2025
83,East Khasi Hills (Shillong),Meghalaya,25.57,91.88,2.5,4.57,IMD_NetCDF_2025
84,East Khasi Hills (Shillong),Meghalaya,25.57,91.88,0.0,4.57,IMD_NetCDF_2025
85,East Khasi Hills (Shillong),Meghalaya,25.57,91.88,0.0,2.5,IMD_NetCDF_2025
86,East Khasi Hills (Shillong),Meghalaya,25.57,91.88,0.0,0.0,IMD_NetCDF_2025
87,East Khasi Hills (Shillong),Meghalaya,25.57,91.88,0.0,0.0,IMD_NetCDF_2025
88,East Khasi Hills (Shillong),Meghalaya,25.57,91.88,0.0,0.0,IMD_NetCDF_2025
89,East Khasi Hills (Shillong),Meghalaya,25.57,91.88,0.0,0.0,IMD_NetCDF_2025
90,East Khasi Hills (Shillong),Meghalaya,25.57,91.88,0.0,0.0,IMD_NetCDF_2025
91,East Khasi Hills (Shillong),Meghalaya,25.57,91.88,0.57,0.57,IMD_NetCDF_2025
92,East Khasi Hills (Shillong),Meghalaya,25.57,91.88,0.0,0.57,IMD_NetCDF_2025
93,East Khasi Hills (Shillong),Meghalaya,25.57,91.88,0.0,0.57,IMD_NetCDF_2025
94,East Khasi Hills (Shillong),Meghalaya,25.57,91.88,0.0,0.0,IMD_NetCDF_2025
95,East Khasi Hills (Shillong),Meghalaya,25.57,91.88,0.0,0.0,IMD_NetCDF_2025
96,East Khasi Hills (Shillong),Meghalaya,25.57,91.88,0.0,0.0,IMD_NetCDF_2025
97,East Khasi Hills (Shillong),Meghalaya,25.57,91.88,62.12,62.12,IMD_NetCDF_2025
98,East Khasi Hills (Shillong),Meghalaya,25.57,91.88,0.0,62.12,IMD_NetCDF_2025
99,East Khasi Hills (Shillong),Meghalaya,25.57,91.88,0.0,62.12,IMD_NetCDF_2025
100,East Khasi Hills (Shillong),Meghalaya,25.57,91.88,1.17,1.17,IMD_NetCDF_2025
101,East Khasi Hills (Shillong),Meghalaya,25.57,91.88,11.88,13.05,IMD_NetCDF_2025
102,East Khasi Hills (Shillong),Meghalaya,25.57,91.88,10.09,23.14,IMD_NetCDF_2025
103,East Khasi Hills (Shillong),Meghalaya,25.57,91.88,0.0,21.97,IMD_NetCDF_2025
104,East Khasi Hills (Shillong),Meghalaya,25.57,91.88,0.27,10.36,IMD_NetCDF_2025
105,East Khasi Hills (Shillong),Meghalaya,25.57,91.88,0.72,0.98,IMD_NetCDF_2025
106,East Khasi Hills (Shillong),Meghalaya,25.57,91.88,1.49,2.47,IMD_NetCDF_2025
107,East Khasi Hills (Shillong),Meghalaya,25.57,91.88,8.62,10.83,IMD_NetCDF_2025
108,East Khasi Hills (Shillong),Meghalaya,25.57,91.88,4.36,14.48,IMD_NetCDF_2025
109,East Khasi Hills (Shillong),Meghalaya,25.57,91.88,2.31,15.3,IMD_NetCDF_2025
110,East Khasi Hills (Shillong),Meghalaya,25.57,91.88,7.56,14.24,IMD_NetCDF_2025
111,East Khasi Hills (Shillong),Meghalaya,25.57,91.88,1.46,11.34,IMD_NetCDF_2025
112,East Khasi Hills (Shillong),Meghalaya,25.57,91.88,0.0,9.03,IMD_NetCDF_2025
113,East Khasi Hills (Shillong),Meghalaya,25.57,91.88,3.41,4.88,IMD_NetCDF_2025
114,East Khasi Hills (Shillong),Meghalaya,25.57,91.88,9.19,12.61,IMD_NetCDF_2025
115,East Khasi Hills (Shillong),Meghalaya,25.57,91.88,0.0,12.61,IMD_NetCDF_2025
116,East Khasi Hills (Shillong),Meghalaya,25.57,91.88,0.0,9.19,IMD_NetCDF_2025
117,East Khasi Hills (Shillong),Meghalaya,25.57,91.88,2.56,2.56,IMD_NetCDF_2025
118,East Khasi Hills (Shillong),Meghalaya,25.57,91.88,7.91,10.47,IMD_NetCDF_2025
119,East Khasi Hills (Shillong),Meghalaya,25.57,91.88,7.27,17.74,IMD_NetCDF_2025
120,East Khasi Hills (Shillong),Meghalaya,25.57,91.88,0.0,15.18,IMD_NetCDF_2025
121,East Khasi Hills (Shillong),Meghalaya,25.57,91.88,3.09,10.36,IMD_NetCDF_2025
122,East Khasi Hills (Shillong),Meghalaya,25.57,91.88,8.69,11.78,IMD_NetCDF_2025
123,East Khasi Hills (Shillong),Meghalaya,25.57,91.88,5.32,17.1,IMD_NetCDF_2025
124,East Khasi Hills (Shillong),Meghalaya,25.57,91.88,3.59,17.6,IMD_NetCDF_2025
125,East Khasi Hills (Shillong),Meghalaya,25.57,91.88,1.34,10.26,IMD_NetCDF_2025
126,East Khasi Hills (Shillong),Meghalaya,25.57,91.88,1.74,6.68,IMD_NetCDF_2025
127,East Khasi Hills (Shillong),Meghalaya,25.57,91.88,4.63,7.72,IMD_NetCDF_2025
128,East Khasi Hills (Shillong),Meghalaya,25.57,91.88,0.57,6.95,IMD_NetCDF_2025
129,East Khasi Hills (Shillong),Meghalaya,25.57,91.88,4.28,9.48,IMD_NetCDF_2025
130,East Khasi Hills (Shillong),Meghalaya,25.57,91.88,25.01,29.86,IMD_NetCDF_2025
131,East Khasi Hills (Shillong),Meghalaya,25.57,91.88,13.1,42.39,IMD_NetCDF_2025
132,East Khasi Hills (Shillong),Meghalaya,25.57,91.88,23.14,61.25,IMD_NetCDF_2025
133,East Khasi Hills (Shillong),Meghalaya,25.57,91.88,0.98,37.23,IMD_NetCDF_2025
134,East Khasi Hills (Shillong),Meghalaya,25.57,91.88,15.43,39.55,IMD_NetCDF_2025
135,East Khasi Hills (Shillong),Meghalaya,25.57,91.88,4.33,20.74,IMD_NetCDF_2025
136,East Khasi Hills (Shillong),Meghalaya,25.57,91.88,2.49,22.25,IMD_NetCDF_2025
137,East Khasi Hills (Shillong),Meghalaya,25.57,91.88,2.34,9.16,IMD_NetCDF_2025
138,East Khasi Hills (Shillong),Meghalaya,25.57,91.88,3.26,8.09,IMD_NetCDF_2025
139,East Khasi Hills (Shillong),Meghalaya,25.57,91.88,13.26,18.86,IMD_NetCDF_2025
140,East Khasi Hills (Shillong),Meghalaya,25.57,91.88,80.96,97.48,IMD_NetCDF_2025
141,East Khasi Hills (Shillong),Meghalaya,25.57,91.88,34.93,129.15,IMD_NetCDF_2025
142,East Khasi Hills (Shillong),Meghalaya,25.57,91.88,3.12,119.01,IMD_NetCDF_2025
143,East Khasi Hills (Shillong),Meghalaya,25.57,91.88,0.4,38.45,IMD_NetCDF_2025
144,East Khasi Hills (Shillong),Meghalaya,25.57,91.88,2.13,5.65,IMD_NetCDF_2025
145,East Khasi Hills (Shillong),Meghalaya,25.57,91.88,3.02,5.56,IMD_NetCDF_2025
146,East Khasi Hills (Shillong),Meghalaya,25.57,91.88,26.38,31.53,IMD_NetCDF_2025
147,East Khasi Hills (Shillong),Meghalaya,25.57,91.88,11.23,40.63,IMD_NetCDF_2025
148,East Khasi Hills (Shillong),Meghalaya,25.57,91.88,0.0,37.6,IMD_NetCDF_2025
149,East Khasi Hills (Shillong),Meghalaya,25.57,91.88,6.95,18.17,IMD_NetCDF_2025
150,East Khasi Hills (Shillong),Meghalaya,25.57,91.88,140.46,147.41,IMD_NetCDF_2025
151,East Khasi Hills (Shillong),Meghalaya,25.57,91.88,109.8,257.2,IMD_NetCDF_2025
152,East Khasi Hills (Shillong),Meghalaya,25.57,91.88,45.13,295.38,IMD_NetCDF_2025
153,East Khasi Hills (Shillong),Meghalaya,25.57,91.88,31.81,186.74,IMD_NetCDF_2025
154,East Khasi Hills (Shillong),Meghalaya,25.57,91.88,18.24,95.18,IMD_NetCDF_2025
155,East Khasi Hills (Shillong),Meghalaya,25.57,91.88,9.25,59.31,IMD_NetCDF_2025
156,East Khasi Hills (Shillong),Meghalaya,25.57,91.88,15.48,42.98,IMD_NetCDF_2025
157,East Khasi Hills (Shillong),Meghalaya,25.57,91.88,0.83,25.56,IMD_NetCDF_2025
158,East Khasi Hills (Shillong),Meghalaya,25.57,91.88,0.47,16.78,IMD_NetCDF_2025
159,East Khasi Hills (Shillong),Meghalaya,25.57,91.88,2.94,4.23,IMD_NetCDF_2025
160,East Khasi Hills (Shillong),Meghalaya,25.57,91.88,0.69,4.1,IMD_NetCDF_2025
161,East Khasi Hills (Shillong),Meghalaya,25.57,91.88,0.0,3.63,IMD_NetCDF_2025
162,East Khasi Hills (Shillong),Meghalaya,25.57,91.88,0.0,0.69,IMD_NetCDF_2025
163,East Khasi Hills (Shillong),Meghalaya,25.57,91.88,0.0,0.0,IMD_NetCDF_2025
164,East Khasi Hills (Shillong),Meghalaya,25.57,91.88,0.0,0.0,IMD_NetCDF_2025
165,East Khasi Hills (Shillong),Meghalaya,25.57,91.88,2.42,2.42,IMD_NetCDF_2025
166,East Khasi Hills (Shillong),Meghalaya,25.57,91.88,2.74,5.16,IMD_NetCDF_2025
167,East Khasi Hills (Shillong),Meghalaya,25.57,91.88,12.42,17.58,IMD_NetCDF_2025
168,East Khasi Hills (Shillong),Meghalaya,25.57,91.88,15.44,30.6,IMD_NetCDF_2025
169,East Khasi Hills (Shillong),Meghalaya,25.57,91.88,1.23,29.09,IMD_NetCDF_2025
170,East Khasi Hills (Shillong),Meghalaya,25.57,91.88,24.5,41.17,IMD_NetCDF_2025
171,East Khasi Hills (Shillong),Meghalaya,25.57,91.88,16.5,42.22,IMD_NetCDF_2025
172,East Khasi Hills (Shillong),Meghalaya,25.57,91.88,6.52,47.52,IMD_NetCDF_2025
173,East Khasi Hills (Shillong),Meghalaya,25.57,91.88,6.01,29.03,IMD_NetCDF_2025
174,East Khasi Hills (Shillong),Meghalaya,25.57,91.88,3.95,16.48,IMD_NetCDF_2025
175,East Khasi Hills (Shillong),Meghalaya,25.57,91.88,8.51,18.47,IMD_NetCDF_2025
176,East Khasi Hills (Shillong),Meghalaya,25.57,91.88,16.34,28.8,IMD_NetCDF_2025
177,East Khasi Hills (Shillong),Meghalaya,25.57,91.88,12.79,37.64,IMD_NetCDF_2025
178,East Khasi Hills (Shillong),Meghalaya,25.57,91.88,0.12,29.25,IMD_NetCDF_2025
179,East Khasi Hills (Shillong),Meghalaya,25.57,91.88,0.0,12.91,IMD_NetCDF_2025
180,East Khasi Hills (Shillong),Meghalaya,25.57,91.88,3.68,3.8,IMD_NetCDF_2025
181,East Khasi Hills (Shillong),Meghalaya,25.57,91.88,50.87,54.55,IMD_NetCDF_2025
182,East Khasi Hills (Shillong),Meghalaya,25.57,91.88,6.8,61.36,IMD_NetCDF_2025
183,East Khasi Hills (Shillong),Meghalaya,25.57,91.88,12.81,70.48,IMD_NetCDF_2025
184,East Khasi Hills (Shillong),Meghalaya,25.57,91.88,2.97,22.58,IMD_NetCDF_2025
185,East Khasi Hills (Shillong),Meghalaya,25.57,91.88,11.42,27.2,IMD_NetCDF_2025
186,East Khasi Hills (Shillong),Meghalaya,25.57,91.88,10.74,25.13,IMD_NetCDF_2025
187,East Khasi Hills (Shillong),Meghalaya,25.57,91.88,30.66,52.82,IMD_NetCDF_2025
188,East Khasi Hills (Shillong),Meghalaya,25.57,91.88,24.76,66.16,IMD_NetCDF_2025
189,East Khasi Hills (Shillong),Meghalaya,25.57,91.88,1.82,57.24,IMD_NetCDF_2025
190,East Khasi Hills (Shillong),Meghalaya,25.57,91.88,15.3,41.88,IMD_NetCDF_2025
191,East Khasi Hills (Shillong),Meghalaya,25.57,91.88,3.14,20.25,IMD_NetCDF_2025
192,East Khasi Hills (Shillong),Meghalaya,25.57,91.88,0.29,18.72,IMD_NetCDF_2025
193,East Khasi Hills (Shillong),Meghalaya,25.57,91.88,0.96,4.38,IMD_NetCDF_2025
194,East Khasi Hills (Shillong),Meghalaya,25.57,91.88,0.0,1.24,IMD_NetCDF_2025
195,East Khasi Hills (Shillong),Meghalaya,25.57,91.88,0.0,0.96,IMD_NetCDF_2025
196,East Khasi Hills (Shillong),Meghalaya,25.57,91.88,4.57,4.57,IMD_NetCDF_2025
197,East Khasi Hills (Shillong),Meghalaya,25.57,91.88,15.58,20.16,IMD_NetCDF_2025
198,East Khasi Hills (Shillong),Meghalaya,25.57,91.88,3.44,23.59,IMD_NetCDF_2025
199,East Khasi Hills (Shillong),Meghalaya,25.57,91.88,4.12,23.14,IMD_NetCDF_2025
200,East Khasi Hills (Shillong),Meghalaya,25.57,91.88,9.14,16.69,IMD_NetCDF_2025
201,East Khasi Hills (Shillong),Meghalaya,25.57,91.88,7.96,21.22,IMD_NetCDF_2025
202,East Khasi Hills (Shillong),Meghalaya,25.57,91.88,4.32,21.42,IMD_NetCDF_2025
203,East Khasi Hills (Shillong),Meghalaya,25.57,91.88,14.48,26.76,IMD_NetCDF_2025
204,East Khasi Hills (Shillong),Meghalaya,25.57,91.88,1.38,20.18,IMD_NetCDF_2025
205,East Khasi Hills (Shillong),Meghalaya,25.57,91.88,0.0,15.86,IMD_NetCDF_2025
206,East Khasi Hills (Shillong),Meghalaya,25.57,91.88,13.11,14.5,IMD_NetCDF_2025
207,East Khasi Hills (Shillong),Meghalaya,25.57,91.88,10.65,23.76,IMD_NetCDF_2025
208,East Khasi Hills (Shillong),Meghalaya,25.57,91.88,4.06,27.82,IMD_NetCDF_2025
209,East Khasi Hills (Shillong),Meghalaya,25.57,91.88,17.52,32.23,IMD_NetCDF_2025
210,East Khasi Hills (Shillong),Meghalaya,25.57,91.88,3.52,25.1,IMD_NetCDF_2025
211,East Khasi Hills (Shillong),Meghalaya,25.57,91.88,6.29,27.33,IMD_NetCDF_2025
212,East Khasi Hills (Shillong),Meghalaya,25.57,91.88,3.16,12.97,IMD_NetCDF_2025
213,East Khasi Hills (Shillong),Meghalaya,25.57,91.88,7.35,16.8,IMD_NetCDF_2025
214,East Khasi Hills (Shillong),Meghalaya,25.57,91.88,36.23,46.74,IMD_NetCDF_2025
215,East Khasi Hills (Shillong),Meghalaya,25.57,91.88,20.53,64.12,IMD_NetCDF_2025
216,East Khasi Hills (Shillong),Meghalaya,25.57,91.88,23.98,80.75,IMD_NetCDF_2025
217,East Khasi Hills (Shillong),Meghalaya,25.57,91.88,13.82,58.33,IMD_NetCDF_2025
218,East Khasi Hills (Shillong),Meghalaya,25.57,91.88,1.93,39.73,IMD_NetCDF_2025
219,East Khasi Hills (Shillong),Meghalaya,25.57,91.88,2.12,17.86,IMD_NetCDF_2025
220,East Khasi Hills (Shillong),Meghalaya,25.57,91.88,5.91,9.96,IMD_NetCDF_2025
221,East Khasi Hills (Shillong),Meghalaya,25.57,91.88,0.96,8.99,IMD_NetCDF_2025
222,East Khasi Hills (Shillong),Meghalaya,25.57,91.88,9.74,16.62,IMD_NetCDF_2025
223,East Khasi Hills (Shillong),Meghalaya,25.57,91.88,1.85,12.55,IMD_NetCDF_2025
224,East Khasi Hills (Shillong),Meghalaya,25.57,91.88,0.67,12.27,IMD_NetCDF_2025
225,East Khasi Hills (Shillong),Meghalaya,25.57,91.88,6.24,8.76,IMD_NetCDF_2025
226,East Khasi Hills (Shillong),Meghalaya,25.57,91.88,13.73,20.64,IMD_NetCDF_2025
227,East Khasi Hills (Shillong),Meghalaya,25.57,91.88,9.66,29.63,IMD_NetCDF_2025
228,East Khasi Hills (Shillong),Meghalaya,25.57,91.88,2.63,26.02,IMD_NetCDF_2025
229,East Khasi Hills (Shillong),Meghalaya,25.57,91.88,5.74,18.03,IMD_NetCDF_2025
230,East Khasi Hills (Shillong),Meghalaya,25.57,91.88,5.51,13.88,IMD_NetCDF_2025
231,East Khasi Hills (Shillong),Meghalaya,25.57,91.88,0.58,11.84,IMD_NetCDF_2025
232,East Khasi Hills (Shillong),Meghalaya,25.57,91.88,7.27,13.36,IMD_NetCDF_2025
233,East Khasi Hills (Shillong),Meghalaya,25.57,91.88,6.24,14.09,IMD_NetCDF_2025
234,East Khasi Hills (Shillong),Meghalaya,25.57,91.88,7.36,20.87,IMD_NetCDF_2025
235,East Khasi Hills (Shillong),Meghalaya,25.57,91.88,0.0,13.61,IMD_NetCDF_2025
236,East Khasi Hills (Shillong),Meghalaya,25.57,91.88,3.78,11.14,IMD_NetCDF_2025
237,East Khasi Hills (Shillong),Meghalaya,25.57,91.88,0.0,3.78,IMD_NetCDF_2025
238,East Khasi Hills (Shillong),Meghalaya,25.57,91.88,2.83,6.61,IMD_NetCDF_2025
239,East Khasi Hills (Shillong),Meghalaya,25.57,91.88,6.59,9.42,IMD_NetCDF_2025
240,East Khasi Hills (Shillong),Meghalaya,25.57,91.88,2.18,11.6,IMD_NetCDF_2025
241,East Khasi Hills (Shillong),Meghalaya,25.57,91.88,24.06,32.83,IMD_NetCDF_2025
242,East Khasi Hills (Shillong),Meghalaya,25.57,91.88,0.86,27.1,IMD_NetCDF_2025
243,East Khasi Hills (Shillong),Meghalaya,25.57,91.88,18.76,43.67,IMD_NetCDF_2025
244,East Khasi Hills (Shillong),Meghalaya,25.57,91.88,0.11,19.73,IMD_NetCDF_2025
245,East Khasi Hills (Shillong),Meghalaya,25.57,91.88,0.0,18.87,IMD_NetCDF_2025
246,East Khasi Hills (Shillong),Meghalaya,25.57,91.88,0.22,0.33,IMD_NetCDF_2025
247,East Khasi Hills (Shillong),Meghalaya,25.57,91.88,0.0,0.22,IMD_NetCDF_2025
248,East Khasi Hills (Shillong),Meghalaya,25.57,91.88,1.1,1.33,IMD_NetCDF_2025
249,East Khasi Hills (Shillong),Meghalaya,25.57,91.88,1.31,2.41,IMD_NetCDF_2025
250,East Khasi Hills (Shillong),Meghalaya,25.57,91.88,1.75,4.16,IMD_NetCDF_2025
251,East Khasi Hills (Shillong),Meghalaya,25.57,91.88,31.71,34.77,IMD_NetCDF_2025
252,East Khasi Hills (Shillong),Meghalaya,25.57,91.88,6.62,40.08,IMD_NetCDF_2025
253,East Khasi Hills (Shillong),Meghalaya,25.57,91.88,15.24,53.57,IMD_NetCDF_2025
254,East Khasi Hills (Shillong),Meghalaya,25.57,91.88,0.97,22.83,IMD_NetCDF_2025
255,East Khasi Hills (Shillong),Meghalaya,25.57,91.88,4.03,20.24,IMD_NetCDF_2025
256,East Khasi Hills (Shillong),Meghalaya,25.57,91.88,6.45,11.45,IMD_NetCDF_2025
257,East Khasi Hills (Shillong),Meghalaya,25.57,91.88,6.43,16.91,IMD_NetCDF_2025
258,East Khasi Hills (Shillong),Meghalaya,25.57,91.88,6.23,19.11,IMD_NetCDF_2025
259,East Khasi Hills (Shillong),Meghalaya,25.57,91.88,33.87,46.52,IMD_NetCDF_2025
260,East Khasi Hills (Shillong),Meghalaya,25.57,91.88,6.22,46.32,IMD_NetCDF_2025
261,East Khasi Hills (Shillong),Meghalaya,25.57,91.88,1.67,41.76,IMD_NetCDF_2025
262,East Khasi Hills (Shillong),Meghalaya,25.57,91.88,0.0,7.89,IMD_NetCDF_2025
263,East Khasi Hills (Shillong),Meghalaya,25.57,91.88,35.47,37.14,IMD_NetCDF_2025
264,East Khasi Hills (Shillong),Meghalaya,25.57,91.88,1.46,36.93,IMD_NetCDF_2025
265,East Khasi Hills (Shillong),Meghalaya,25.57,91.88,12.1,49.03,IMD_NetCDF_2025
266,East Khasi Hills (Shillong),Meghalaya,25.57,91.88,3.69,17.24,IMD_NetCDF_2025
267,East Khasi Hills (Shillong),Meghalaya,25.57,91.88,4.73,20.52,IMD_NetCDF_2025
268,East Khasi Hills (Shillong),Meghalaya,25.57,91.88,0.11,8.53,IMD_NetCDF_2025
269,East Khasi Hills (Shillong),Meghalaya,25.57,91.88,0.0,4.84,IMD_NetCDF_2025
270,East Khasi Hills (Shillong),Meghalaya,25.57,91.88,0.0,0.11,IMD_NetCDF_2025
271,East Khasi Hills (Shillong),Meghalaya,25.57,91.88,0.31,0.31,IMD_NetCDF_2025
272,East Khasi Hills (Shillong),Meghalaya,25.57,91.88,6.33,6.64,IMD_NetCDF_2025
273,East Khasi Hills (Shillong),Meghalaya,25.57,91.88,3.33,9.97,IMD_NetCDF_2025
274,East Khasi Hills (Shillong),Meghalaya,25.57,91.88,0.81,10.47,IMD_NetCDF_2025
275,East Khasi Hills (Shillong),Meghalaya,25.57,91.88,17.71,21.85,IMD_NetCDF_2025
276,East Khasi Hills (Shillong),Meghalaya,25.57,91.88,12.52,31.03,IMD_NetCDF_2025
277,East Khasi Hills (Shillong),Meghalaya,25.57,91.88,0.0,30.22,IMD_NetCDF_2025
278,East Khasi Hills (Shillong),Meghalaya,25.57,91.88,28.08,40.59,IMD_NetCDF_2025
279,East Khasi Hills (Shillong),Meghalaya,25.57,91.88,4.84,32.91,IMD_NetCDF_2025
280,East Khasi Hills (Shillong),Meghalaya,25.57,91.88,6.47,39.38,IMD_NetCDF_2025
281,East Khasi Hills (Shillong),Meghalaya,25.57,91.88,0.7,12.0,IMD_NetCDF_2025
282,East Khasi Hills (Shillong),Meghalaya,25.57,91.88,3.53,10.7,IMD_NetCDF_2025
283,East Khasi Hills (Shillong),Meghalaya,25.57,91.88,22.48,26.71,IMD_NetCDF_2025
284,East Khasi Hills (Shillong),Meghalaya,25.57,91.88,20.29,46.3,IMD_NetCDF_2025
285,East Khasi Hills (Shillong),Meghalaya,25.57,91.88,0.98,43.75,IMD_NetCDF_2025
286,East Khasi Hills (Shillong),Meghalaya,25.57,91.88,0.29,21.55,IMD_NetCDF_2025
287,East Khasi Hills (Shillong),Meghalaya,25.57,91.88,1.49,2.76,IMD_NetCDF_2025
288,East Khasi Hills (Shillong),Meghalaya,25.57,91.88,0.0,1.78,IMD_NetCDF_2025
289,East Khasi Hills (Shillong),Meghalaya,25.57,91.88,0.0,1.49,IMD_NetCDF_2025
290,East Khasi Hills (Shillong),Meghalaya,25.57,91.88,0.0,0.0,IMD_NetCDF_2025
291,East Khasi Hills (Shillong),Meghalaya,25.57,91.88,0.0,0.0,IMD_NetCDF_2025
292,East Khasi Hills (Shillong),Meghalaya,25.57,91.88,0.0,0.0,IMD_NetCDF_2025
293,East Khasi Hills (Shillong),Meghalaya,25.57,91.88,0.0,0.0,IMD_NetCDF_2025
294,East Khasi Hills (Shillong),Meghalaya,25.57,91.88,0.0,0.0,IMD_NetCDF_2025
295,East Khasi Hills (Shillong),Meghalaya,25.57,91.88,0.0,0.0,IMD_NetCDF_2025
296,East Khasi Hills (Shillong),Meghalaya,25.57,91.88,0.0,0.0,IMD_NetCDF_2025
297,East Khasi Hills (Shillong),Meghalaya,25.57,91.88,3.04,3.04,IMD_NetCDF_2025
298,East Khasi Hills (Shillong),Meghalaya,25.57,91.88,3.5,6.54,IMD_NetCDF_2025
299,East Khasi Hills (Shillong),Meghalaya,25.57,91.88,0.0,6.54,IMD_NetCDF_2025
300,East Khasi Hills (Shillong),Meghalaya,25.57,91.88,0.0,3.5,IMD_NetCDF_2025
301,East Khasi Hills (Shillong),Meghalaya,25.57,91.88,0.0,0.0,IMD_NetCDF_2025
302,East Khasi Hills (Shillong),Meghalaya,25.57,91.88,0.0,0.0,IMD_NetCDF_2025
303,East Khasi Hills (Shillong),Meghalaya,25.57,91.88,16.84,16.84,IMD_NetCDF_2025
304,East Khasi Hills (Shillong),Meghalaya,25.57,91.88,7.63,24.47,IMD_NetCDF_2025
305,East Khasi Hills (Shillong),Meghalaya,25.57,91.88,1.9,26.37,IMD_NetCDF_2025
306,East Khasi Hills (Shillong),Meghalaya,25.57,91.88,8.27,17.8,IMD_NetCDF_2025
307,East Khasi Hills (Shillong),Meghalaya,25.57,91.88,0.0,10.17,IMD_NetCDF_2025
308,East Khasi Hills (Shillong),Meghalaya,25.57,91.88,0.0,8.27,IMD_NetCDF_2025
309,East Khasi Hills (Shillong),Meghalaya,25.57,91.88,0.0,0.0,IMD_NetCDF_2025
310,East Khasi Hills (Shillong),Meghalaya,25.57,91.88,11.36,11.36,IMD_NetCDF_2025
311,East Khasi Hills (Shillong),Meghalaya,25.57,91.88,3.04,14.4,IMD_NetCDF_2025
312,East Khasi Hills (Shillong),Meghalaya,25.57,91.88,0.0,14.4,IMD_NetCDF_2025
313,East Khasi Hills (Shillong),Meghalaya,25.57,91.88,0.0,3.04,IMD_NetCDF_2025
314,East Khasi Hills (Shillong),Meghalaya,25.57,91.88,0.0,0.0,IMD_NetCDF_2025
315,East Khasi Hills (Shillong),Meghalaya,25.57,91.88,0.0,0.0,IMD_NetCDF_2025
316,East Khasi Hills (Shillong),Meghalaya,25.57,91.88,0.0,0.0,IMD_NetCDF_2025
317,East Khasi Hills (Shillong),Meghalaya,25.57,91.88,0.0,0.0,IMD_NetCDF_2025
318,East Khasi Hills (Shillong),Meghalaya,25.57,91.88,0.0,0.0,IMD_NetCDF_2025
319,East Khasi Hills (Shillong),Meghalaya,25.57,91.88,0.0,0.0,IMD_NetCDF_2025
320,East Khasi Hills (Shillong),Meghalaya,25.57,91.88,0.0,0.0,IMD_NetCDF_2025
321,East Khasi Hills (Shillong),Meghalaya,25.57,91.88,0.0,0.0,IMD_NetCDF_2025
322,East Khasi Hills (Shillong),Meghalaya,25.57,91.88,0.0,0.0,IMD_NetCDF_2025
323,East Khasi Hills (Shillong),Meghalaya,25.57,91.88,0.0,0.0,IMD_NetCDF_2025
324,East Khasi Hills (Shillong),Meghalaya,25.57,91.88,0.0,0.0,IMD_NetCDF_2025
325,East Khasi Hills (Shillong),Meghalaya,25.57,91.88,0.0,0.0,IMD_NetCDF_2025
326,East Khasi Hills (Shillong),Meghalaya,25.57,91.88,0.0,0.0,IMD_NetCDF_2025
327,East Khasi Hills (Shillong),Meghalaya,25.57,91.88,0.0,0.0,IMD_NetCDF_2025
328,East Khasi Hills (Shillong),Meghalaya,25.57,91.88,0.0,0.0,IMD_NetCDF_2025
329,East Khasi Hills (Shillong),Meghalaya,25.57,91.88,0.0,0.0,IMD_NetCDF_2025
330,East Khasi Hills (Shillong),Meghalaya,25.57,91.88,0.0,0.0,IMD_NetCDF_2025
331,East Khasi Hills (Shillong),Meghalaya,25.57,91.88,0.0,0.0,IMD_NetCDF_2025
332,East Khasi Hills (Shillong),Meghalaya,25.57,91.88,0.0,0.0,IMD_NetCDF_2025
333,East Khasi Hills (Shillong),Meghalaya,25.57,91.88,0.0,0.0,IMD_NetCDF_2025
334,East Khasi Hills (Shillong),Meghalaya,25.57,91.88,0.0,0.0,IMD_NetCDF_2025
335,East Khasi Hills (Shillong),Meghalaya,25.57,91.88,0.0,0.0,IMD_NetCDF_2025
336,East Khasi Hills (Shillong),Meghalaya,25.57,91.88,0.0,0.0,IMD_NetCDF_2025
337,East Khasi Hills (Shillong),Meghalaya,25.57,91.88,0.0,0.0,IMD_NetCDF_2025
338,East Khasi Hills (Shillong),Meghalaya,25.57,91.88,0.0,0.0,IMD_NetCDF_2025
339,East Khasi Hills (Shillong),Meghalaya,25.57,91.88,0.0,0.0,IMD_NetCDF_2025
340,East Khasi Hills (Shillong),Meghalaya,25.57,91.88,0.0,0.0,IMD_NetCDF_2025
341,East Khasi Hills (Shillong),Meghalaya,25.57,91.88,0.0,0.0,IMD_NetCDF_2025
342,East Khasi Hills (Shillong),Meghalaya,25.57,91.88,0.0,0.0,IMD_NetCDF_2025
343,East Khasi Hills (Shillong),Meghalaya,25.57,91.88,0.0,0.0,IMD_NetCDF_2025
344,East Khasi Hills (Shillong),Meghalaya,25.57,91.88,0.0,0.0,IMD_NetCDF_2025
345,East Khasi Hills (Shillong),Meghalaya,25.57,91.88,0.0,0.0,IMD_NetCDF_2025
346,East Khasi Hills (Shillong),Meghalaya,25.57,91.88,0.0,0.0,IMD_NetCDF_2025
347,East Khasi Hills (Shillong),Meghalaya,25.57,91.88,0.0,0.0,IMD_NetCDF_2025
348,East Khasi Hills (Shillong),Meghalaya,25.57,91.88,0.0,0.0,IMD_NetCDF_2025
349,East Khasi Hills (Shillong),Meghalaya,25.57,91.88,0.0,0.0,IMD_NetCDF_2025
350,East Khasi Hills (Shillong),Meghalaya,25.57,91.88,0.0,0.0,IMD_NetCDF_2025
351,East Khasi Hills (Shillong),Meghalaya,25.57,91.88,0.0,0.0,IMD_NetCDF_2025
352,East Khasi Hills (Shillong),Meghalaya,25.57,91.88,0.0,0.0,IMD_NetCDF_2025
353,East Khasi Hills (Shillong),Meghalaya,25.57,91.88,0.0,0.0,IMD_NetCDF_2025
354,East Khasi Hills (Shillong),Meghalaya,25.57,91.88,0.0,0.0,IMD_NetCDF_2025
355,East Khasi Hills (Shillong),Meghalaya,25.57,91.88,0.0,0.0,IMD_NetCDF_2025
356,East Khasi Hills (Shillong),Meghalaya,25.57,91.88,0.0,0.0,IMD_NetCDF_2025
357,East Khasi Hills (Shillong),Meghalaya,25.57,91.88,0.0,0.0,IMD_NetCDF_2025
358,East Khasi Hills (Shillong),Meghalaya,25.57,91.88,0.0,0.0,IMD_NetCDF_2025
359,East Khasi Hills (Shillong),Meghalaya,25.57,91.88,0.0,0.0,IMD_NetCDF_2025
360,East Khasi Hills (Shillong),Meghalaya,25.57,91.88,0.0,0.0,IMD_NetCDF_2025
361,East Khasi Hills (Shillong),Meghalaya,25.57,91.88,0.0,0.0,IMD_NetCDF_2025
362,East Khasi Hills (Shillong),Meghalaya,25.57,91.88,0.0,0.0,IMD_NetCDF_2025
363,East Khasi Hills (Shillong),Meghalaya,25.57,91.88,0.0,0.0,IMD_NetCDF_2025
364,East Khasi Hills (Shillong),Meghalaya,25.57,91.88,0.0,0.0,IMD_NetCDF_2025
365,East Khasi Hills (Shillong),Meghalaya,25.57,91.88,0.0,0.0,IMD_NetCDF_2025
1,Cherrapunji (Sohra),Meghalaya,25.27,91.73,0.0,0.0,IMD_NetCDF_2025
2,Cherrapunji (Sohra),Meghalaya,25.27,91.73,0.0,0.0,IMD_NetCDF_2025
3,Cherrapunji (Sohra),Meghalaya,25.27,91.73,0.0,0.0,IMD_NetCDF_2025
4,Cherrapunji (Sohra),Meghalaya,25.27,91.73,0.0,0.0,IMD_NetCDF_2025
5,Cherrapunji (Sohra),Meghalaya,25.27,91.73,0.0,0.0,IMD_NetCDF_2025
6,Cherrapunji (Sohra),Meghalaya,25.27,91.73,0.0,0.0,IMD_NetCDF_2025
7,Cherrapunji (Sohra),Meghalaya,25.27,91.73,0.0,0.0,IMD_NetCDF_2025
8,Cherrapunji (Sohra),Meghalaya,25.27,91.73,0.0,0.0,IMD_NetCDF_2025
9,Cherrapunji (Sohra),Meghalaya,25.27,91.73,0.0,0.0,IMD_NetCDF_2025
10,Cherrapunji (Sohra),Meghalaya,25.27,91.73,0.0,0.0,IMD_NetCDF_2025
11,Cherrapunji (Sohra),Meghalaya,25.27,91.73,0.0,0.0,IMD_NetCDF_2025
12,Cherrapunji (Sohra),Meghalaya,25.27,91.73,0.0,0.0,IMD_NetCDF_2025
13,Cherrapunji (Sohra),Meghalaya,25.27,91.73,0.0,0.0,IMD_NetCDF_2025
14,Cherrapunji (Sohra),Meghalaya,25.27,91.73,0.0,0.0,IMD_NetCDF_2025
15,Cherrapunji (Sohra),Meghalaya,25.27,91.73,0.0,0.0,IMD_NetCDF_2025
16,Cherrapunji (Sohra),Meghalaya,25.27,91.73,0.0,0.0,IMD_NetCDF_2025
17,Cherrapunji (Sohra),Meghalaya,25.27,91.73,0.0,0.0,IMD_NetCDF_2025
18,Cherrapunji (Sohra),Meghalaya,25.27,91.73,0.0,0.0,IMD_NetCDF_2025
19,Cherrapunji (Sohra),Meghalaya,25.27,91.73,0.0,0.0,IMD_NetCDF_2025
20,Cherrapunji (Sohra),Meghalaya,25.27,91.73,0.0,0.0,IMD_NetCDF_2025
21,Cherrapunji (Sohra),Meghalaya,25.27,91.73,0.0,0.0,IMD_NetCDF_2025
22,Cherrapunji (Sohra),Meghalaya,25.27,91.73,0.0,0.0,IMD_NetCDF_2025
23,Cherrapunji (Sohra),Meghalaya,25.27,91.73,0.0,0.0,IMD_NetCDF_2025
24,Cherrapunji (Sohra),Meghalaya,25.27,91.73,0.0,0.0,IMD_NetCDF_2025
25,Cherrapunji (Sohra),Meghalaya,25.27,91.73,0.0,0.0,IMD_NetCDF_2025
26,Cherrapunji (Sohra),Meghalaya,25.27,91.73,0.0,0.0,IMD_NetCDF_2025
27,Cherrapunji (Sohra),Meghalaya,25.27,91.73,0.0,0.0,IMD_NetCDF_2025
28,Cherrapunji (Sohra),Meghalaya,25.27,91.73,0.0,0.0,IMD_NetCDF_2025
29,Cherrapunji (Sohra),Meghalaya,25.27,91.73,0.0,0.0,IMD_NetCDF_2025
30,Cherrapunji (Sohra),Meghalaya,25.27,91.73,0.0,0.0,IMD_NetCDF_2025
31,Cherrapunji (Sohra),Meghalaya,25.27,91.73,0.0,0.0,IMD_NetCDF_2025
32,Cherrapunji (Sohra),Meghalaya,25.27,91.73,0.0,0.0,IMD_NetCDF_2025
33,Cherrapunji (Sohra),Meghalaya,25.27,91.73,0.0,0.0,IMD_NetCDF_2025
34,Cherrapunji (Sohra),Meghalaya,25.27,91.73,0.0,0.0,IMD_NetCDF_2025
35,Cherrapunji (Sohra),Meghalaya,25.27,91.73,0.0,0.0,IMD_NetCDF_2025
36,Cherrapunji (Sohra),Meghalaya,25.27,91.73,0.0,0.0,IMD_NetCDF_2025
37,Cherrapunji (Sohra),Meghalaya,25.27,91.73,0.0,0.0,IMD_NetCDF_2025
38,Cherrapunji (Sohra),Meghalaya,25.27,91.73,0.0,0.0,IMD_NetCDF_2025
39,Cherrapunji (Sohra),Meghalaya,25.27,91.73,0.0,0.0,IMD_NetCDF_2025
40,Cherrapunji (Sohra),Meghalaya,25.27,91.73,0.0,0.0,IMD_NetCDF_2025
41,Cherrapunji (Sohra),Meghalaya,25.27,91.73,0.0,0.0,IMD_NetCDF_2025
42,Cherrapunji (Sohra),Meghalaya,25.27,91.73,0.0,0.0,IMD_NetCDF_2025
43,Cherrapunji (Sohra),Meghalaya,25.27,91.73,0.0,0.0,IMD_NetCDF_2025
44,Cherrapunji (Sohra),Meghalaya,25.27,91.73,0.13,0.13,IMD_NetCDF_2025
45,Cherrapunji (Sohra),Meghalaya,25.27,91.73,0.0,0.13,IMD_NetCDF_2025
46,Cherrapunji (Sohra),Meghalaya,25.27,91.73,0.0,0.13,IMD_NetCDF_2025
47,Cherrapunji (Sohra),Meghalaya,25.27,91.73,0.0,0.0,IMD_NetCDF_2025
48,Cherrapunji (Sohra),Meghalaya,25.27,91.73,0.0,0.0,IMD_NetCDF_2025
49,Cherrapunji (Sohra),Meghalaya,25.27,91.73,0.0,0.0,IMD_NetCDF_2025
50,Cherrapunji (Sohra),Meghalaya,25.27,91.73,0.0,0.0,IMD_NetCDF_2025
51,Cherrapunji (Sohra),Meghalaya,25.27,91.73,0.0,0.0,IMD_NetCDF_2025
52,Cherrapunji (Sohra),Meghalaya,25.27,91.73,0.0,0.0,IMD_NetCDF_2025
53,Cherrapunji (Sohra),Meghalaya,25.27,91.73,0.0,0.0,IMD_NetCDF_2025
54,Cherrapunji (Sohra),Meghalaya,25.27,91.73,0.13,0.13,IMD_NetCDF_2025
55,Cherrapunji (Sohra),Meghalaya,25.27,91.73,1.22,1.34,IMD_NetCDF_2025
56,Cherrapunji (Sohra),Meghalaya,25.27,91.73,0.0,1.34,IMD_NetCDF_2025
57,Cherrapunji (Sohra),Meghalaya,25.27,91.73,0.0,1.22,IMD_NetCDF_2025
58,Cherrapunji (Sohra),Meghalaya,25.27,91.73,0.0,0.0,IMD_NetCDF_2025
59,Cherrapunji (Sohra),Meghalaya,25.27,91.73,0.0,0.0,IMD_NetCDF_2025
60,Cherrapunji (Sohra),Meghalaya,25.27,91.73,0.0,0.0,IMD_NetCDF_2025
61,Cherrapunji (Sohra),Meghalaya,25.27,91.73,0.0,0.0,IMD_NetCDF_2025
62,Cherrapunji (Sohra),Meghalaya,25.27,91.73,0.0,0.0,IMD_NetCDF_2025
63,Cherrapunji (Sohra),Meghalaya,25.27,91.73,0.0,0.0,IMD_NetCDF_2025
64,Cherrapunji (Sohra),Meghalaya,25.27,91.73,0.0,0.0,IMD_NetCDF_2025
65,Cherrapunji (Sohra),Meghalaya,25.27,91.73,0.0,0.0,IMD_NetCDF_2025
66,Cherrapunji (Sohra),Meghalaya,25.27,91.73,0.0,0.0,IMD_NetCDF_2025
67,Cherrapunji (Sohra),Meghalaya,25.27,91.73,0.0,0.0,IMD_NetCDF_2025
68,Cherrapunji (Sohra),Meghalaya,25.27,91.73,0.0,0.0,IMD_NetCDF_2025
69,Cherrapunji (Sohra),Meghalaya,25.27,91.73,0.0,0.0,IMD_NetCDF_2025
70,Cherrapunji (Sohra),Meghalaya,25.27,91.73,0.0,0.0,IMD_NetCDF_2025
71,Cherrapunji (Sohra),Meghalaya,25.27,91.73,0.0,0.0,IMD_NetCDF_2025
72,Cherrapunji (Sohra),Meghalaya,25.27,91.73,0.34,0.34,IMD_NetCDF_2025
73,Cherrapunji (Sohra),Meghalaya,25.27,91.73,4.03,4.37,IMD_NetCDF_2025
74,Cherrapunji (Sohra),Meghalaya,25.27,91.73,1.0,5.37,IMD_NetCDF_2025
75,Cherrapunji (Sohra),Meghalaya,25.27,91.73,15.38,20.4,IMD_NetCDF_2025
76,Cherrapunji (Sohra),Meghalaya,25.27,91.73,0.0,16.38,IMD_NetCDF_2025
77,Cherrapunji (Sohra),Meghalaya,25.27,91.73,0.34,15.71,IMD_NetCDF_2025
78,Cherrapunji (Sohra),Meghalaya,25.27,91.73,0.0,0.34,IMD_NetCDF_2025
79,Cherrapunji (Sohra),Meghalaya,25.27,91.73,0.0,0.34,IMD_NetCDF_2025
80,Cherrapunji (Sohra),Meghalaya,25.27,91.73,0.0,0.0,IMD_NetCDF_2025
81,Cherrapunji (Sohra),Meghalaya,25.27,91.73,0.13,0.13,IMD_NetCDF_2025
82,Cherrapunji (Sohra),Meghalaya,25.27,91.73,0.0,0.13,IMD_NetCDF_2025
83,Cherrapunji (Sohra),Meghalaya,25.27,91.73,1.56,1.68,IMD_NetCDF_2025
84,Cherrapunji (Sohra),Meghalaya,25.27,91.73,0.0,1.56,IMD_NetCDF_2025
85,Cherrapunji (Sohra),Meghalaya,25.27,91.73,0.0,1.56,IMD_NetCDF_2025
86,Cherrapunji (Sohra),Meghalaya,25.27,91.73,0.0,0.0,IMD_NetCDF_2025
87,Cherrapunji (Sohra),Meghalaya,25.27,91.73,0.0,0.0,IMD_NetCDF_2025
88,Cherrapunji (Sohra),Meghalaya,25.27,91.73,0.0,0.0,IMD_NetCDF_2025
89,Cherrapunji (Sohra),Meghalaya,25.27,91.73,0.0,0.0,IMD_NetCDF_2025
90,Cherrapunji (Sohra),Meghalaya,25.27,91.73,0.0,0.0,IMD_NetCDF_2025
91,Cherrapunji (Sohra),Meghalaya,25.27,91.73,22.06,22.06,IMD_NetCDF_2025
92,Cherrapunji (Sohra),Meghalaya,25.27,91.73,6.04,28.1,IMD_NetCDF_2025
93,Cherrapunji (Sohra),Meghalaya,25.27,91.73,0.13,28.23,IMD_NetCDF_2025
94,Cherrapunji (Sohra),Meghalaya,25.27,91.73,0.0,6.17,IMD_NetCDF_2025
95,Cherrapunji (Sohra),Meghalaya,25.27,91.73,0.0,0.13,IMD_NetCDF_2025
96,Cherrapunji (Sohra),Meghalaya,25.27,91.73,0.0,0.0,IMD_NetCDF_2025
97,Cherrapunji (Sohra),Meghalaya,25.27,91.73,69.64,69.64,IMD_NetCDF_2025
98,Cherrapunji (Sohra),Meghalaya,25.27,91.73,0.0,69.64,IMD_NetCDF_2025
99,Cherrapunji (Sohra),Meghalaya,25.27,91.73,1.61,71.26,IMD_NetCDF_2025
100,Cherrapunji (Sohra),Meghalaya,25.27,91.73,2.74,4.35,IMD_NetCDF_2025
101,Cherrapunji (Sohra),Meghalaya,25.27,91.73,14.23,18.58,IMD_NetCDF_2025
102,Cherrapunji (Sohra),Meghalaya,25.27,91.73,7.88,24.85,IMD_NetCDF_2025
103,Cherrapunji (Sohra),Meghalaya,25.27,91.73,0.0,22.11,IMD_NetCDF_2025
104,Cherrapunji (Sohra),Meghalaya,25.27,91.73,1.64,9.52,IMD_NetCDF_2025
105,Cherrapunji (Sohra),Meghalaya,25.27,91.73,0.44,2.08,IMD_NetCDF_2025
106,Cherrapunji (Sohra),Meghalaya,25.27,91.73,0.18,2.25,IMD_NetCDF_2025
107,Cherrapunji (Sohra),Meghalaya,25.27,91.73,8.45,9.06,IMD_NetCDF_2025
108,Cherrapunji (Sohra),Meghalaya,25.27,91.73,5.81,14.43,IMD_NetCDF_2025
109,Cherrapunji (Sohra),Meghalaya,25.27,91.73,1.65,15.91,IMD_NetCDF_2025
110,Cherrapunji (Sohra),Meghalaya,25.27,91.73,11.83,19.29,IMD_NetCDF_2025
111,Cherrapunji (Sohra),Meghalaya,25.27,91.73,1.56,15.05,IMD_NetCDF_2025
112,Cherrapunji (Sohra),Meghalaya,25.27,91.73,0.34,13.73,IMD_NetCDF_2025
113,Cherrapunji (Sohra),Meghalaya,25.27,91.73,27.72,29.62,IMD_NetCDF_2025
114,Cherrapunji (Sohra),Meghalaya,25.27,91.73,15.11,43.17,IMD_NetCDF_2025
115,Cherrapunji (Sohra),Meghalaya,25.27,91.73,31.25,74.08,IMD_NetCDF_2025
116,Cherrapunji (Sohra),Meghalaya,25.27,91.73,12.73,59.09,IMD_NetCDF_2025
117,Cherrapunji (Sohra),Meghalaya,25.27,91.73,2.16,46.14,IMD_NetCDF_2025
118,Cherrapunji (Sohra),Meghalaya,25.27,91.73,9.17,24.07,IMD_NetCDF_2025
119,Cherrapunji (Sohra),Meghalaya,25.27,91.73,8.56,19.9,IMD_NetCDF_2025
120,Cherrapunji (Sohra),Meghalaya,25.27,91.73,0.0,17.74,IMD_NetCDF_2025
121,Cherrapunji (Sohra),Meghalaya,25.27,91.73,2.95,11.51,IMD_NetCDF_2025
122,Cherrapunji (Sohra),Meghalaya,25.27,91.73,4.91,7.86,IMD_NetCDF_2025
123,Cherrapunji (Sohra),Meghalaya,25.27,91.73,2.77,10.63,IMD_NetCDF_2025
124,Cherrapunji (Sohra),Meghalaya,25.27,91.73,1.88,9.56,IMD_NetCDF_2025
125,Cherrapunji (Sohra),Meghalaya,25.27,91.73,0.34,4.99,IMD_NetCDF_2025
126,Cherrapunji (Sohra),Meghalaya,25.27,91.73,7.35,9.58,IMD_NetCDF_2025
127,Cherrapunji (Sohra),Meghalaya,25.27,91.73,5.64,13.34,IMD_NetCDF_2025
128,Cherrapunji (Sohra),Meghalaya,25.27,91.73,3.56,16.56,IMD_NetCDF_2025
129,Cherrapunji (Sohra),Meghalaya,25.27,91.73,6.12,15.32,IMD_NetCDF_2025
130,Cherrapunji (Sohra),Meghalaya,25.27,91.73,28.75,38.42,IMD_NetCDF_2025
131,Cherrapunji (Sohra),Meghalaya,25.27,91.73,14.43,49.29,IMD_NetCDF_2025
132,Cherrapunji (Sohra),Meghalaya,25.27,91.73,30.38,73.56,IMD_NetCDF_2025
133,Cherrapunji (Sohra),Meghalaya,25.27,91.73,6.57,51.38,IMD_NetCDF_2025
134,Cherrapunji (Sohra),Meghalaya,25.27,91.73,43.52,80.48,IMD_NetCDF_2025
135,Cherrapunji (Sohra),Meghalaya,25.27,91.73,14.61,64.71,IMD_NetCDF_2025
136,Cherrapunji (Sohra),Meghalaya,25.27,91.73,3.91,62.05,IMD_NetCDF_2025
137,Cherrapunji (Sohra),Meghalaya,25.27,91.73,7.2,25.73,IMD_NetCDF_2025
138,Cherrapunji (Sohra),Meghalaya,25.27,91.73,10.88,22.0,IMD_NetCDF_2025
139,Cherrapunji (Sohra),Meghalaya,25.27,91.73,22.03,40.12,IMD_NetCDF_2025
140,Cherrapunji (Sohra),Meghalaya,25.27,91.73,118.06,150.98,IMD_NetCDF_2025
141,Cherrapunji (Sohra),Meghalaya,25.27,91.73,49.77,189.86,IMD_NetCDF_2025
142,Cherrapunji (Sohra),Meghalaya,25.27,91.73,10.93,178.76,IMD_NetCDF_2025
143,Cherrapunji (Sohra),Meghalaya,25.27,91.73,0.11,60.8,IMD_NetCDF_2025
144,Cherrapunji (Sohra),Meghalaya,25.27,91.73,2.62,13.66,IMD_NetCDF_2025
145,Cherrapunji (Sohra),Meghalaya,25.27,91.73,0.18,2.91,IMD_NetCDF_2025
146,Cherrapunji (Sohra),Meghalaya,25.27,91.73,35.18,37.98,IMD_NetCDF_2025
147,Cherrapunji (Sohra),Meghalaya,25.27,91.73,22.09,57.44,IMD_NetCDF_2025
148,Cherrapunji (Sohra),Meghalaya,25.27,91.73,0.0,57.26,IMD_NetCDF_2025
149,Cherrapunji (Sohra),Meghalaya,25.27,91.73,11.53,33.61,IMD_NetCDF_2025
150,Cherrapunji (Sohra),Meghalaya,25.27,91.73,142.35,153.88,IMD_NetCDF_2025
151,Cherrapunji (Sohra),Meghalaya,25.27,91.73,154.3,308.18,IMD_NetCDF_2025
152,Cherrapunji (Sohra),Meghalaya,25.27,91.73,52.73,349.38,IMD_NetCDF_2025
153,Cherrapunji (Sohra),Meghalaya,25.27,91.73,36.04,243.07,IMD_NetCDF_2025
154,Cherrapunji (Sohra),Meghalaya,25.27,91.73,32.54,121.31,IMD_NetCDF_2025
155,Cherrapunji (Sohra),Meghalaya,25.27,91.73,13.64,82.23,IMD_NetCDF_2025
156,Cherrapunji (Sohra),Meghalaya,25.27,91.73,43.81,90.0,IMD_NetCDF_2025
157,Cherrapunji (Sohra),Meghalaya,25.27,91.73,1.52,58.98,IMD_NetCDF_2025
158,Cherrapunji (Sohra),Meghalaya,25.27,91.73,0.88,46.21,IMD_NetCDF_2025
159,Cherrapunji (Sohra),Meghalaya,25.27,91.73,0.0,2.4,IMD_NetCDF_2025
160,Cherrapunji (Sohra),Meghalaya,25.27,91.73,0.0,0.88,IMD_NetCDF_2025
161,Cherrapunji (Sohra),Meghalaya,25.27,91.73,0.0,0.0,IMD_NetCDF_2025
162,Cherrapunji (Sohra),Meghalaya,25.27,91.73,1.38,1.38,IMD_NetCDF_2025
163,Cherrapunji (Sohra),Meghalaya,25.27,91.73,0.0,1.38,IMD_NetCDF_2025
164,Cherrapunji (Sohra),Meghalaya,25.27,91.73,0.0,1.38,IMD_NetCDF_2025
165,Cherrapunji (Sohra),Meghalaya,25.27,91.73,0.21,0.21,IMD_NetCDF_2025
166,Cherrapunji (Sohra),Meghalaya,25.27,91.73,6.09,6.3,IMD_NetCDF_2025
167,Cherrapunji (Sohra),Meghalaya,25.27,91.73,17.69,23.99,IMD_NetCDF_2025
168,Cherrapunji (Sohra),Meghalaya,25.27,91.73,12.91,36.69,IMD_NetCDF_2025
169,Cherrapunji (Sohra),Meghalaya,25.27,91.73,36.11,66.71,IMD_NetCDF_2025
170,Cherrapunji (Sohra),Meghalaya,25.27,91.73,48.96,97.98,IMD_NetCDF_2025
171,Cherrapunji (Sohra),Meghalaya,25.27,91.73,25.22,110.29,IMD_NetCDF_2025
172,Cherrapunji (Sohra),Meghalaya,25.27,91.73,17.6,91.78,IMD_NetCDF_2025
173,Cherrapunji (Sohra),Meghalaya,25.27,91.73,12.07,54.89,IMD_NetCDF_2025
174,Cherrapunji (Sohra),Meghalaya,25.27,91.73,8.69,38.37,IMD_NetCDF_2025
175,Cherrapunji (Sohra),Meghalaya,25.27,91.73,11.09,31.86,IMD_NetCDF_2025
176,Cherrapunji (Sohra),Meghalaya,25.27,91.73,11.16,30.94,IMD_NetCDF_2025
177,Cherrapunji (Sohra),Meghalaya,25.27,91.73,18.54,40.79,IMD_NetCDF_2025
178,Cherrapunji (Sohra),Meghalaya,25.27,91.73,1.4,31.09,IMD_NetCDF_2025
179,Cherrapunji (Sohra),Meghalaya,25.27,91.73,5.37,25.31,IMD_NetCDF_2025
180,Cherrapunji (Sohra),Meghalaya,25.27,91.73,4.96,11.73,IMD_NetCDF_2025
181,Cherrapunji (Sohra),Meghalaya,25.27,91.73,55.25,65.58,IMD_NetCDF_2025
182,Cherrapunji (Sohra),Meghalaya,25.27,91.73,17.07,77.27,IMD_NetCDF_2025
183,Cherrapunji (Sohra),Meghalaya,25.27,91.73,17.66,89.97,IMD_NetCDF_2025
184,Cherrapunji (Sohra),Meghalaya,25.27,91.73,1.58,36.31,IMD_NetCDF_2025
185,Cherrapunji (Sohra),Meghalaya,25.27,91.73,19.66,38.9,IMD_NetCDF_2025
186,Cherrapunji (Sohra),Meghalaya,25.27,91.73,15.38,36.62,IMD_NetCDF_2025
187,Cherrapunji (Sohra),Meghalaya,25.27,91.73,13.32,48.36,IMD_NetCDF_2025
188,Cherrapunji (Sohra),Meghalaya,25.27,91.73,35.63,64.33,IMD_NetCDF_2025
189,Cherrapunji (Sohra),Meghalaya,25.27,91.73,5.49,54.44,IMD_NetCDF_2025
190,Cherrapunji (Sohra),Meghalaya,25.27,91.73,24.53,65.65,IMD_NetCDF_2025
191,Cherrapunji (Sohra),Meghalaya,25.27,91.73,10.65,40.67,IMD_NetCDF_2025
192,Cherrapunji (Sohra),Meghalaya,25.27,91.73,1.37,36.54,IMD_NetCDF_2025
193,Cherrapunji (Sohra),Meghalaya,25.27,91.73,0.43,12.44,IMD_NetCDF_2025
194,Cherrapunji (Sohra),Meghalaya,25.27,91.73,0.26,2.06,IMD_NetCDF_2025
195,Cherrapunji (Sohra),Meghalaya,25.27,91.73,0.0,0.69,IMD_NetCDF_2025
196,Cherrapunji (Sohra),Meghalaya,25.27,91.73,8.35,8.62,IMD_NetCDF_2025
197,Cherrapunji (Sohra),Meghalaya,25.27,91.73,6.59,14.94,IMD_NetCDF_2025
198,Cherrapunji (Sohra),Meghalaya,25.27,91.73,6.06,21.0,IMD_NetCDF_2025
199,Cherrapunji (Sohra),Meghalaya,25.27,91.73,0.62,13.27,IMD_NetCDF_2025
200,Cherrapunji (Sohra),Meghalaya,25.27,91.73,11.89,18.57,IMD_NetCDF_2025
201,Cherrapunji (Sohra),Meghalaya,25.27,91.73,8.62,21.14,IMD_NetCDF_2025
202,Cherrapunji (Sohra),Meghalaya,25.27,91.73,5.73,26.25,IMD_NetCDF_2025
203,Cherrapunji (Sohra),Meghalaya,25.27,91.73,8.81,23.17,IMD_NetCDF_2025
204,Cherrapunji (Sohra),Meghalaya,25.27,91.73,0.44,14.98,IMD_NetCDF_2025
205,Cherrapunji (Sohra),Meghalaya,25.27,91.73,0.11,9.37,IMD_NetCDF_2025
206,Cherrapunji (Sohra),Meghalaya,25.27,91.73,14.59,15.14,IMD_NetCDF_2025
207,Cherrapunji (Sohra),Meghalaya,25.27,91.73,6.86,21.56,IMD_NetCDF_2025
208,Cherrapunji (Sohra),Meghalaya,25.27,91.73,48.74,70.19,IMD_NetCDF_2025
209,Cherrapunji (Sohra),Meghalaya,25.27,91.73,31.08,86.69,IMD_NetCDF_2025
210,Cherrapunji (Sohra),Meghalaya,25.27,91.73,2.08,81.9,IMD_NetCDF_2025
211,Cherrapunji (Sohra),Meghalaya,25.27,91.73,15.3,48.46,IMD_NetCDF_2025
212,Cherrapunji (Sohra),Meghalaya,25.27,91.73,18.49,35.87,IMD_NetCDF_2025
213,Cherrapunji (Sohra),Meghalaya,25.27,91.73,17.85,51.65,IMD_NetCDF_2025
214,Cherrapunji (Sohra),Meghalaya,25.27,91.73,56.4,92.75,IMD_NetCDF_2025
215,Cherrapunji (Sohra),Meghalaya,25.27,91.73,41.21,115.47,IMD_NetCDF_2025
216,Cherrapunji (Sohra),Meghalaya,25.27,91.73,55.63,153.24,IMD_NetCDF_2025
217,Cherrapunji (Sohra),Meghalaya,25.27,91.73,37.06,133.9,IMD_NetCDF_2025
218,Cherrapunji (Sohra),Meghalaya,25.27,91.73,4.41,97.09,IMD_NetCDF_2025
219,Cherrapunji (Sohra),Meghalaya,25.27,91.73,6.84,48.31,IMD_NetCDF_2025
220,Cherrapunji (Sohra),Meghalaya,25.27,91.73,30.59,41.84,IMD_NetCDF_2025
221,Cherrapunji (Sohra),Meghalaya,25.27,91.73,36.39,73.82,IMD_NetCDF_2025
222,Cherrapunji (Sohra),Meghalaya,25.27,91.73,41.0,107.98,IMD_NetCDF_2025
223,Cherrapunji (Sohra),Meghalaya,25.27,91.73,18.95,96.34,IMD_NetCDF_2025
224,Cherrapunji (Sohra),Meghalaya,25.27,91.73,2.89,62.83,IMD_NetCDF_2025
225,Cherrapunji (Sohra),Meghalaya,25.27,91.73,5.72,27.55,IMD_NetCDF_2025
226,Cherrapunji (Sohra),Meghalaya,25.27,91.73,11.22,19.82,IMD_NetCDF_2025
227,Cherrapunji (Sohra),Meghalaya,25.27,91.73,6.86,23.79,IMD_NetCDF_2025
228,Cherrapunji (Sohra),Meghalaya,25.27,91.73,3.27,21.35,IMD_NetCDF_2025
229,Cherrapunji (Sohra),Meghalaya,25.27,91.73,9.35,19.48,IMD_NetCDF_2025
230,Cherrapunji (Sohra),Meghalaya,25.27,91.73,8.42,21.03,IMD_NetCDF_2025
231,Cherrapunji (Sohra),Meghalaya,25.27,91.73,17.53,35.3,IMD_NetCDF_2025
232,Cherrapunji (Sohra),Meghalaya,25.27,91.73,15.44,41.39,IMD_NetCDF_2025
233,Cherrapunji (Sohra),Meghalaya,25.27,91.73,12.12,45.09,IMD_NetCDF_2025
234,Cherrapunji (Sohra),Meghalaya,25.27,91.73,27.06,54.62,IMD_NetCDF_2025
235,Cherrapunji (Sohra),Meghalaya,25.27,91.73,20.2,59.38,IMD_NetCDF_2025
236,Cherrapunji (Sohra),Meghalaya,25.27,91.73,6.12,53.37,IMD_NetCDF_2025
237,Cherrapunji (Sohra),Meghalaya,25.27,91.73,6.63,32.94,IMD_NetCDF_2025
238,Cherrapunji (Sohra),Meghalaya,25.27,91.73,0.89,13.64,IMD_NetCDF_2025
239,Cherrapunji (Sohra),Meghalaya,25.27,91.73,5.38,12.9,IMD_NetCDF_2025
240,Cherrapunji (Sohra),Meghalaya,25.27,91.73,10.09,16.36,IMD_NetCDF_2025
241,Cherrapunji (Sohra),Meghalaya,25.27,91.73,41.39,56.85,IMD_NetCDF_2025
242,Cherrapunji (Sohra),Meghalaya,25.27,91.73,11.06,62.53,IMD_NetCDF_2025
243,Cherrapunji (Sohra),Meghalaya,25.27,91.73,6.83,59.27,IMD_NetCDF_2025
244,Cherrapunji (Sohra),Meghalaya,25.27,91.73,0.23,18.12,IMD_NetCDF_2025
245,Cherrapunji (Sohra),Meghalaya,25.27,91.73,0.95,8.01,IMD_NetCDF_2025
246,Cherrapunji (Sohra),Meghalaya,25.27,91.73,0.55,1.73,IMD_NetCDF_2025
247,Cherrapunji (Sohra),Meghalaya,25.27,91.73,4.59,6.09,IMD_NetCDF_2025
248,Cherrapunji (Sohra),Meghalaya,25.27,91.73,9.47,14.6,IMD_NetCDF_2025
249,Cherrapunji (Sohra),Meghalaya,25.27,91.73,10.8,24.85,IMD_NetCDF_2025
250,Cherrapunji (Sohra),Meghalaya,25.27,91.73,1.69,21.95,IMD_NetCDF_2025
251,Cherrapunji (Sohra),Meghalaya,25.27,91.73,13.67,26.15,IMD_NetCDF_2025
252,Cherrapunji (Sohra),Meghalaya,25.27,91.73,11.78,27.13,IMD_NetCDF_2025
253,Cherrapunji (Sohra),Meghalaya,25.27,91.73,16.37,41.82,IMD_NetCDF_2025
254,Cherrapunji (Sohra),Meghalaya,25.27,91.73,1.61,29.76,IMD_NetCDF_2025
255,Cherrapunji (Sohra),Meghalaya,25.27,91.73,3.21,21.19,IMD_NetCDF_2025
256,Cherrapunji (Sohra),Meghalaya,25.27,91.73,17.13,21.94,IMD_NetCDF_2025
257,Cherrapunji (Sohra),Meghalaya,25.27,91.73,5.86,26.19,IMD_NetCDF_2025
258,Cherrapunji (Sohra),Meghalaya,25.27,91.73,18.14,41.13,IMD_NetCDF_2025
259,Cherrapunji (Sohra),Meghalaya,25.27,91.73,46.91,70.91,IMD_NetCDF_2025
260,Cherrapunji (Sohra),Meghalaya,25.27,91.73,19.05,84.1,IMD_NetCDF_2025
261,Cherrapunji (Sohra),Meghalaya,25.27,91.73,2.11,68.07,IMD_NetCDF_2025
262,Cherrapunji (Sohra),Meghalaya,25.27,91.73,0.65,21.81,IMD_NetCDF_2025
263,Cherrapunji (Sohra),Meghalaya,25.27,91.73,41.21,43.97,IMD_NetCDF_2025
264,Cherrapunji (Sohra),Meghalaya,25.27,91.73,1.42,43.27,IMD_NetCDF_2025
265,Cherrapunji (Sohra),Meghalaya,25.27,91.73,5.81,48.43,IMD_NetCDF_2025
266,Cherrapunji (Sohra),Meghalaya,25.27,91.73,0.0,7.22,IMD_NetCDF_2025
267,Cherrapunji (Sohra),Meghalaya,25.27,91.73,5.17,10.98,IMD_NetCDF_2025
268,Cherrapunji (Sohra),Meghalaya,25.27,91.73,0.26,5.43,IMD_NetCDF_2025
269,Cherrapunji (Sohra),Meghalaya,25.27,91.73,0.0,5.43,IMD_NetCDF_2025
270,Cherrapunji (Sohra),Meghalaya,25.27,91.73,3.08,3.35,IMD_NetCDF_2025
271,Cherrapunji (Sohra),Meghalaya,25.27,91.73,1.82,4.91,IMD_NetCDF_2025
272,Cherrapunji (Sohra),Meghalaya,25.27,91.73,7.37,12.27,IMD_NetCDF_2025
273,Cherrapunji (Sohra),Meghalaya,25.27,91.73,2.3,11.49,IMD_NetCDF_2025
274,Cherrapunji (Sohra),Meghalaya,25.27,91.73,2.74,12.4,IMD_NetCDF_2025
275,Cherrapunji (Sohra),Meghalaya,25.27,91.73,8.43,13.46,IMD_NetCDF_2025
276,Cherrapunji (Sohra),Meghalaya,25.27,91.73,55.05,66.22,IMD_NetCDF_2025
277,Cherrapunji (Sohra),Meghalaya,25.27,91.73,0.0,63.48,IMD_NetCDF_2025
278,Cherrapunji (Sohra),Meghalaya,25.27,91.73,42.37,97.42,IMD_NetCDF_2025
279,Cherrapunji (Sohra),Meghalaya,25.27,91.73,7.6,49.97,IMD_NetCDF_2025
280,Cherrapunji (Sohra),Meghalaya,25.27,91.73,9.4,59.37,IMD_NetCDF_2025
281,Cherrapunji (Sohra),Meghalaya,25.27,91.73,0.93,17.94,IMD_NetCDF_2025
282,Cherrapunji (Sohra),Meghalaya,25.27,91.73,10.19,20.52,IMD_NetCDF_2025
283,Cherrapunji (Sohra),Meghalaya,25.27,91.73,25.72,36.84,IMD_NetCDF_2025
284,Cherrapunji (Sohra),Meghalaya,25.27,91.73,23.34,59.25,IMD_NetCDF_2025
285,Cherrapunji (Sohra),Meghalaya,25.27,91.73,0.42,49.48,IMD_NetCDF_2025
286,Cherrapunji (Sohra),Meghalaya,25.27,91.73,0.0,23.76,IMD_NetCDF_2025
287,Cherrapunji (Sohra),Meghalaya,25.27,91.73,0.12,0.54,IMD_NetCDF_2025
288,Cherrapunji (Sohra),Meghalaya,25.27,91.73,0.0,0.12,IMD_NetCDF_2025
289,Cherrapunji (Sohra),Meghalaya,25.27,91.73,0.0,0.12,IMD_NetCDF_2025
290,Cherrapunji (Sohra),Meghalaya,25.27,91.73,0.0,0.0,IMD_NetCDF_2025
291,Cherrapunji (Sohra),Meghalaya,25.27,91.73,0.0,0.0,IMD_NetCDF_2025
292,Cherrapunji (Sohra),Meghalaya,25.27,91.73,0.0,0.0,IMD_NetCDF_2025
293,Cherrapunji (Sohra),Meghalaya,25.27,91.73,0.0,0.0,IMD_NetCDF_2025
294,Cherrapunji (Sohra),Meghalaya,25.27,91.73,0.0,0.0,IMD_NetCDF_2025
295,Cherrapunji (Sohra),Meghalaya,25.27,91.73,0.0,0.0,IMD_NetCDF_2025
296,Cherrapunji (Sohra),Meghalaya,25.27,91.73,0.0,0.0,IMD_NetCDF_2025
297,Cherrapunji (Sohra),Meghalaya,25.27,91.73,0.0,0.0,IMD_NetCDF_2025
298,Cherrapunji (Sohra),Meghalaya,25.27,91.73,0.0,0.0,IMD_NetCDF_2025
299,Cherrapunji (Sohra),Meghalaya,25.27,91.73,0.0,0.0,IMD_NetCDF_2025
300,Cherrapunji (Sohra),Meghalaya,25.27,91.73,0.0,0.0,IMD_NetCDF_2025
301,Cherrapunji (Sohra),Meghalaya,25.27,91.73,0.0,0.0,IMD_NetCDF_2025
302,Cherrapunji (Sohra),Meghalaya,25.27,91.73,0.0,0.0,IMD_NetCDF_2025
303,Cherrapunji (Sohra),Meghalaya,25.27,91.73,21.27,21.27,IMD_NetCDF_2025
304,Cherrapunji (Sohra),Meghalaya,25.27,91.73,10.0,31.26,IMD_NetCDF_2025
305,Cherrapunji (Sohra),Meghalaya,25.27,91.73,1.4,32.66,IMD_NetCDF_2025
306,Cherrapunji (Sohra),Meghalaya,25.27,91.73,13.08,24.48,IMD_NetCDF_2025
307,Cherrapunji (Sohra),Meghalaya,25.27,91.73,0.29,14.77,IMD_NetCDF_2025
308,Cherrapunji (Sohra),Meghalaya,25.27,91.73,0.0,13.37,IMD_NetCDF_2025
309,Cherrapunji (Sohra),Meghalaya,25.27,91.73,0.0,0.29,IMD_NetCDF_2025
310,Cherrapunji (Sohra),Meghalaya,25.27,91.73,0.22,0.22,IMD_NetCDF_2025
311,Cherrapunji (Sohra),Meghalaya,25.27,91.73,0.0,0.22,IMD_NetCDF_2025
312,Cherrapunji (Sohra),Meghalaya,25.27,91.73,0.0,0.22,IMD_NetCDF_2025
313,Cherrapunji (Sohra),Meghalaya,25.27,91.73,0.0,0.0,IMD_NetCDF_2025
314,Cherrapunji (Sohra),Meghalaya,25.27,91.73,0.0,0.0,IMD_NetCDF_2025
315,Cherrapunji (Sohra),Meghalaya,25.27,91.73,0.0,0.0,IMD_NetCDF_2025
316,Cherrapunji (Sohra),Meghalaya,25.27,91.73,0.0,0.0,IMD_NetCDF_2025
317,Cherrapunji (Sohra),Meghalaya,25.27,91.73,0.0,0.0,IMD_NetCDF_2025
318,Cherrapunji (Sohra),Meghalaya,25.27,91.73,0.0,0.0,IMD_NetCDF_2025
319,Cherrapunji (Sohra),Meghalaya,25.27,91.73,0.0,0.0,IMD_NetCDF_2025
320,Cherrapunji (Sohra),Meghalaya,25.27,91.73,0.0,0.0,IMD_NetCDF_2025
321,Cherrapunji (Sohra),Meghalaya,25.27,91.73,0.0,0.0,IMD_NetCDF_2025
322,Cherrapunji (Sohra),Meghalaya,25.27,91.73,0.0,0.0,IMD_NetCDF_2025
323,Cherrapunji (Sohra),Meghalaya,25.27,91.73,0.0,0.0,IMD_NetCDF_2025
324,Cherrapunji (Sohra),Meghalaya,25.27,91.73,0.0,0.0,IMD_NetCDF_2025
325,Cherrapunji (Sohra),Meghalaya,25.27,91.73,0.0,0.0,IMD_NetCDF_2025
326,Cherrapunji (Sohra),Meghalaya,25.27,91.73,0.0,0.0,IMD_NetCDF_2025
327,Cherrapunji (Sohra),Meghalaya,25.27,91.73,0.0,0.0,IMD_NetCDF_2025
328,Cherrapunji (Sohra),Meghalaya,25.27,91.73,0.0,0.0,IMD_NetCDF_2025
329,Cherrapunji (Sohra),Meghalaya,25.27,91.73,0.0,0.0,IMD_NetCDF_2025
330,Cherrapunji (Sohra),Meghalaya,25.27,91.73,0.0,0.0,IMD_NetCDF_2025
331,Cherrapunji (Sohra),Meghalaya,25.27,91.73,0.0,0.0,IMD_NetCDF_2025
332,Cherrapunji (Sohra),Meghalaya,25.27,91.73,0.0,0.0,IMD_NetCDF_2025
333,Cherrapunji (Sohra),Meghalaya,25.27,91.73,0.0,0.0,IMD_NetCDF_2025
334,Cherrapunji (Sohra),Meghalaya,25.27,91.73,0.0,0.0,IMD_NetCDF_2025
335,Cherrapunji (Sohra),Meghalaya,25.27,91.73,0.0,0.0,IMD_NetCDF_2025
336,Cherrapunji (Sohra),Meghalaya,25.27,91.73,0.0,0.0,IMD_NetCDF_2025
337,Cherrapunji (Sohra),Meghalaya,25.27,91.73,0.0,0.0,IMD_NetCDF_2025
338,Cherrapunji (Sohra),Meghalaya,25.27,91.73,0.0,0.0,IMD_NetCDF_2025
339,Cherrapunji (Sohra),Meghalaya,25.27,91.73,0.0,0.0,IMD_NetCDF_2025
340,Cherrapunji (Sohra),Meghalaya,25.27,91.73,0.0,0.0,IMD_NetCDF_2025
341,Cherrapunji (Sohra),Meghalaya,25.27,91.73,0.0,0.0,IMD_NetCDF_2025
342,Cherrapunji (Sohra),Meghalaya,25.27,91.73,0.0,0.0,IMD_NetCDF_2025
343,Cherrapunji (Sohra),Meghalaya,25.27,91.73,0.0,0.0,IMD_NetCDF_2025
344,Cherrapunji (Sohra),Meghalaya,25.27,91.73,0.0,0.0,IMD_NetCDF_2025
345,Cherrapunji (Sohra),Meghalaya,25.27,91.73,0.0,0.0,IMD_NetCDF_2025
346,Cherrapunji (Sohra),Meghalaya,25.27,91.73,0.0,0.0,IMD_NetCDF_2025
347,Cherrapunji (Sohra),Meghalaya,25.27,91.73,0.0,0.0,IMD_NetCDF_2025
348,Cherrapunji (Sohra),Meghalaya,25.27,91.73,0.0,0.0,IMD_NetCDF_2025
349,Cherrapunji (Sohra),Meghalaya,25.27,91.73,0.0,0.0,IMD_NetCDF_2025
350,Cherrapunji (Sohra),Meghalaya,25.27,91.73,0.0,0.0,IMD_NetCDF_2025
351,Cherrapunji (Sohra),Meghalaya,25.27,91.73,0.0,0.0,IMD_NetCDF_2025
352,Cherrapunji (Sohra),Meghalaya,25.27,91.73,0.0,0.0,IMD_NetCDF_2025
353,Cherrapunji (Sohra),Meghalaya,25.27,91.73,0.0,0.0,IMD_NetCDF_2025
354,Cherrapunji (Sohra),Meghalaya,25.27,91.73,0.0,0.0,IMD_NetCDF_2025
355,Cherrapunji (Sohra),Meghalaya,25.27,91.73,0.15,0.15,IMD_NetCDF_2025
356,Cherrapunji (Sohra),Meghalaya,25.27,91.73,0.0,0.15,IMD_NetCDF_2025
357,Cherrapunji (Sohra),Meghalaya,25.27,91.73,0.0,0.15,IMD_NetCDF_2025
358,Cherrapunji (Sohra),Meghalaya,25.27,91.73,0.0,0.0,IMD_NetCDF_2025
359,Cherrapunji (Sohra),Meghalaya,25.27,91.73,0.0,0.0,IMD_NetCDF_2025
360,Cherrapunji (Sohra),Meghalaya,25.27,91.73,0.0,0.0,IMD_NetCDF_2025
361,Cherrapunji (Sohra),Meghalaya,25.27,91.73,0.0,0.0,IMD_NetCDF_2025
362,Cherrapunji (Sohra),Meghalaya,25.27,91.73,0.0,0.0,IMD_NetCDF_2025
363,Cherrapunji (Sohra),Meghalaya,25.27,91.73,0.0,0.0,IMD_NetCDF_2025
364,Cherrapunji (Sohra),Meghalaya,25.27,91.73,0.0,0.0,IMD_NetCDF_2025
365,Cherrapunji (Sohra),Meghalaya,25.27,91.73,0.0,0.0,IMD_NetCDF_2025
1,East Sikkim (Gangtok),Sikkim,27.33,88.61,0.0,0.0,IMD_NetCDF_2025
2,East Sikkim (Gangtok),Sikkim,27.33,88.61,0.0,0.0,IMD_NetCDF_2025
3,East Sikkim (Gangtok),Sikkim,27.33,88.61,0.0,0.0,IMD_NetCDF_2025
4,East Sikkim (Gangtok),Sikkim,27.33,88.61,0.0,0.0,IMD_NetCDF_2025
5,East Sikkim (Gangtok),Sikkim,27.33,88.61,0.0,0.0,IMD_NetCDF_2025
6,East Sikkim (Gangtok),Sikkim,27.33,88.61,0.0,0.0,IMD_NetCDF_2025
7,East Sikkim (Gangtok),Sikkim,27.33,88.61,0.0,0.0,IMD_NetCDF_2025
8,East Sikkim (Gangtok),Sikkim,27.33,88.61,5.35,5.35,IMD_NetCDF_2025
9,East Sikkim (Gangtok),Sikkim,27.33,88.61,0.0,5.35,IMD_NetCDF_2025
10,East Sikkim (Gangtok),Sikkim,27.33,88.61,0.0,5.35,IMD_NetCDF_2025
11,East Sikkim (Gangtok),Sikkim,27.33,88.61,0.0,0.0,IMD_NetCDF_2025
12,East Sikkim (Gangtok),Sikkim,27.33,88.61,0.0,0.0,IMD_NetCDF_2025
13,East Sikkim (Gangtok),Sikkim,27.33,88.61,0.0,0.0,IMD_NetCDF_2025
14,East Sikkim (Gangtok),Sikkim,27.33,88.61,2.2,2.2,IMD_NetCDF_2025
15,East Sikkim (Gangtok),Sikkim,27.33,88.61,0.0,2.2,IMD_NetCDF_2025
16,East Sikkim (Gangtok),Sikkim,27.33,88.61,0.0,2.2,IMD_NetCDF_2025
17,East Sikkim (Gangtok),Sikkim,27.33,88.61,0.0,0.0,IMD_NetCDF_2025
18,East Sikkim (Gangtok),Sikkim,27.33,88.61,0.0,0.0,IMD_NetCDF_2025
19,East Sikkim (Gangtok),Sikkim,27.33,88.61,0.0,0.0,IMD_NetCDF_2025
20,East Sikkim (Gangtok),Sikkim,27.33,88.61,0.0,0.0,IMD_NetCDF_2025
21,East Sikkim (Gangtok),Sikkim,27.33,88.61,0.0,0.0,IMD_NetCDF_2025
22,East Sikkim (Gangtok),Sikkim,27.33,88.61,0.0,0.0,IMD_NetCDF_2025
23,East Sikkim (Gangtok),Sikkim,27.33,88.61,0.0,0.0,IMD_NetCDF_2025
24,East Sikkim (Gangtok),Sikkim,27.33,88.61,0.0,0.0,IMD_NetCDF_2025
25,East Sikkim (Gangtok),Sikkim,27.33,88.61,0.0,0.0,IMD_NetCDF_2025
26,East Sikkim (Gangtok),Sikkim,27.33,88.61,0.41,0.41,IMD_NetCDF_2025
27,East Sikkim (Gangtok),Sikkim,27.33,88.61,0.0,0.41,IMD_NetCDF_2025
28,East Sikkim (Gangtok),Sikkim,27.33,88.61,0.0,0.41,IMD_NetCDF_2025
29,East Sikkim (Gangtok),Sikkim,27.33,88.61,0.35,0.35,IMD_NetCDF_2025
30,East Sikkim (Gangtok),Sikkim,27.33,88.61,0.0,0.35,IMD_NetCDF_2025
31,East Sikkim (Gangtok),Sikkim,27.33,88.61,1.08,1.44,IMD_NetCDF_2025
32,East Sikkim (Gangtok),Sikkim,27.33,88.61,0.0,1.08,IMD_NetCDF_2025
33,East Sikkim (Gangtok),Sikkim,27.33,88.61,0.0,1.08,IMD_NetCDF_2025
34,East Sikkim (Gangtok),Sikkim,27.33,88.61,0.0,0.0,IMD_NetCDF_2025
35,East Sikkim (Gangtok),Sikkim,27.33,88.61,0.0,0.0,IMD_NetCDF_2025
36,East Sikkim (Gangtok),Sikkim,27.33,88.61,0.0,0.0,IMD_NetCDF_2025
37,East Sikkim (Gangtok),Sikkim,27.33,88.61,0.12,0.12,IMD_NetCDF_2025
38,East Sikkim (Gangtok),Sikkim,27.33,88.61,0.0,0.12,IMD_NetCDF_2025
39,East Sikkim (Gangtok),Sikkim,27.33,88.61,2.07,2.19,IMD_NetCDF_2025
40,East Sikkim (Gangtok),Sikkim,27.33,88.61,0.0,2.07,IMD_NetCDF_2025
41,East Sikkim (Gangtok),Sikkim,27.33,88.61,0.0,2.07,IMD_NetCDF_2025
42,East Sikkim (Gangtok),Sikkim,27.33,88.61,0.24,0.24,IMD_NetCDF_2025
43,East Sikkim (Gangtok),Sikkim,27.33,88.61,1.84,2.08,IMD_NetCDF_2025
44,East Sikkim (Gangtok),Sikkim,27.33,88.61,2.21,4.29,IMD_NetCDF_2025
45,East Sikkim (Gangtok),Sikkim,27.33,88.61,0.46,4.52,IMD_NetCDF_2025
46,East Sikkim (Gangtok),Sikkim,27.33,88.61,9.35,12.02,IMD_NetCDF_2025
47,East Sikkim (Gangtok),Sikkim,27.33,88.61,16.54,26.35,IMD_NetCDF_2025
48,East Sikkim (Gangtok),Sikkim,27.33,88.61,1.01,26.9,IMD_NetCDF_2025
49,East Sikkim (Gangtok),Sikkim,27.33,88.61,0.16,17.71,IMD_NetCDF_2025
50,East Sikkim (Gangtok),Sikkim,27.33,88.61,3.04,4.21,IMD_NetCDF_2025
51,East Sikkim (Gangtok),Sikkim,27.33,88.61,1.88,5.09,IMD_NetCDF_2025
52,East Sikkim (Gangtok),Sikkim,27.33,88.61,5.5,10.43,IMD_NetCDF_2025
53,East Sikkim (Gangtok),Sikkim,27.33,88.61,8.8,16.18,IMD_NetCDF_2025
54,East Sikkim (Gangtok),Sikkim,27.33,88.61,0.51,14.81,IMD_NetCDF_2025
55,East Sikkim (Gangtok),Sikkim,27.33,88.61,5.66,14.97,IMD_NetCDF_2025
56,East Sikkim (Gangtok),Sikkim,27.33,88.61,7.65,13.83,IMD_NetCDF_2025
57,East Sikkim (Gangtok),Sikkim,27.33,88.61,0.0,13.31,IMD_NetCDF_2025
58,East Sikkim (Gangtok),Sikkim,27.33,88.61,0.0,7.65,IMD_NetCDF_2025
59,East Sikkim (Gangtok),Sikkim,27.33,88.61,3.62,3.62,IMD_NetCDF_2025
60,East Sikkim (Gangtok),Sikkim,27.33,88.61,3.12,6.74,IMD_NetCDF_2025
61,East Sikkim (Gangtok),Sikkim,27.33,88.61,0.96,7.7,IMD_NetCDF_2025
62,East Sikkim (Gangtok),Sikkim,27.33,88.61,0.0,4.08,IMD_NetCDF_2025
63,East Sikkim (Gangtok),Sikkim,27.33,88.61,0.0,0.96,IMD_NetCDF_2025
64,East Sikkim (Gangtok),Sikkim,27.33,88.61,0.0,0.0,IMD_NetCDF_2025
65,East Sikkim (Gangtok),Sikkim,27.33,88.61,1.67,1.67,IMD_NetCDF_2025
66,East Sikkim (Gangtok),Sikkim,27.33,88.61,0.17,1.84,IMD_NetCDF_2025
67,East Sikkim (Gangtok),Sikkim,27.33,88.61,4.78,6.62,IMD_NetCDF_2025
68,East Sikkim (Gangtok),Sikkim,27.33,88.61,9.17,14.12,IMD_NetCDF_2025
69,East Sikkim (Gangtok),Sikkim,27.33,88.61,0.0,13.95,IMD_NetCDF_2025
70,East Sikkim (Gangtok),Sikkim,27.33,88.61,0.8,9.96,IMD_NetCDF_2025
71,East Sikkim (Gangtok),Sikkim,27.33,88.61,3.51,4.3,IMD_NetCDF_2025
72,East Sikkim (Gangtok),Sikkim,27.33,88.61,10.19,14.49,IMD_NetCDF_2025
73,East Sikkim (Gangtok),Sikkim,27.33,88.61,28.38,42.08,IMD_NetCDF_2025
74,East Sikkim (Gangtok),Sikkim,27.33,88.61,12.73,51.3,IMD_NetCDF_2025
75,East Sikkim (Gangtok),Sikkim,27.33,88.61,7.65,48.77,IMD_NetCDF_2025
76,East Sikkim (Gangtok),Sikkim,27.33,88.61,10.32,30.71,IMD_NetCDF_2025
77,East Sikkim (Gangtok),Sikkim,27.33,88.61,0.0,17.98,IMD_NetCDF_2025
78,East Sikkim (Gangtok),Sikkim,27.33,88.61,0.0,10.32,IMD_NetCDF_2025
79,East Sikkim (Gangtok),Sikkim,27.33,88.61,0.0,0.0,IMD_NetCDF_2025
80,East Sikkim (Gangtok),Sikkim,27.33,88.61,0.0,0.0,IMD_NetCDF_2025
81,East Sikkim (Gangtok),Sikkim,27.33,88.61,1.67,1.67,IMD_NetCDF_2025
82,East Sikkim (Gangtok),Sikkim,27.33,88.61,3.92,5.59,IMD_NetCDF_2025
83,East Sikkim (Gangtok),Sikkim,27.33,88.61,0.36,5.94,IMD_NetCDF_2025
84,East Sikkim (Gangtok),Sikkim,27.33,88.61,0.0,4.27,IMD_NetCDF_2025
85,East Sikkim (Gangtok),Sikkim,27.33,88.61,0.0,0.36,IMD_NetCDF_2025
86,East Sikkim (Gangtok),Sikkim,27.33,88.61,0.0,0.0,IMD_NetCDF_2025
87,East Sikkim (Gangtok),Sikkim,27.33,88.61,0.0,0.0,IMD_NetCDF_2025
88,East Sikkim (Gangtok),Sikkim,27.33,88.61,7.54,7.54,IMD_NetCDF_2025
89,East Sikkim (Gangtok),Sikkim,27.33,88.61,14.73,22.27,IMD_NetCDF_2025
90,East Sikkim (Gangtok),Sikkim,27.33,88.61,0.0,22.27,IMD_NetCDF_2025
91,East Sikkim (Gangtok),Sikkim,27.33,88.61,0.0,14.73,IMD_NetCDF_2025
92,East Sikkim (Gangtok),Sikkim,27.33,88.61,0.0,0.0,IMD_NetCDF_2025
93,East Sikkim (Gangtok),Sikkim,27.33,88.61,0.0,0.0,IMD_NetCDF_2025
94,East Sikkim (Gangtok),Sikkim,27.33,88.61,2.75,2.75,IMD_NetCDF_2025
95,East Sikkim (Gangtok),Sikkim,27.33,88.61,0.0,2.75,IMD_NetCDF_2025
96,East Sikkim (Gangtok),Sikkim,27.33,88.61,0.0,2.75,IMD_NetCDF_2025
97,East Sikkim (Gangtok),Sikkim,27.33,88.61,0.0,0.0,IMD_NetCDF_2025
98,East Sikkim (Gangtok),Sikkim,27.33,88.61,9.47,9.47,IMD_NetCDF_2025
99,East Sikkim (Gangtok),Sikkim,27.33,88.61,7.14,16.61,IMD_NetCDF_2025
100,East Sikkim (Gangtok),Sikkim,27.33,88.61,9.44,26.05,IMD_NetCDF_2025
101,East Sikkim (Gangtok),Sikkim,27.33,88.61,8.74,25.32,IMD_NetCDF_2025
102,East Sikkim (Gangtok),Sikkim,27.33,88.61,5.32,23.5,IMD_NetCDF_2025
103,East Sikkim (Gangtok),Sikkim,27.33,88.61,23.15,37.21,IMD_NetCDF_2025
104,East Sikkim (Gangtok),Sikkim,27.33,88.61,4.05,32.52,IMD_NetCDF_2025
105,East Sikkim (Gangtok),Sikkim,27.33,88.61,0.0,27.2,IMD_NetCDF_2025
106,East Sikkim (Gangtok),Sikkim,27.33,88.61,6.01,10.05,IMD_NetCDF_2025
107,East Sikkim (Gangtok),Sikkim,27.33,88.61,12.75,18.76,IMD_NetCDF_2025
108,East Sikkim (Gangtok),Sikkim,27.33,88.61,16.65,35.41,IMD_NetCDF_2025
109,East Sikkim (Gangtok),Sikkim,27.33,88.61,0.0,29.4,IMD_NetCDF_2025
110,East Sikkim (Gangtok),Sikkim,27.33,88.61,1.49,18.14,IMD_NetCDF_2025
111,East Sikkim (Gangtok),Sikkim,27.33,88.61,1.1,2.59,IMD_NetCDF_2025
112,East Sikkim (Gangtok),Sikkim,27.33,88.61,46.89,49.48,IMD_NetCDF_2025
113,East Sikkim (Gangtok),Sikkim,27.33,88.61,11.32,59.31,IMD_NetCDF_2025
114,East Sikkim (Gangtok),Sikkim,27.33,88.61,18.29,76.51,IMD_NetCDF_2025
115,East Sikkim (Gangtok),Sikkim,27.33,88.61,0.0,29.62,IMD_NetCDF_2025
116,East Sikkim (Gangtok),Sikkim,27.33,88.61,0.53,18.83,IMD_NetCDF_2025
117,East Sikkim (Gangtok),Sikkim,27.33,88.61,8.74,9.27,IMD_NetCDF_2025
118,East Sikkim (Gangtok),Sikkim,27.33,88.61,29.33,38.61,IMD_NetCDF_2025
119,East Sikkim (Gangtok),Sikkim,27.33,88.61,9.41,47.49,IMD_NetCDF_2025
120,East Sikkim (Gangtok),Sikkim,27.33,88.61,0.84,39.59,IMD_NetCDF_2025
121,East Sikkim (Gangtok),Sikkim,27.33,88.61,9.92,20.18,IMD_NetCDF_2025
122,East Sikkim (Gangtok),Sikkim,27.33,88.61,4.19,14.96,IMD_NetCDF_2025
123,East Sikkim (Gangtok),Sikkim,27.33,88.61,6.79,20.91,IMD_NetCDF_2025
124,East Sikkim (Gangtok),Sikkim,27.33,88.61,1.42,12.41,IMD_NetCDF_2025
125,East Sikkim (Gangtok),Sikkim,27.33,88.61,15.13,23.34,IMD_NetCDF_2025
126,East Sikkim (Gangtok),Sikkim,27.33,88.61,7.25,23.8,IMD_NetCDF_2025
127,East Sikkim (Gangtok),Sikkim,27.33,88.61,16.83,39.21,IMD_NetCDF_2025
128,East Sikkim (Gangtok),Sikkim,27.33,88.61,0.0,24.08,IMD_NetCDF_2025
129,East Sikkim (Gangtok),Sikkim,27.33,88.61,9.36,26.19,IMD_NetCDF_2025
130,East Sikkim (Gangtok),Sikkim,27.33,88.61,21.05,30.41,IMD_NetCDF_2025
131,East Sikkim (Gangtok),Sikkim,27.33,88.61,7.54,37.95,IMD_NetCDF_2025
132,East Sikkim (Gangtok),Sikkim,27.33,88.61,25.63,54.22,IMD_NetCDF_2025
133,East Sikkim (Gangtok),Sikkim,27.33,88.61,47.14,80.31,IMD_NetCDF_2025
134,East Sikkim (Gangtok),Sikkim,27.33,88.61,9.33,82.1,IMD_NetCDF_2025
135,East Sikkim (Gangtok),Sikkim,27.33,88.61,16.36,72.83,IMD_NetCDF_2025
136,East Sikkim (Gangtok),Sikkim,27.33,88.61,23.42,49.11,IMD_NetCDF_2025
137,East Sikkim (Gangtok),Sikkim,27.33,88.61,18.71,58.49,IMD_NetCDF_2025
138,East Sikkim (Gangtok),Sikkim,27.33,88.61,3.37,45.5,IMD_NetCDF_2025
139,East Sikkim (Gangtok),Sikkim,27.33,88.61,22.91,44.99,IMD_NetCDF_2025
140,East Sikkim (Gangtok),Sikkim,27.33,88.61,2.68,28.95,IMD_NetCDF_2025
141,East Sikkim (Gangtok),Sikkim,27.33,88.61,60.77,86.35,IMD_NetCDF_2025
142,East Sikkim (Gangtok),Sikkim,27.33,88.61,3.15,66.59,IMD_NetCDF_2025
143,East Sikkim (Gangtok),Sikkim,27.33,88.61,1.27,65.19,IMD_NetCDF_2025
144,East Sikkim (Gangtok),Sikkim,27.33,88.61,16.31,20.72,IMD_NetCDF_2025
145,East Sikkim (Gangtok),Sikkim,27.33,88.61,0.37,17.95,IMD_NetCDF_2025
146,East Sikkim (Gangtok),Sikkim,27.33,88.61,2.8,19.48,IMD_NetCDF_2025
147,East Sikkim (Gangtok),Sikkim,27.33,88.61,3.12,6.29,IMD_NetCDF_2025
148,East Sikkim (Gangtok),Sikkim,27.33,88.61,3.34,9.26,IMD_NetCDF_2025
149,East Sikkim (Gangtok),Sikkim,27.33,88.61,24.81,31.27,IMD_NetCDF_2025
150,East Sikkim (Gangtok),Sikkim,27.33,88.61,12.67,40.82,IMD_NetCDF_2025
151,East Sikkim (Gangtok),Sikkim,27.33,88.61,14.05,51.52,IMD_NetCDF_2025
152,East Sikkim (Gangtok),Sikkim,27.33,88.61,7.58,34.29,IMD_NetCDF_2025
153,East Sikkim (Gangtok),Sikkim,27.33,88.61,22.28,43.9,IMD_NetCDF_2025
154,East Sikkim (Gangtok),Sikkim,27.33,88.61,5.26,35.12,IMD_NetCDF_2025
155,East Sikkim (Gangtok),Sikkim,27.33,88.61,9.88,37.43,IMD_NetCDF_2025
156,East Sikkim (Gangtok),Sikkim,27.33,88.61,16.35,31.49,IMD_NetCDF_2025
157,East Sikkim (Gangtok),Sikkim,27.33,88.61,7.1,33.33,IMD_NetCDF_2025
158,East Sikkim (Gangtok),Sikkim,27.33,88.61,4.06,27.51,IMD_NetCDF_2025
159,East Sikkim (Gangtok),Sikkim,27.33,88.61,16.77,27.93,IMD_NetCDF_2025
160,East Sikkim (Gangtok),Sikkim,27.33,88.61,0.0,20.83,IMD_NetCDF_2025
161,East Sikkim (Gangtok),Sikkim,27.33,88.61,0.0,16.77,IMD_NetCDF_2025
162,East Sikkim (Gangtok),Sikkim,27.33,88.61,13.52,13.52,IMD_NetCDF_2025
163,East Sikkim (Gangtok),Sikkim,27.33,88.61,1.29,14.81,IMD_NetCDF_2025
164,East Sikkim (Gangtok),Sikkim,27.33,88.61,3.36,18.17,IMD_NetCDF_2025
165,East Sikkim (Gangtok),Sikkim,27.33,88.61,0.0,4.65,IMD_NetCDF_2025
166,East Sikkim (Gangtok),Sikkim,27.33,88.61,20.09,23.45,IMD_NetCDF_2025
167,East Sikkim (Gangtok),Sikkim,27.33,88.61,6.12,26.21,IMD_NetCDF_2025
168,East Sikkim (Gangtok),Sikkim,27.33,88.61,12.57,38.78,IMD_NetCDF_2025
169,East Sikkim (Gangtok),Sikkim,27.33,88.61,23.89,42.58,IMD_NetCDF_2025
170,East Sikkim (Gangtok),Sikkim,27.33,88.61,49.48,85.94,IMD_NetCDF_2025
171,East Sikkim (Gangtok),Sikkim,27.33,88.61,10.34,83.71,IMD_NetCDF_2025
172,East Sikkim (Gangtok),Sikkim,27.33,88.61,12.94,72.76,IMD_NetCDF_2025
173,East Sikkim (Gangtok),Sikkim,27.33,88.61,23.86,47.15,IMD_NetCDF_2025
174,East Sikkim (Gangtok),Sikkim,27.33,88.61,48.63,85.43,IMD_NetCDF_2025
175,East Sikkim (Gangtok),Sikkim,27.33,88.61,29.37,101.86,IMD_NetCDF_2025
176,East Sikkim (Gangtok),Sikkim,27.33,88.61,9.81,87.8,IMD_NetCDF_2025
177,East Sikkim (Gangtok),Sikkim,27.33,88.61,16.09,55.26,IMD_NetCDF_2025
178,East Sikkim (Gangtok),Sikkim,27.33,88.61,14.67,40.56,IMD_NetCDF_2025
179,East Sikkim (Gangtok),Sikkim,27.33,88.61,23.17,53.92,IMD_NetCDF_2025
180,East Sikkim (Gangtok),Sikkim,27.33,88.61,5.76,43.59,IMD_NetCDF_2025
181,East Sikkim (Gangtok),Sikkim,27.33,88.61,1.59,30.51,IMD_NetCDF_2025
182,East Sikkim (Gangtok),Sikkim,27.33,88.61,7.36,14.71,IMD_NetCDF_2025
183,East Sikkim (Gangtok),Sikkim,27.33,88.61,29.27,38.22,IMD_NetCDF_2025
184,East Sikkim (Gangtok),Sikkim,27.33,88.61,10.12,46.75,IMD_NetCDF_2025
185,East Sikkim (Gangtok),Sikkim,27.33,88.61,22.73,62.13,IMD_NetCDF_2025
186,East Sikkim (Gangtok),Sikkim,27.33,88.61,17.8,50.66,IMD_NetCDF_2025
187,East Sikkim (Gangtok),Sikkim,27.33,88.61,7.44,47.98,IMD_NetCDF_2025
188,East Sikkim (Gangtok),Sikkim,27.33,88.61,19.5,44.74,IMD_NetCDF_2025
189,East Sikkim (Gangtok),Sikkim,27.33,88.61,26.05,52.99,IMD_NetCDF_2025
190,East Sikkim (Gangtok),Sikkim,27.33,88.61,28.39,73.94,IMD_NetCDF_2025
191,East Sikkim (Gangtok),Sikkim,27.33,88.61,37.56,92.0,IMD_NetCDF_2025
192,East Sikkim (Gangtok),Sikkim,27.33,88.61,5.91,71.86,IMD_NetCDF_2025
193,East Sikkim (Gangtok),Sikkim,27.33,88.61,0.0,43.47,IMD_NetCDF_2025
194,East Sikkim (Gangtok),Sikkim,27.33,88.61,6.16,12.07,IMD_NetCDF_2025
195,East Sikkim (Gangtok),Sikkim,27.33,88.61,11.59,17.75,IMD_NetCDF_2025
196,East Sikkim (Gangtok),Sikkim,27.33,88.61,44.67,62.42,IMD_NetCDF_2025
197,East Sikkim (Gangtok),Sikkim,27.33,88.61,22.2,78.46,IMD_NetCDF_2025
198,East Sikkim (Gangtok),Sikkim,27.33,88.61,11.01,77.88,IMD_NetCDF_2025
199,East Sikkim (Gangtok),Sikkim,27.33,88.61,12.48,45.69,IMD_NetCDF_2025
200,East Sikkim (Gangtok),Sikkim,27.33,88.61,1.42,24.91,IMD_NetCDF_2025
201,East Sikkim (Gangtok),Sikkim,27.33,88.61,67.69,81.58,IMD_NetCDF_2025
202,East Sikkim (Gangtok),Sikkim,27.33,88.61,0.16,69.27,IMD_NetCDF_2025
203,East Sikkim (Gangtok),Sikkim,27.33,88.61,35.01,102.86,IMD_NetCDF_2025
204,East Sikkim (Gangtok),Sikkim,27.33,88.61,37.23,72.4,IMD_NetCDF_2025
205,East Sikkim (Gangtok),Sikkim,27.33,88.61,9.42,81.65,IMD_NetCDF_2025
206,East Sikkim (Gangtok),Sikkim,27.33,88.61,10.49,57.13,IMD_NetCDF_2025
207,East Sikkim (Gangtok),Sikkim,27.33,88.61,24.03,43.93,IMD_NetCDF_2025
208,East Sikkim (Gangtok),Sikkim,27.33,88.61,5.98,40.49,IMD_NetCDF_2025
209,East Sikkim (Gangtok),Sikkim,27.33,88.61,26.79,56.8,IMD_NetCDF_2025
210,East Sikkim (Gangtok),Sikkim,27.33,88.61,86.99,119.77,IMD_NetCDF_2025
211,East Sikkim (Gangtok),Sikkim,27.33,88.61,38.15,151.94,IMD_NetCDF_2025
212,East Sikkim (Gangtok),Sikkim,27.33,88.61,34.82,159.96,IMD_NetCDF_2025
213,East Sikkim (Gangtok),Sikkim,27.33,88.61,0.76,73.73,IMD_NetCDF_2025
214,East Sikkim (Gangtok),Sikkim,27.33,88.61,55.24,90.83,IMD_NetCDF_2025
215,East Sikkim (Gangtok),Sikkim,27.33,88.61,18.28,74.28,IMD_NetCDF_2025
216,East Sikkim (Gangtok),Sikkim,27.33,88.61,5.7,79.22,IMD_NetCDF_2025
217,East Sikkim (Gangtok),Sikkim,27.33,88.61,7.88,31.86,IMD_NetCDF_2025
218,East Sikkim (Gangtok),Sikkim,27.33,88.61,13.29,26.87,IMD_NetCDF_2025
219,East Sikkim (Gangtok),Sikkim,27.33,88.61,2.29,23.46,IMD_NetCDF_2025
220,East Sikkim (Gangtok),Sikkim,27.33,88.61,26.26,41.84,IMD_NetCDF_2025
221,East Sikkim (Gangtok),Sikkim,27.33,88.61,35.4,63.95,IMD_NetCDF_2025
222,East Sikkim (Gangtok),Sikkim,27.33,88.61,6.22,67.88,IMD_NetCDF_2025
223,East Sikkim (Gangtok),Sikkim,27.33,88.61,5.1,46.72,IMD_NetCDF_2025
224,East Sikkim (Gangtok),Sikkim,27.33,88.61,11.95,23.27,IMD_NetCDF_2025
225,East Sikkim (Gangtok),Sikkim,27.33,88.61,8.64,25.69,IMD_NetCDF_2025
226,East Sikkim (Gangtok),Sikkim,27.33,88.61,87.96,108.56,IMD_NetCDF_2025
227,East Sikkim (Gangtok),Sikkim,27.33,88.61,3.45,100.06,IMD_NetCDF_2025
228,East Sikkim (Gangtok),Sikkim,27.33,88.61,0.0,91.42,IMD_NetCDF_2025
229,East Sikkim (Gangtok),Sikkim,27.33,88.61,14.85,18.3,IMD_NetCDF_2025
230,East Sikkim (Gangtok),Sikkim,27.33,88.61,26.68,41.53,IMD_NetCDF_2025
231,East Sikkim (Gangtok),Sikkim,27.33,88.61,9.85,51.38,IMD_NetCDF_2025
232,East Sikkim (Gangtok),Sikkim,27.33,88.61,19.81,56.34,IMD_NetCDF_2025
233,East Sikkim (Gangtok),Sikkim,27.33,88.61,44.05,73.71,IMD_NetCDF_2025
234,East Sikkim (Gangtok),Sikkim,27.33,88.61,18.15,82.01,IMD_NetCDF_2025
235,East Sikkim (Gangtok),Sikkim,27.33,88.61,9.11,71.31,IMD_NetCDF_2025
236,East Sikkim (Gangtok),Sikkim,27.33,88.61,11.93,39.19,IMD_NetCDF_2025
237,East Sikkim (Gangtok),Sikkim,27.33,88.61,17.7,38.75,IMD_NetCDF_2025
238,East Sikkim (Gangtok),Sikkim,27.33,88.61,10.0,39.64,IMD_NetCDF_2025
239,East Sikkim (Gangtok),Sikkim,27.33,88.61,14.81,42.51,IMD_NetCDF_2025
240,East Sikkim (Gangtok),Sikkim,27.33,88.61,20.13,44.94,IMD_NetCDF_2025
241,East Sikkim (Gangtok),Sikkim,27.33,88.61,7.67,42.61,IMD_NetCDF_2025
242,East Sikkim (Gangtok),Sikkim,27.33,88.61,9.83,37.63,IMD_NetCDF_2025
243,East Sikkim (Gangtok),Sikkim,27.33,88.61,5.35,22.85,IMD_NetCDF_2025
244,East Sikkim (Gangtok),Sikkim,27.33,88.61,24.06,39.24,IMD_NetCDF_2025
245,East Sikkim (Gangtok),Sikkim,27.33,88.61,1.1,30.51,IMD_NetCDF_2025
246,East Sikkim (Gangtok),Sikkim,27.33,88.61,1.68,26.83,IMD_NetCDF_2025
247,East Sikkim (Gangtok),Sikkim,27.33,88.61,5.48,8.25,IMD_NetCDF_2025
248,East Sikkim (Gangtok),Sikkim,27.33,88.61,5.92,13.07,IMD_NetCDF_2025
249,East Sikkim (Gangtok),Sikkim,27.33,88.61,33.54,44.94,IMD_NetCDF_2025
250,East Sikkim (Gangtok),Sikkim,27.33,88.61,4.63,44.09,IMD_NetCDF_2025
251,East Sikkim (Gangtok),Sikkim,27.33,88.61,50.21,88.38,IMD_NetCDF_2025
252,East Sikkim (Gangtok),Sikkim,27.33,88.61,0.0,54.84,IMD_NetCDF_2025
253,East Sikkim (Gangtok),Sikkim,27.33,88.61,13.12,63.32,IMD_NetCDF_2025
254,East Sikkim (Gangtok),Sikkim,27.33,88.61,3.25,16.36,IMD_NetCDF_2025
255,East Sikkim (Gangtok),Sikkim,27.33,88.61,19.93,36.3,IMD_NetCDF_2025
256,East Sikkim (Gangtok),Sikkim,27.33,88.61,15.8,38.98,IMD_NetCDF_2025
257,East Sikkim (Gangtok),Sikkim,27.33,88.61,47.07,82.8,IMD_NetCDF_2025
258,East Sikkim (Gangtok),Sikkim,27.33,88.61,6.71,69.58,IMD_NetCDF_2025
259,East Sikkim (Gangtok),Sikkim,27.33,88.61,54.17,107.95,IMD_NetCDF_2025
260,East Sikkim (Gangtok),Sikkim,27.33,88.61,25.74,86.61,IMD_NetCDF_2025
261,East Sikkim (Gangtok),Sikkim,27.33,88.61,8.47,88.38,IMD_NetCDF_2025
262,East Sikkim (Gangtok),Sikkim,27.33,88.61,12.17,46.38,IMD_NetCDF_2025
263,East Sikkim (Gangtok),Sikkim,27.33,88.61,1.44,22.09,IMD_NetCDF_2025
264,East Sikkim (Gangtok),Sikkim,27.33,88.61,15.39,29.01,IMD_NetCDF_2025
265,East Sikkim (Gangtok),Sikkim,27.33,88.61,6.4,23.24,IMD_NetCDF_2025
266,East Sikkim (Gangtok),Sikkim,27.33,88.61,23.51,45.3,IMD_NetCDF_2025
267,East Sikkim (Gangtok),Sikkim,27.33,88.61,1.81,31.72,IMD_NetCDF_2025
268,East Sikkim (Gangtok),Sikkim,27.33,88.61,35.01,60.32,IMD_NetCDF_2025
269,East Sikkim (Gangtok),Sikkim,27.33,88.61,0.0,36.82,IMD_NetCDF_2025
270,East Sikkim (Gangtok),Sikkim,27.33,88.61,7.9,42.91,IMD_NetCDF_2025
271,East Sikkim (Gangtok),Sikkim,27.33,88.61,1.77,9.67,IMD_NetCDF_2025
272,East Sikkim (Gangtok),Sikkim,27.33,88.61,6.19,15.86,IMD_NetCDF_2025
273,East Sikkim (Gangtok),Sikkim,27.33,88.61,21.97,29.93,IMD_NetCDF_2025
274,East Sikkim (Gangtok),Sikkim,27.33,88.61,16.31,44.47,IMD_NetCDF_2025
275,East Sikkim (Gangtok),Sikkim,27.33,88.61,45.3,83.58,IMD_NetCDF_2025
276,East Sikkim (Gangtok),Sikkim,27.33,88.61,4.65,66.27,IMD_NetCDF_2025
277,East Sikkim (Gangtok),Sikkim,27.33,88.61,7.83,57.79,IMD_NetCDF_2025
278,East Sikkim (Gangtok),Sikkim,27.33,88.61,177.44,189.93,IMD_NetCDF_2025
279,East Sikkim (Gangtok),Sikkim,27.33,88.61,0.74,186.02,IMD_NetCDF_2025
280,East Sikkim (Gangtok),Sikkim,27.33,88.61,1.1,179.28,IMD_NetCDF_2025
281,East Sikkim (Gangtok),Sikkim,27.33,88.61,0.0,1.84,IMD_NetCDF_2025
282,East Sikkim (Gangtok),Sikkim,27.33,88.61,0.0,1.1,IMD_NetCDF_2025
283,East Sikkim (Gangtok),Sikkim,27.33,88.61,0.0,0.0,IMD_NetCDF_2025
284,East Sikkim (Gangtok),Sikkim,27.33,88.61,0.0,0.0,IMD_NetCDF_2025
285,East Sikkim (Gangtok),Sikkim,27.33,88.61,0.0,0.0,IMD_NetCDF_2025
286,East Sikkim (Gangtok),Sikkim,27.33,88.61,0.0,0.0,IMD_NetCDF_2025
287,East Sikkim (Gangtok),Sikkim,27.33,88.61,3.89,3.89,IMD_NetCDF_2025
288,East Sikkim (Gangtok),Sikkim,27.33,88.61,0.0,3.89,IMD_NetCDF_2025
289,East Sikkim (Gangtok),Sikkim,27.33,88.61,0.0,3.89,IMD_NetCDF_2025
290,East Sikkim (Gangtok),Sikkim,27.33,88.61,0.0,0.0,IMD_NetCDF_2025
291,East Sikkim (Gangtok),Sikkim,27.33,88.61,0.0,0.0,IMD_NetCDF_2025
292,East Sikkim (Gangtok),Sikkim,27.33,88.61,0.0,0.0,IMD_NetCDF_2025
293,East Sikkim (Gangtok),Sikkim,27.33,88.61,0.0,0.0,IMD_NetCDF_2025
294,East Sikkim (Gangtok),Sikkim,27.33,88.61,0.0,0.0,IMD_NetCDF_2025
295,East Sikkim (Gangtok),Sikkim,27.33,88.61,0.0,0.0,IMD_NetCDF_2025
296,East Sikkim (Gangtok),Sikkim,27.33,88.61,0.0,0.0,IMD_NetCDF_2025
297,East Sikkim (Gangtok),Sikkim,27.33,88.61,0.0,0.0,IMD_NetCDF_2025
298,East Sikkim (Gangtok),Sikkim,27.33,88.61,0.0,0.0,IMD_NetCDF_2025
299,East Sikkim (Gangtok),Sikkim,27.33,88.61,0.0,0.0,IMD_NetCDF_2025
300,East Sikkim (Gangtok),Sikkim,27.33,88.61,0.0,0.0,IMD_NetCDF_2025
301,East Sikkim (Gangtok),Sikkim,27.33,88.61,0.0,0.0,IMD_NetCDF_2025
302,East Sikkim (Gangtok),Sikkim,27.33,88.61,0.0,0.0,IMD_NetCDF_2025
303,East Sikkim (Gangtok),Sikkim,27.33,88.61,4.02,4.02,IMD_NetCDF_2025
304,East Sikkim (Gangtok),Sikkim,27.33,88.61,39.19,43.21,IMD_NetCDF_2025
305,East Sikkim (Gangtok),Sikkim,27.33,88.61,43.42,86.63,IMD_NetCDF_2025
306,East Sikkim (Gangtok),Sikkim,27.33,88.61,19.89,102.5,IMD_NetCDF_2025
307,East Sikkim (Gangtok),Sikkim,27.33,88.61,2.35,65.66,IMD_NetCDF_2025
308,East Sikkim (Gangtok),Sikkim,27.33,88.61,0.37,22.61,IMD_NetCDF_2025
309,East Sikkim (Gangtok),Sikkim,27.33,88.61,0.0,2.72,IMD_NetCDF_2025
310,East Sikkim (Gangtok),Sikkim,27.33,88.61,0.0,0.37,IMD_NetCDF_2025
311,East Sikkim (Gangtok),Sikkim,27.33,88.61,0.0,0.0,IMD_NetCDF_2025
312,East Sikkim (Gangtok),Sikkim,27.33,88.61,0.0,0.0,IMD_NetCDF_2025
313,East Sikkim (Gangtok),Sikkim,27.33,88.61,0.0,0.0,IMD_NetCDF_2025
314,East Sikkim (Gangtok),Sikkim,27.33,88.61,0.0,0.0,IMD_NetCDF_2025
315,East Sikkim (Gangtok),Sikkim,27.33,88.61,0.0,0.0,IMD_NetCDF_2025
316,East Sikkim (Gangtok),Sikkim,27.33,88.61,0.0,0.0,IMD_NetCDF_2025
317,East Sikkim (Gangtok),Sikkim,27.33,88.61,0.0,0.0,IMD_NetCDF_2025
318,East Sikkim (Gangtok),Sikkim,27.33,88.61,0.0,0.0,IMD_NetCDF_2025
319,East Sikkim (Gangtok),Sikkim,27.33,88.61,0.0,0.0,IMD_NetCDF_2025
320,East Sikkim (Gangtok),Sikkim,27.33,88.61,0.0,0.0,IMD_NetCDF_2025
321,East Sikkim (Gangtok),Sikkim,27.33,88.61,0.0,0.0,IMD_NetCDF_2025
322,East Sikkim (Gangtok),Sikkim,27.33,88.61,0.0,0.0,IMD_NetCDF_2025
323,East Sikkim (Gangtok),Sikkim,27.33,88.61,0.0,0.0,IMD_NetCDF_2025
324,East Sikkim (Gangtok),Sikkim,27.33,88.61,0.0,0.0,IMD_NetCDF_2025
325,East Sikkim (Gangtok),Sikkim,27.33,88.61,0.0,0.0,IMD_NetCDF_2025
326,East Sikkim (Gangtok),Sikkim,27.33,88.61,3.24,3.24,IMD_NetCDF_2025
327,East Sikkim (Gangtok),Sikkim,27.33,88.61,3.18,6.42,IMD_NetCDF_2025
328,East Sikkim (Gangtok),Sikkim,27.33,88.61,0.0,6.42,IMD_NetCDF_2025
329,East Sikkim (Gangtok),Sikkim,27.33,88.61,0.0,3.18,IMD_NetCDF_2025
330,East Sikkim (Gangtok),Sikkim,27.33,88.61,0.0,0.0,IMD_NetCDF_2025
331,East Sikkim (Gangtok),Sikkim,27.33,88.61,0.0,0.0,IMD_NetCDF_2025
332,East Sikkim (Gangtok),Sikkim,27.33,88.61,0.0,0.0,IMD_NetCDF_2025
333,East Sikkim (Gangtok),Sikkim,27.33,88.61,0.0,0.0,IMD_NetCDF_2025
334,East Sikkim (Gangtok),Sikkim,27.33,88.61,0.0,0.0,IMD_NetCDF_2025
335,East Sikkim (Gangtok),Sikkim,27.33,88.61,0.0,0.0,IMD_NetCDF_2025
336,East Sikkim (Gangtok),Sikkim,27.33,88.61,0.0,0.0,IMD_NetCDF_2025
337,East Sikkim (Gangtok),Sikkim,27.33,88.61,0.0,0.0,IMD_NetCDF_2025
338,East Sikkim (Gangtok),Sikkim,27.33,88.61,0.0,0.0,IMD_NetCDF_2025
339,East Sikkim (Gangtok),Sikkim,27.33,88.61,0.0,0.0,IMD_NetCDF_2025
340,East Sikkim (Gangtok),Sikkim,27.33,88.61,0.0,0.0,IMD_NetCDF_2025
341,East Sikkim (Gangtok),Sikkim,27.33,88.61,0.0,0.0,IMD_NetCDF_2025
342,East Sikkim (Gangtok),Sikkim,27.33,88.61,0.0,0.0,IMD_NetCDF_2025
343,East Sikkim (Gangtok),Sikkim,27.33,88.61,0.0,0.0,IMD_NetCDF_2025
344,East Sikkim (Gangtok),Sikkim,27.33,88.61,0.0,0.0,IMD_NetCDF_2025
345,East Sikkim (Gangtok),Sikkim,27.33,88.61,0.0,0.0,IMD_NetCDF_2025
346,East Sikkim (Gangtok),Sikkim,27.33,88.61,0.0,0.0,IMD_NetCDF_2025
347,East Sikkim (Gangtok),Sikkim,27.33,88.61,0.0,0.0,IMD_NetCDF_2025
348,East Sikkim (Gangtok),Sikkim,27.33,88.61,0.0,0.0,IMD_NetCDF_2025
349,East Sikkim (Gangtok),Sikkim,27.33,88.61,0.0,0.0,IMD_NetCDF_2025
350,East Sikkim (Gangtok),Sikkim,27.33,88.61,0.0,0.0,IMD_NetCDF_2025
351,East Sikkim (Gangtok),Sikkim,27.33,88.61,0.0,0.0,IMD_NetCDF_2025
352,East Sikkim (Gangtok),Sikkim,27.33,88.61,0.0,0.0,IMD_NetCDF_2025
353,East Sikkim (Gangtok),Sikkim,27.33,88.61,0.0,0.0,IMD_NetCDF_2025
354,East Sikkim (Gangtok),Sikkim,27.33,88.61,0.0,0.0,IMD_NetCDF_2025
355,East Sikkim (Gangtok),Sikkim,27.33,88.61,0.0,0.0,IMD_NetCDF_2025
356,East Sikkim (Gangtok),Sikkim,27.33,88.61,0.0,0.0,IMD_NetCDF_2025
357,East Sikkim (Gangtok),Sikkim,27.33,88.61,0.0,0.0,IMD_NetCDF_2025
358,East Sikkim (Gangtok),Sikkim,27.33,88.61,0.0,0.0,IMD_NetCDF_2025
359,East Sikkim (Gangtok),Sikkim,27.33,88.61,0.0,0.0,IMD_NetCDF_2025
360,East Sikkim (Gangtok),Sikkim,27.33,88.61,0.0,0.0,IMD_NetCDF_2025
361,East Sikkim (Gangtok),Sikkim,27.33,88.61,0.0,0.0,IMD_NetCDF_2025
362,East Sikkim (Gangtok),Sikkim,27.33,88.61,0.0,0.0,IMD_NetCDF_2025
363,East Sikkim (Gangtok),Sikkim,27.33,88.61,0.0,0.0,IMD_NetCDF_2025
364,East Sikkim (Gangtok),Sikkim,27.33,88.61,0.0,0.0,IMD_NetCDF_2025
365,East Sikkim (Gangtok),Sikkim,27.33,88.61,0.0,0.0,IMD_NetCDF_2025
1,Singtam Corridor,Sikkim,27.15,88.5,0.0,0.0,IMD_NetCDF_2025
2,Singtam Corridor,Sikkim,27.15,88.5,0.0,0.0,IMD_NetCDF_2025
3,Singtam Corridor,Sikkim,27.15,88.5,0.0,0.0,IMD_NetCDF_2025
4,Singtam Corridor,Sikkim,27.15,88.5,0.0,0.0,IMD_NetCDF_2025
5,Singtam Corridor,Sikkim,27.15,88.5,0.0,0.0,IMD_NetCDF_2025
6,Singtam Corridor,Sikkim,27.15,88.5,0.0,0.0,IMD_NetCDF_2025
7,Singtam Corridor,Sikkim,27.15,88.5,0.0,0.0,IMD_NetCDF_2025
8,Singtam Corridor,Sikkim,27.15,88.5,5.35,5.35,IMD_NetCDF_2025
9,Singtam Corridor,Sikkim,27.15,88.5,0.0,5.35,IMD_NetCDF_2025
10,Singtam Corridor,Sikkim,27.15,88.5,0.0,5.35,IMD_NetCDF_2025
11,Singtam Corridor,Sikkim,27.15,88.5,0.0,0.0,IMD_NetCDF_2025
12,Singtam Corridor,Sikkim,27.15,88.5,0.0,0.0,IMD_NetCDF_2025
13,Singtam Corridor,Sikkim,27.15,88.5,0.0,0.0,IMD_NetCDF_2025
14,Singtam Corridor,Sikkim,27.15,88.5,2.2,2.2,IMD_NetCDF_2025
15,Singtam Corridor,Sikkim,27.15,88.5,0.0,2.2,IMD_NetCDF_2025
16,Singtam Corridor,Sikkim,27.15,88.5,0.0,2.2,IMD_NetCDF_2025
17,Singtam Corridor,Sikkim,27.15,88.5,0.0,0.0,IMD_NetCDF_2025
18,Singtam Corridor,Sikkim,27.15,88.5,0.0,0.0,IMD_NetCDF_2025
19,Singtam Corridor,Sikkim,27.15,88.5,0.0,0.0,IMD_NetCDF_2025
20,Singtam Corridor,Sikkim,27.15,88.5,0.0,0.0,IMD_NetCDF_2025
21,Singtam Corridor,Sikkim,27.15,88.5,0.0,0.0,IMD_NetCDF_2025
22,Singtam Corridor,Sikkim,27.15,88.5,0.0,0.0,IMD_NetCDF_2025
23,Singtam Corridor,Sikkim,27.15,88.5,0.0,0.0,IMD_NetCDF_2025
24,Singtam Corridor,Sikkim,27.15,88.5,0.0,0.0,IMD_NetCDF_2025
25,Singtam Corridor,Sikkim,27.15,88.5,0.0,0.0,IMD_NetCDF_2025
26,Singtam Corridor,Sikkim,27.15,88.5,0.41,0.41,IMD_NetCDF_2025
27,Singtam Corridor,Sikkim,27.15,88.5,0.0,0.41,IMD_NetCDF_2025
28,Singtam Corridor,Sikkim,27.15,88.5,0.0,0.41,IMD_NetCDF_2025
29,Singtam Corridor,Sikkim,27.15,88.5,0.35,0.35,IMD_NetCDF_2025
30,Singtam Corridor,Sikkim,27.15,88.5,0.0,0.35,IMD_NetCDF_2025
31,Singtam Corridor,Sikkim,27.15,88.5,1.08,1.44,IMD_NetCDF_2025
32,Singtam Corridor,Sikkim,27.15,88.5,0.0,1.08,IMD_NetCDF_2025
33,Singtam Corridor,Sikkim,27.15,88.5,0.0,1.08,IMD_NetCDF_2025
34,Singtam Corridor,Sikkim,27.15,88.5,0.0,0.0,IMD_NetCDF_2025
35,Singtam Corridor,Sikkim,27.15,88.5,0.0,0.0,IMD_NetCDF_2025
36,Singtam Corridor,Sikkim,27.15,88.5,0.0,0.0,IMD_NetCDF_2025
37,Singtam Corridor,Sikkim,27.15,88.5,0.12,0.12,IMD_NetCDF_2025
38,Singtam Corridor,Sikkim,27.15,88.5,0.0,0.12,IMD_NetCDF_2025
39,Singtam Corridor,Sikkim,27.15,88.5,2.07,2.19,IMD_NetCDF_2025
40,Singtam Corridor,Sikkim,27.15,88.5,0.0,2.07,IMD_NetCDF_2025
41,Singtam Corridor,Sikkim,27.15,88.5,0.0,2.07,IMD_NetCDF_2025
42,Singtam Corridor,Sikkim,27.15,88.5,0.24,0.24,IMD_NetCDF_2025
43,Singtam Corridor,Sikkim,27.15,88.5,1.84,2.08,IMD_NetCDF_2025
44,Singtam Corridor,Sikkim,27.15,88.5,2.21,4.29,IMD_NetCDF_2025
45,Singtam Corridor,Sikkim,27.15,88.5,0.46,4.52,IMD_NetCDF_2025
46,Singtam Corridor,Sikkim,27.15,88.5,9.35,12.02,IMD_NetCDF_2025
47,Singtam Corridor,Sikkim,27.15,88.5,16.54,26.35,IMD_NetCDF_2025
48,Singtam Corridor,Sikkim,27.15,88.5,1.01,26.9,IMD_NetCDF_2025
49,Singtam Corridor,Sikkim,27.15,88.5,0.16,17.71,IMD_NetCDF_2025
50,Singtam Corridor,Sikkim,27.15,88.5,3.04,4.21,IMD_NetCDF_2025
51,Singtam Corridor,Sikkim,27.15,88.5,1.88,5.09,IMD_NetCDF_2025
52,Singtam Corridor,Sikkim,27.15,88.5,5.5,10.43,IMD_NetCDF_2025
53,Singtam Corridor,Sikkim,27.15,88.5,8.8,16.18,IMD_NetCDF_2025
54,Singtam Corridor,Sikkim,27.15,88.5,0.51,14.81,IMD_NetCDF_2025
55,Singtam Corridor,Sikkim,27.15,88.5,5.66,14.97,IMD_NetCDF_2025
56,Singtam Corridor,Sikkim,27.15,88.5,7.65,13.83,IMD_NetCDF_2025
57,Singtam Corridor,Sikkim,27.15,88.5,0.0,13.31,IMD_NetCDF_2025
58,Singtam Corridor,Sikkim,27.15,88.5,0.0,7.65,IMD_NetCDF_2025
59,Singtam Corridor,Sikkim,27.15,88.5,3.62,3.62,IMD_NetCDF_2025
60,Singtam Corridor,Sikkim,27.15,88.5,3.12,6.74,IMD_NetCDF_2025
61,Singtam Corridor,Sikkim,27.15,88.5,0.96,7.7,IMD_NetCDF_2025
62,Singtam Corridor,Sikkim,27.15,88.5,0.0,4.08,IMD_NetCDF_2025
63,Singtam Corridor,Sikkim,27.15,88.5,0.0,0.96,IMD_NetCDF_2025
64,Singtam Corridor,Sikkim,27.15,88.5,0.0,0.0,IMD_NetCDF_2025
65,Singtam Corridor,Sikkim,27.15,88.5,1.67,1.67,IMD_NetCDF_2025
66,Singtam Corridor,Sikkim,27.15,88.5,0.17,1.84,IMD_NetCDF_2025
67,Singtam Corridor,Sikkim,27.15,88.5,4.78,6.62,IMD_NetCDF_2025
68,Singtam Corridor,Sikkim,27.15,88.5,9.17,14.12,IMD_NetCDF_2025
69,Singtam Corridor,Sikkim,27.15,88.5,0.0,13.95,IMD_NetCDF_2025
70,Singtam Corridor,Sikkim,27.15,88.5,0.8,9.96,IMD_NetCDF_2025
71,Singtam Corridor,Sikkim,27.15,88.5,3.51,4.3,IMD_NetCDF_2025
72,Singtam Corridor,Sikkim,27.15,88.5,10.19,14.49,IMD_NetCDF_2025
73,Singtam Corridor,Sikkim,27.15,88.5,28.38,42.08,IMD_NetCDF_2025
74,Singtam Corridor,Sikkim,27.15,88.5,12.73,51.3,IMD_NetCDF_2025
75,Singtam Corridor,Sikkim,27.15,88.5,7.65,48.77,IMD_NetCDF_2025
76,Singtam Corridor,Sikkim,27.15,88.5,10.32,30.71,IMD_NetCDF_2025
77,Singtam Corridor,Sikkim,27.15,88.5,0.0,17.98,IMD_NetCDF_2025
78,Singtam Corridor,Sikkim,27.15,88.5,0.0,10.32,IMD_NetCDF_2025
79,Singtam Corridor,Sikkim,27.15,88.5,0.0,0.0,IMD_NetCDF_2025
80,Singtam Corridor,Sikkim,27.15,88.5,0.0,0.0,IMD_NetCDF_2025
81,Singtam Corridor,Sikkim,27.15,88.5,1.67,1.67,IMD_NetCDF_2025
82,Singtam Corridor,Sikkim,27.15,88.5,3.92,5.59,IMD_NetCDF_2025
83,Singtam Corridor,Sikkim,27.15,88.5,0.36,5.94,IMD_NetCDF_2025
84,Singtam Corridor,Sikkim,27.15,88.5,0.0,4.27,IMD_NetCDF_2025
85,Singtam Corridor,Sikkim,27.15,88.5,0.0,0.36,IMD_NetCDF_2025
86,Singtam Corridor,Sikkim,27.15,88.5,0.0,0.0,IMD_NetCDF_2025
87,Singtam Corridor,Sikkim,27.15,88.5,0.0,0.0,IMD_NetCDF_2025
88,Singtam Corridor,Sikkim,27.15,88.5,7.54,7.54,IMD_NetCDF_2025
89,Singtam Corridor,Sikkim,27.15,88.5,14.73,22.27,IMD_NetCDF_2025
90,Singtam Corridor,Sikkim,27.15,88.5,0.0,22.27,IMD_NetCDF_2025
91,Singtam Corridor,Sikkim,27.15,88.5,0.0,14.73,IMD_NetCDF_2025
92,Singtam Corridor,Sikkim,27.15,88.5,0.0,0.0,IMD_NetCDF_2025
93,Singtam Corridor,Sikkim,27.15,88.5,0.0,0.0,IMD_NetCDF_2025
94,Singtam Corridor,Sikkim,27.15,88.5,2.75,2.75,IMD_NetCDF_2025
95,Singtam Corridor,Sikkim,27.15,88.5,0.0,2.75,IMD_NetCDF_2025
96,Singtam Corridor,Sikkim,27.15,88.5,0.0,2.75,IMD_NetCDF_2025
97,Singtam Corridor,Sikkim,27.15,88.5,0.0,0.0,IMD_NetCDF_2025
98,Singtam Corridor,Sikkim,27.15,88.5,9.47,9.47,IMD_NetCDF_2025
99,Singtam Corridor,Sikkim,27.15,88.5,7.14,16.61,IMD_NetCDF_2025
100,Singtam Corridor,Sikkim,27.15,88.5,9.44,26.05,IMD_NetCDF_2025
101,Singtam Corridor,Sikkim,27.15,88.5,8.74,25.32,IMD_NetCDF_2025
102,Singtam Corridor,Sikkim,27.15,88.5,5.32,23.5,IMD_NetCDF_2025
103,Singtam Corridor,Sikkim,27.15,88.5,23.15,37.21,IMD_NetCDF_2025
104,Singtam Corridor,Sikkim,27.15,88.5,4.05,32.52,IMD_NetCDF_2025
105,Singtam Corridor,Sikkim,27.15,88.5,0.0,27.2,IMD_NetCDF_2025
106,Singtam Corridor,Sikkim,27.15,88.5,6.01,10.05,IMD_NetCDF_2025
107,Singtam Corridor,Sikkim,27.15,88.5,12.75,18.76,IMD_NetCDF_2025
108,Singtam Corridor,Sikkim,27.15,88.5,16.65,35.41,IMD_NetCDF_2025
109,Singtam Corridor,Sikkim,27.15,88.5,0.0,29.4,IMD_NetCDF_2025
110,Singtam Corridor,Sikkim,27.15,88.5,1.49,18.14,IMD_NetCDF_2025
111,Singtam Corridor,Sikkim,27.15,88.5,1.1,2.59,IMD_NetCDF_2025
112,Singtam Corridor,Sikkim,27.15,88.5,46.89,49.48,IMD_NetCDF_2025
113,Singtam Corridor,Sikkim,27.15,88.5,11.32,59.31,IMD_NetCDF_2025
114,Singtam Corridor,Sikkim,27.15,88.5,18.29,76.51,IMD_NetCDF_2025
115,Singtam Corridor,Sikkim,27.15,88.5,0.0,29.62,IMD_NetCDF_2025
116,Singtam Corridor,Sikkim,27.15,88.5,0.53,18.83,IMD_NetCDF_2025
117,Singtam Corridor,Sikkim,27.15,88.5,8.74,9.27,IMD_NetCDF_2025
118,Singtam Corridor,Sikkim,27.15,88.5,29.33,38.61,IMD_NetCDF_2025
119,Singtam Corridor,Sikkim,27.15,88.5,9.41,47.49,IMD_NetCDF_2025
120,Singtam Corridor,Sikkim,27.15,88.5,0.84,39.59,IMD_NetCDF_2025
121,Singtam Corridor,Sikkim,27.15,88.5,9.92,20.18,IMD_NetCDF_2025
122,Singtam Corridor,Sikkim,27.15,88.5,4.19,14.96,IMD_NetCDF_2025
123,Singtam Corridor,Sikkim,27.15,88.5,6.79,20.91,IMD_NetCDF_2025
124,Singtam Corridor,Sikkim,27.15,88.5,1.42,12.41,IMD_NetCDF_2025
125,Singtam Corridor,Sikkim,27.15,88.5,15.13,23.34,IMD_NetCDF_2025
126,Singtam Corridor,Sikkim,27.15,88.5,7.25,23.8,IMD_NetCDF_2025
127,Singtam Corridor,Sikkim,27.15,88.5,16.83,39.21,IMD_NetCDF_2025
128,Singtam Corridor,Sikkim,27.15,88.5,0.0,24.08,IMD_NetCDF_2025
129,Singtam Corridor,Sikkim,27.15,88.5,9.36,26.19,IMD_NetCDF_2025
130,Singtam Corridor,Sikkim,27.15,88.5,21.05,30.41,IMD_NetCDF_2025
131,Singtam Corridor,Sikkim,27.15,88.5,7.54,37.95,IMD_NetCDF_2025
132,Singtam Corridor,Sikkim,27.15,88.5,25.63,54.22,IMD_NetCDF_2025
133,Singtam Corridor,Sikkim,27.15,88.5,47.14,80.31,IMD_NetCDF_2025
134,Singtam Corridor,Sikkim,27.15,88.5,9.33,82.1,IMD_NetCDF_2025
135,Singtam Corridor,Sikkim,27.15,88.5,16.36,72.83,IMD_NetCDF_2025
136,Singtam Corridor,Sikkim,27.15,88.5,23.42,49.11,IMD_NetCDF_2025
137,Singtam Corridor,Sikkim,27.15,88.5,18.71,58.49,IMD_NetCDF_2025
138,Singtam Corridor,Sikkim,27.15,88.5,3.37,45.5,IMD_NetCDF_2025
139,Singtam Corridor,Sikkim,27.15,88.5,22.91,44.99,IMD_NetCDF_2025
140,Singtam Corridor,Sikkim,27.15,88.5,2.68,28.95,IMD_NetCDF_2025
141,Singtam Corridor,Sikkim,27.15,88.5,60.77,86.35,IMD_NetCDF_2025
142,Singtam Corridor,Sikkim,27.15,88.5,3.15,66.59,IMD_NetCDF_2025
143,Singtam Corridor,Sikkim,27.15,88.5,1.27,65.19,IMD_NetCDF_2025
144,Singtam Corridor,Sikkim,27.15,88.5,16.31,20.72,IMD_NetCDF_2025
145,Singtam Corridor,Sikkim,27.15,88.5,0.37,17.95,IMD_NetCDF_2025
146,Singtam Corridor,Sikkim,27.15,88.5,2.8,19.48,IMD_NetCDF_2025
147,Singtam Corridor,Sikkim,27.15,88.5,3.12,6.29,IMD_NetCDF_2025
148,Singtam Corridor,Sikkim,27.15,88.5,3.34,9.26,IMD_NetCDF_2025
149,Singtam Corridor,Sikkim,27.15,88.5,24.81,31.27,IMD_NetCDF_2025
150,Singtam Corridor,Sikkim,27.15,88.5,12.67,40.82,IMD_NetCDF_2025
151,Singtam Corridor,Sikkim,27.15,88.5,14.05,51.52,IMD_NetCDF_2025
152,Singtam Corridor,Sikkim,27.15,88.5,7.58,34.29,IMD_NetCDF_2025
153,Singtam Corridor,Sikkim,27.15,88.5,22.28,43.9,IMD_NetCDF_2025
154,Singtam Corridor,Sikkim,27.15,88.5,5.26,35.12,IMD_NetCDF_2025
155,Singtam Corridor,Sikkim,27.15,88.5,9.88,37.43,IMD_NetCDF_2025
156,Singtam Corridor,Sikkim,27.15,88.5,16.35,31.49,IMD_NetCDF_2025
157,Singtam Corridor,Sikkim,27.15,88.5,7.1,33.33,IMD_NetCDF_2025
158,Singtam Corridor,Sikkim,27.15,88.5,4.06,27.51,IMD_NetCDF_2025
159,Singtam Corridor,Sikkim,27.15,88.5,16.77,27.93,IMD_NetCDF_2025
160,Singtam Corridor,Sikkim,27.15,88.5,0.0,20.83,IMD_NetCDF_2025
161,Singtam Corridor,Sikkim,27.15,88.5,0.0,16.77,IMD_NetCDF_2025
162,Singtam Corridor,Sikkim,27.15,88.5,13.52,13.52,IMD_NetCDF_2025
163,Singtam Corridor,Sikkim,27.15,88.5,1.29,14.81,IMD_NetCDF_2025
164,Singtam Corridor,Sikkim,27.15,88.5,3.36,18.17,IMD_NetCDF_2025
165,Singtam Corridor,Sikkim,27.15,88.5,0.0,4.65,IMD_NetCDF_2025
166,Singtam Corridor,Sikkim,27.15,88.5,20.09,23.45,IMD_NetCDF_2025
167,Singtam Corridor,Sikkim,27.15,88.5,6.12,26.21,IMD_NetCDF_2025
168,Singtam Corridor,Sikkim,27.15,88.5,12.57,38.78,IMD_NetCDF_2025
169,Singtam Corridor,Sikkim,27.15,88.5,23.89,42.58,IMD_NetCDF_2025
170,Singtam Corridor,Sikkim,27.15,88.5,49.48,85.94,IMD_NetCDF_2025
171,Singtam Corridor,Sikkim,27.15,88.5,10.34,83.71,IMD_NetCDF_2025
172,Singtam Corridor,Sikkim,27.15,88.5,12.94,72.76,IMD_NetCDF_2025
173,Singtam Corridor,Sikkim,27.15,88.5,23.86,47.15,IMD_NetCDF_2025
174,Singtam Corridor,Sikkim,27.15,88.5,48.63,85.43,IMD_NetCDF_2025
175,Singtam Corridor,Sikkim,27.15,88.5,29.37,101.86,IMD_NetCDF_2025
176,Singtam Corridor,Sikkim,27.15,88.5,9.81,87.8,IMD_NetCDF_2025
177,Singtam Corridor,Sikkim,27.15,88.5,16.09,55.26,IMD_NetCDF_2025
178,Singtam Corridor,Sikkim,27.15,88.5,14.67,40.56,IMD_NetCDF_2025
179,Singtam Corridor,Sikkim,27.15,88.5,23.17,53.92,IMD_NetCDF_2025
180,Singtam Corridor,Sikkim,27.15,88.5,5.76,43.59,IMD_NetCDF_2025
181,Singtam Corridor,Sikkim,27.15,88.5,1.59,30.51,IMD_NetCDF_2025
182,Singtam Corridor,Sikkim,27.15,88.5,7.36,14.71,IMD_NetCDF_2025
183,Singtam Corridor,Sikkim,27.15,88.5,29.27,38.22,IMD_NetCDF_2025
184,Singtam Corridor,Sikkim,27.15,88.5,10.12,46.75,IMD_NetCDF_2025
185,Singtam Corridor,Sikkim,27.15,88.5,22.73,62.13,IMD_NetCDF_2025
186,Singtam Corridor,Sikkim,27.15,88.5,17.8,50.66,IMD_NetCDF_2025
187,Singtam Corridor,Sikkim,27.15,88.5,7.44,47.98,IMD_NetCDF_2025
188,Singtam Corridor,Sikkim,27.15,88.5,19.5,44.74,IMD_NetCDF_2025
189,Singtam Corridor,Sikkim,27.15,88.5,26.05,52.99,IMD_NetCDF_2025
190,Singtam Corridor,Sikkim,27.15,88.5,28.39,73.94,IMD_NetCDF_2025
191,Singtam Corridor,Sikkim,27.15,88.5,37.56,92.0,IMD_NetCDF_2025
192,Singtam Corridor,Sikkim,27.15,88.5,5.91,71.86,IMD_NetCDF_2025
193,Singtam Corridor,Sikkim,27.15,88.5,0.0,43.47,IMD_NetCDF_2025
194,Singtam Corridor,Sikkim,27.15,88.5,6.16,12.07,IMD_NetCDF_2025
195,Singtam Corridor,Sikkim,27.15,88.5,11.59,17.75,IMD_NetCDF_2025
196,Singtam Corridor,Sikkim,27.15,88.5,44.67,62.42,IMD_NetCDF_2025
197,Singtam Corridor,Sikkim,27.15,88.5,22.2,78.46,IMD_NetCDF_2025
198,Singtam Corridor,Sikkim,27.15,88.5,11.01,77.88,IMD_NetCDF_2025
199,Singtam Corridor,Sikkim,27.15,88.5,12.48,45.69,IMD_NetCDF_2025
200,Singtam Corridor,Sikkim,27.15,88.5,1.42,24.91,IMD_NetCDF_2025
201,Singtam Corridor,Sikkim,27.15,88.5,67.69,81.58,IMD_NetCDF_2025
202,Singtam Corridor,Sikkim,27.15,88.5,0.16,69.27,IMD_NetCDF_2025
203,Singtam Corridor,Sikkim,27.15,88.5,35.01,102.86,IMD_NetCDF_2025
204,Singtam Corridor,Sikkim,27.15,88.5,37.23,72.4,IMD_NetCDF_2025
205,Singtam Corridor,Sikkim,27.15,88.5,9.42,81.65,IMD_NetCDF_2025
206,Singtam Corridor,Sikkim,27.15,88.5,10.49,57.13,IMD_NetCDF_2025
207,Singtam Corridor,Sikkim,27.15,88.5,24.03,43.93,IMD_NetCDF_2025
208,Singtam Corridor,Sikkim,27.15,88.5,5.98,40.49,IMD_NetCDF_2025
209,Singtam Corridor,Sikkim,27.15,88.5,26.79,56.8,IMD_NetCDF_2025
210,Singtam Corridor,Sikkim,27.15,88.5,86.99,119.77,IMD_NetCDF_2025
211,Singtam Corridor,Sikkim,27.15,88.5,38.15,151.94,IMD_NetCDF_2025
212,Singtam Corridor,Sikkim,27.15,88.5,34.82,159.96,IMD_NetCDF_2025
213,Singtam Corridor,Sikkim,27.15,88.5,0.76,73.73,IMD_NetCDF_2025
214,Singtam Corridor,Sikkim,27.15,88.5,55.24,90.83,IMD_NetCDF_2025
215,Singtam Corridor,Sikkim,27.15,88.5,18.28,74.28,IMD_NetCDF_2025
216,Singtam Corridor,Sikkim,27.15,88.5,5.7,79.22,IMD_NetCDF_2025
217,Singtam Corridor,Sikkim,27.15,88.5,7.88,31.86,IMD_NetCDF_2025
218,Singtam Corridor,Sikkim,27.15,88.5,13.29,26.87,IMD_NetCDF_2025
219,Singtam Corridor,Sikkim,27.15,88.5,2.29,23.46,IMD_NetCDF_2025
220,Singtam Corridor,Sikkim,27.15,88.5,26.26,41.84,IMD_NetCDF_2025
221,Singtam Corridor,Sikkim,27.15,88.5,35.4,63.95,IMD_NetCDF_2025
222,Singtam Corridor,Sikkim,27.15,88.5,6.22,67.88,IMD_NetCDF_2025
223,Singtam Corridor,Sikkim,27.15,88.5,5.1,46.72,IMD_NetCDF_2025
224,Singtam Corridor,Sikkim,27.15,88.5,11.95,23.27,IMD_NetCDF_2025
225,Singtam Corridor,Sikkim,27.15,88.5,8.64,25.69,IMD_NetCDF_2025
226,Singtam Corridor,Sikkim,27.15,88.5,87.96,108.56,IMD_NetCDF_2025
227,Singtam Corridor,Sikkim,27.15,88.5,3.45,100.06,IMD_NetCDF_2025
228,Singtam Corridor,Sikkim,27.15,88.5,0.0,91.42,IMD_NetCDF_2025
229,Singtam Corridor,Sikkim,27.15,88.5,14.85,18.3,IMD_NetCDF_2025
230,Singtam Corridor,Sikkim,27.15,88.5,26.68,41.53,IMD_NetCDF_2025
231,Singtam Corridor,Sikkim,27.15,88.5,9.85,51.38,IMD_NetCDF_2025
232,Singtam Corridor,Sikkim,27.15,88.5,19.81,56.34,IMD_NetCDF_2025
233,Singtam Corridor,Sikkim,27.15,88.5,44.05,73.71,IMD_NetCDF_2025
234,Singtam Corridor,Sikkim,27.15,88.5,18.15,82.01,IMD_NetCDF_2025
235,Singtam Corridor,Sikkim,27.15,88.5,9.11,71.31,IMD_NetCDF_2025
236,Singtam Corridor,Sikkim,27.15,88.5,11.93,39.19,IMD_NetCDF_2025
237,Singtam Corridor,Sikkim,27.15,88.5,17.7,38.75,IMD_NetCDF_2025
238,Singtam Corridor,Sikkim,27.15,88.5,10.0,39.64,IMD_NetCDF_2025
239,Singtam Corridor,Sikkim,27.15,88.5,14.81,42.51,IMD_NetCDF_2025
240,Singtam Corridor,Sikkim,27.15,88.5,20.13,44.94,IMD_NetCDF_2025
241,Singtam Corridor,Sikkim,27.15,88.5,7.67,42.61,IMD_NetCDF_2025
242,Singtam Corridor,Sikkim,27.15,88.5,9.83,37.63,IMD_NetCDF_2025
243,Singtam Corridor,Sikkim,27.15,88.5,5.35,22.85,IMD_NetCDF_2025
244,Singtam Corridor,Sikkim,27.15,88.5,24.06,39.24,IMD_NetCDF_2025
245,Singtam Corridor,Sikkim,27.15,88.5,1.1,30.51,IMD_NetCDF_2025
246,Singtam Corridor,Sikkim,27.15,88.5,1.68,26.83,IMD_NetCDF_2025
247,Singtam Corridor,Sikkim,27.15,88.5,5.48,8.25,IMD_NetCDF_2025
248,Singtam Corridor,Sikkim,27.15,88.5,5.92,13.07,IMD_NetCDF_2025
249,Singtam Corridor,Sikkim,27.15,88.5,33.54,44.94,IMD_NetCDF_2025
250,Singtam Corridor,Sikkim,27.15,88.5,4.63,44.09,IMD_NetCDF_2025
251,Singtam Corridor,Sikkim,27.15,88.5,50.21,88.38,IMD_NetCDF_2025
252,Singtam Corridor,Sikkim,27.15,88.5,0.0,54.84,IMD_NetCDF_2025
253,Singtam Corridor,Sikkim,27.15,88.5,13.12,63.32,IMD_NetCDF_2025
254,Singtam Corridor,Sikkim,27.15,88.5,3.25,16.36,IMD_NetCDF_2025
255,Singtam Corridor,Sikkim,27.15,88.5,19.93,36.3,IMD_NetCDF_2025
256,Singtam Corridor,Sikkim,27.15,88.5,15.8,38.98,IMD_NetCDF_2025
257,Singtam Corridor,Sikkim,27.15,88.5,47.07,82.8,IMD_NetCDF_2025
258,Singtam Corridor,Sikkim,27.15,88.5,6.71,69.58,IMD_NetCDF_2025
259,Singtam Corridor,Sikkim,27.15,88.5,54.17,107.95,IMD_NetCDF_2025
260,Singtam Corridor,Sikkim,27.15,88.5,25.74,86.61,IMD_NetCDF_2025
261,Singtam Corridor,Sikkim,27.15,88.5,8.47,88.38,IMD_NetCDF_2025
262,Singtam Corridor,Sikkim,27.15,88.5,12.17,46.38,IMD_NetCDF_2025
263,Singtam Corridor,Sikkim,27.15,88.5,1.44,22.09,IMD_NetCDF_2025
264,Singtam Corridor,Sikkim,27.15,88.5,15.39,29.01,IMD_NetCDF_2025
265,Singtam Corridor,Sikkim,27.15,88.5,6.4,23.24,IMD_NetCDF_2025
266,Singtam Corridor,Sikkim,27.15,88.5,23.51,45.3,IMD_NetCDF_2025
267,Singtam Corridor,Sikkim,27.15,88.5,1.81,31.72,IMD_NetCDF_2025
268,Singtam Corridor,Sikkim,27.15,88.5,35.01,60.32,IMD_NetCDF_2025
269,Singtam Corridor,Sikkim,27.15,88.5,0.0,36.82,IMD_NetCDF_2025
270,Singtam Corridor,Sikkim,27.15,88.5,7.9,42.91,IMD_NetCDF_2025
271,Singtam Corridor,Sikkim,27.15,88.5,1.77,9.67,IMD_NetCDF_2025
272,Singtam Corridor,Sikkim,27.15,88.5,6.19,15.86,IMD_NetCDF_2025
273,Singtam Corridor,Sikkim,27.15,88.5,21.97,29.93,IMD_NetCDF_2025
274,Singtam Corridor,Sikkim,27.15,88.5,16.31,44.47,IMD_NetCDF_2025
275,Singtam Corridor,Sikkim,27.15,88.5,45.3,83.58,IMD_NetCDF_2025
276,Singtam Corridor,Sikkim,27.15,88.5,4.65,66.27,IMD_NetCDF_2025
277,Singtam Corridor,Sikkim,27.15,88.5,7.83,57.79,IMD_NetCDF_2025
278,Singtam Corridor,Sikkim,27.15,88.5,177.44,189.93,IMD_NetCDF_2025
279,Singtam Corridor,Sikkim,27.15,88.5,0.74,186.02,IMD_NetCDF_2025
280,Singtam Corridor,Sikkim,27.15,88.5,1.1,179.28,IMD_NetCDF_2025
281,Singtam Corridor,Sikkim,27.15,88.5,0.0,1.84,IMD_NetCDF_2025
282,Singtam Corridor,Sikkim,27.15,88.5,0.0,1.1,IMD_NetCDF_2025
283,Singtam Corridor,Sikkim,27.15,88.5,0.0,0.0,IMD_NetCDF_2025
284,Singtam Corridor,Sikkim,27.15,88.5,0.0,0.0,IMD_NetCDF_2025
285,Singtam Corridor,Sikkim,27.15,88.5,0.0,0.0,IMD_NetCDF_2025
286,Singtam Corridor,Sikkim,27.15,88.5,0.0,0.0,IMD_NetCDF_2025
287,Singtam Corridor,Sikkim,27.15,88.5,3.89,3.89,IMD_NetCDF_2025
288,Singtam Corridor,Sikkim,27.15,88.5,0.0,3.89,IMD_NetCDF_2025
289,Singtam Corridor,Sikkim,27.15,88.5,0.0,3.89,IMD_NetCDF_2025
290,Singtam Corridor,Sikkim,27.15,88.5,0.0,0.0,IMD_NetCDF_2025
291,Singtam Corridor,Sikkim,27.15,88.5,0.0,0.0,IMD_NetCDF_2025
292,Singtam Corridor,Sikkim,27.15,88.5,0.0,0.0,IMD_NetCDF_2025
293,Singtam Corridor,Sikkim,27.15,88.5,0.0,0.0,IMD_NetCDF_2025
294,Singtam Corridor,Sikkim,27.15,88.5,0.0,0.0,IMD_NetCDF_2025
295,Singtam Corridor,Sikkim,27.15,88.5,0.0,0.0,IMD_NetCDF_2025
296,Singtam Corridor,Sikkim,27.15,88.5,0.0,0.0,IMD_NetCDF_2025
297,Singtam Corridor,Sikkim,27.15,88.5,0.0,0.0,IMD_NetCDF_2025
298,Singtam Corridor,Sikkim,27.15,88.5,0.0,0.0,IMD_NetCDF_2025
299,Singtam Corridor,Sikkim,27.15,88.5,0.0,0.0,IMD_NetCDF_2025
300,Singtam Corridor,Sikkim,27.15,88.5,0.0,0.0,IMD_NetCDF_2025
301,Singtam Corridor,Sikkim,27.15,88.5,0.0,0.0,IMD_NetCDF_2025
302,Singtam Corridor,Sikkim,27.15,88.5,0.0,0.0,IMD_NetCDF_2025
303,Singtam Corridor,Sikkim,27.15,88.5,4.02,4.02,IMD_NetCDF_2025
304,Singtam Corridor,Sikkim,27.15,88.5,39.19,43.21,IMD_NetCDF_2025
305,Singtam Corridor,Sikkim,27.15,88.5,43.42,86.63,IMD_NetCDF_2025
306,Singtam Corridor,Sikkim,27.15,88.5,19.89,102.5,IMD_NetCDF_2025
307,Singtam Corridor,Sikkim,27.15,88.5,2.35,65.66,IMD_NetCDF_2025
308,Singtam Corridor,Sikkim,27.15,88.5,0.37,22.61,IMD_NetCDF_2025
309,Singtam Corridor,Sikkim,27.15,88.5,0.0,2.72,IMD_NetCDF_2025
310,Singtam Corridor,Sikkim,27.15,88.5,0.0,0.37,IMD_NetCDF_2025
311,Singtam Corridor,Sikkim,27.15,88.5,0.0,0.0,IMD_NetCDF_2025
312,Singtam Corridor,Sikkim,27.15,88.5,0.0,0.0,IMD_NetCDF_2025
313,Singtam Corridor,Sikkim,27.15,88.5,0.0,0.0,IMD_NetCDF_2025
314,Singtam Corridor,Sikkim,27.15,88.5,0.0,0.0,IMD_NetCDF_2025
315,Singtam Corridor,Sikkim,27.15,88.5,0.0,0.0,IMD_NetCDF_2025
316,Singtam Corridor,Sikkim,27.15,88.5,0.0,0.0,IMD_NetCDF_2025
317,Singtam Corridor,Sikkim,27.15,88.5,0.0,0.0,IMD_NetCDF_2025
318,Singtam Corridor,Sikkim,27.15,88.5,0.0,0.0,IMD_NetCDF_2025
319,Singtam Corridor,Sikkim,27.15,88.5,0.0,0.0,IMD_NetCDF_2025
320,Singtam Corridor,Sikkim,27.15,88.5,0.0,0.0,IMD_NetCDF_2025
321,Singtam Corridor,Sikkim,27.15,88.5,0.0,0.0,IMD_NetCDF_2025
322,Singtam Corridor,Sikkim,27.15,88.5,0.0,0.0,IMD_NetCDF_2025
323,Singtam Corridor,Sikkim,27.15,88.5,0.0,0.0,IMD_NetCDF_2025
324,Singtam Corridor,Sikkim,27.15,88.5,0.0,0.0,IMD_NetCDF_2025
325,Singtam Corridor,Sikkim,27.15,88.5,0.0,0.0,IMD_NetCDF_2025
326,Singtam Corridor,Sikkim,27.15,88.5,3.24,3.24,IMD_NetCDF_2025
327,Singtam Corridor,Sikkim,27.15,88.5,3.18,6.42,IMD_NetCDF_2025
328,Singtam Corridor,Sikkim,27.15,88.5,0.0,6.42,IMD_NetCDF_2025
329,Singtam Corridor,Sikkim,27.15,88.5,0.0,3.18,IMD_NetCDF_2025
330,Singtam Corridor,Sikkim,27.15,88.5,0.0,0.0,IMD_NetCDF_2025
331,Singtam Corridor,Sikkim,27.15,88.5,0.0,0.0,IMD_NetCDF_2025
332,Singtam Corridor,Sikkim,27.15,88.5,0.0,0.0,IMD_NetCDF_2025
333,Singtam Corridor,Sikkim,27.15,88.5,0.0,0.0,IMD_NetCDF_2025
334,Singtam Corridor,Sikkim,27.15,88.5,0.0,0.0,IMD_NetCDF_2025
335,Singtam Corridor,Sikkim,27.15,88.5,0.0,0.0,IMD_NetCDF_2025
336,Singtam Corridor,Sikkim,27.15,88.5,0.0,0.0,IMD_NetCDF_2025
337,Singtam Corridor,Sikkim,27.15,88.5,0.0,0.0,IMD_NetCDF_2025
338,Singtam Corridor,Sikkim,27.15,88.5,0.0,0.0,IMD_NetCDF_2025
339,Singtam Corridor,Sikkim,27.15,88.5,0.0,0.0,IMD_NetCDF_2025
340,Singtam Corridor,Sikkim,27.15,88.5,0.0,0.0,IMD_NetCDF_2025
341,Singtam Corridor,Sikkim,27.15,88.5,0.0,0.0,IMD_NetCDF_2025
342,Singtam Corridor,Sikkim,27.15,88.5,0.0,0.0,IMD_NetCDF_2025
343,Singtam Corridor,Sikkim,27.15,88.5,0.0,0.0,IMD_NetCDF_2025
344,Singtam Corridor,Sikkim,27.15,88.5,0.0,0.0,IMD_NetCDF_2025
345,Singtam Corridor,Sikkim,27.15,88.5,0.0,0.0,IMD_NetCDF_2025
346,Singtam Corridor,Sikkim,27.15,88.5,0.0,0.0,IMD_NetCDF_2025
347,Singtam Corridor,Sikkim,27.15,88.5,0.0,0.0,IMD_NetCDF_2025
348,Singtam Corridor,Sikkim,27.15,88.5,0.0,0.0,IMD_NetCDF_2025
349,Singtam Corridor,Sikkim,27.15,88.5,0.0,0.0,IMD_NetCDF_2025
350,Singtam Corridor,Sikkim,27.15,88.5,0.0,0.0,IMD_NetCDF_2025
351,Singtam Corridor,Sikkim,27.15,88.5,0.0,0.0,IMD_NetCDF_2025
352,Singtam Corridor,Sikkim,27.15,88.5,0.0,0.0,IMD_NetCDF_2025
353,Singtam Corridor,Sikkim,27.15,88.5,0.0,0.0,IMD_NetCDF_2025
354,Singtam Corridor,Sikkim,27.15,88.5,0.0,0.0,IMD_NetCDF_2025
355,Singtam Corridor,Sikkim,27.15,88.5,0.0,0.0,IMD_NetCDF_2025
356,Singtam Corridor,Sikkim,27.15,88.5,0.0,0.0,IMD_NetCDF_2025
357,Singtam Corridor,Sikkim,27.15,88.5,0.0,0.0,IMD_NetCDF_2025
358,Singtam Corridor,Sikkim,27.15,88.5,0.0,0.0,IMD_NetCDF_2025
359,Singtam Corridor,Sikkim,27.15,88.5,0.0,0.0,IMD_NetCDF_2025
360,Singtam Corridor,Sikkim,27.15,88.5,0.0,0.0,IMD_NetCDF_2025
361,Singtam Corridor,Sikkim,27.15,88.5,0.0,0.0,IMD_NetCDF_2025
362,Singtam Corridor,Sikkim,27.15,88.5,0.0,0.0,IMD_NetCDF_2025
363,Singtam Corridor,Sikkim,27.15,88.5,0.0,0.0,IMD_NetCDF_2025
364,Singtam Corridor,Sikkim,27.15,88.5,0.0,0.0,IMD_NetCDF_2025
365,Singtam Corridor,Sikkim,27.15,88.5,0.0,0.0,IMD_NetCDF_2025
1,Kohima District,Nagaland,25.67,94.11,0.0,0.0,IMD_NetCDF_2025
2,Kohima District,Nagaland,25.67,94.11,0.0,0.0,IMD_NetCDF_2025
3,Kohima District,Nagaland,25.67,94.11,0.0,0.0,IMD_NetCDF_2025
4,Kohima District,Nagaland,25.67,94.11,0.0,0.0,IMD_NetCDF_2025
5,Kohima District,Nagaland,25.67,94.11,0.0,0.0,IMD_NetCDF_2025
6,Kohima District,Nagaland,25.67,94.11,0.0,0.0,IMD_NetCDF_2025
7,Kohima District,Nagaland,25.67,94.11,0.0,0.0,IMD_NetCDF_2025
8,Kohima District,Nagaland,25.67,94.11,2.76,2.76,IMD_NetCDF_2025
9,Kohima District,Nagaland,25.67,94.11,0.0,2.76,IMD_NetCDF_2025
10,Kohima District,Nagaland,25.67,94.11,0.0,2.76,IMD_NetCDF_2025
11,Kohima District,Nagaland,25.67,94.11,0.0,0.0,IMD_NetCDF_2025
12,Kohima District,Nagaland,25.67,94.11,0.0,0.0,IMD_NetCDF_2025
13,Kohima District,Nagaland,25.67,94.11,0.0,0.0,IMD_NetCDF_2025
14,Kohima District,Nagaland,25.67,94.11,0.0,0.0,IMD_NetCDF_2025
15,Kohima District,Nagaland,25.67,94.11,0.0,0.0,IMD_NetCDF_2025
16,Kohima District,Nagaland,25.67,94.11,0.0,0.0,IMD_NetCDF_2025
17,Kohima District,Nagaland,25.67,94.11,0.0,0.0,IMD_NetCDF_2025
18,Kohima District,Nagaland,25.67,94.11,0.0,0.0,IMD_NetCDF_2025
19,Kohima District,Nagaland,25.67,94.11,0.0,0.0,IMD_NetCDF_2025
20,Kohima District,Nagaland,25.67,94.11,0.0,0.0,IMD_NetCDF_2025
21,Kohima District,Nagaland,25.67,94.11,0.0,0.0,IMD_NetCDF_2025
22,Kohima District,Nagaland,25.67,94.11,0.0,0.0,IMD_NetCDF_2025
23,Kohima District,Nagaland,25.67,94.11,0.0,0.0,IMD_NetCDF_2025
24,Kohima District,Nagaland,25.67,94.11,0.0,0.0,IMD_NetCDF_2025
25,Kohima District,Nagaland,25.67,94.11,0.0,0.0,IMD_NetCDF_2025
26,Kohima District,Nagaland,25.67,94.11,0.0,0.0,IMD_NetCDF_2025
27,Kohima District,Nagaland,25.67,94.11,0.0,0.0,IMD_NetCDF_2025
28,Kohima District,Nagaland,25.67,94.11,0.0,0.0,IMD_NetCDF_2025
29,Kohima District,Nagaland,25.67,94.11,0.0,0.0,IMD_NetCDF_2025
30,Kohima District,Nagaland,25.67,94.11,0.0,0.0,IMD_NetCDF_2025
31,Kohima District,Nagaland,25.67,94.11,0.0,0.0,IMD_NetCDF_2025
32,Kohima District,Nagaland,25.67,94.11,0.0,0.0,IMD_NetCDF_2025
33,Kohima District,Nagaland,25.67,94.11,0.0,0.0,IMD_NetCDF_2025
34,Kohima District,Nagaland,25.67,94.11,0.0,0.0,IMD_NetCDF_2025
35,Kohima District,Nagaland,25.67,94.11,0.0,0.0,IMD_NetCDF_2025
36,Kohima District,Nagaland,25.67,94.11,0.0,0.0,IMD_NetCDF_2025
37,Kohima District,Nagaland,25.67,94.11,0.0,0.0,IMD_NetCDF_2025
38,Kohima District,Nagaland,25.67,94.11,0.0,0.0,IMD_NetCDF_2025
39,Kohima District,Nagaland,25.67,94.11,0.0,0.0,IMD_NetCDF_2025
40,Kohima District,Nagaland,25.67,94.11,0.0,0.0,IMD_NetCDF_2025
41,Kohima District,Nagaland,25.67,94.11,0.0,0.0,IMD_NetCDF_2025
42,Kohima District,Nagaland,25.67,94.11,0.0,0.0,IMD_NetCDF_2025
43,Kohima District,Nagaland,25.67,94.11,0.0,0.0,IMD_NetCDF_2025
44,Kohima District,Nagaland,25.67,94.11,0.0,0.0,IMD_NetCDF_2025
45,Kohima District,Nagaland,25.67,94.11,0.98,0.98,IMD_NetCDF_2025
46,Kohima District,Nagaland,25.67,94.11,1.57,2.55,IMD_NetCDF_2025
47,Kohima District,Nagaland,25.67,94.11,0.0,2.55,IMD_NetCDF_2025
48,Kohima District,Nagaland,25.67,94.11,0.0,1.57,IMD_NetCDF_2025
49,Kohima District,Nagaland,25.67,94.11,0.71,0.71,IMD_NetCDF_2025
50,Kohima District,Nagaland,25.67,94.11,0.0,0.71,IMD_NetCDF_2025
51,Kohima District,Nagaland,25.67,94.11,0.0,0.71,IMD_NetCDF_2025
52,Kohima District,Nagaland,25.67,94.11,0.0,0.0,IMD_NetCDF_2025
53,Kohima District,Nagaland,25.67,94.11,3.24,3.24,IMD_NetCDF_2025
54,Kohima District,Nagaland,25.67,94.11,0.0,3.24,IMD_NetCDF_2025
55,Kohima District,Nagaland,25.67,94.11,6.25,9.49,IMD_NetCDF_2025
56,Kohima District,Nagaland,25.67,94.11,0.0,6.25,IMD_NetCDF_2025
57,Kohima District,Nagaland,25.67,94.11,0.0,6.25,IMD_NetCDF_2025
58,Kohima District,Nagaland,25.67,94.11,0.0,0.0,IMD_NetCDF_2025
59,Kohima District,Nagaland,25.67,94.11,0.0,0.0,IMD_NetCDF_2025
60,Kohima District,Nagaland,25.67,94.11,0.0,0.0,IMD_NetCDF_2025
61,Kohima District,Nagaland,25.67,94.11,0.77,0.77,IMD_NetCDF_2025
62,Kohima District,Nagaland,25.67,94.11,0.0,0.77,IMD_NetCDF_2025
63,Kohima District,Nagaland,25.67,94.11,0.0,0.77,IMD_NetCDF_2025
64,Kohima District,Nagaland,25.67,94.11,0.0,0.0,IMD_NetCDF_2025
65,Kohima District,Nagaland,25.67,94.11,0.0,0.0,IMD_NetCDF_2025
66,Kohima District,Nagaland,25.67,94.11,0.0,0.0,IMD_NetCDF_2025
67,Kohima District,Nagaland,25.67,94.11,0.0,0.0,IMD_NetCDF_2025
68,Kohima District,Nagaland,25.67,94.11,0.0,0.0,IMD_NetCDF_2025
69,Kohima District,Nagaland,25.67,94.11,0.0,0.0,IMD_NetCDF_2025
70,Kohima District,Nagaland,25.67,94.11,0.0,0.0,IMD_NetCDF_2025
71,Kohima District,Nagaland,25.67,94.11,0.0,0.0,IMD_NetCDF_2025
72,Kohima District,Nagaland,25.67,94.11,9.78,9.78,IMD_NetCDF_2025
73,Kohima District,Nagaland,25.67,94.11,1.42,11.2,IMD_NetCDF_2025
74,Kohima District,Nagaland,25.67,94.11,0.0,11.2,IMD_NetCDF_2025
75,Kohima District,Nagaland,25.67,94.11,0.0,1.42,IMD_NetCDF_2025
76,Kohima District,Nagaland,25.67,94.11,0.0,0.0,IMD_NetCDF_2025
77,Kohima District,Nagaland,25.67,94.11,0.0,0.0,IMD_NetCDF_2025
78,Kohima District,Nagaland,25.67,94.11,0.0,0.0,IMD_NetCDF_2025
79,Kohima District,Nagaland,25.67,94.11,0.0,0.0,IMD_NetCDF_2025
80,Kohima District,Nagaland,25.67,94.11,4.49,4.49,IMD_NetCDF_2025
81,Kohima District,Nagaland,25.67,94.11,0.44,4.93,IMD_NetCDF_2025
82,Kohima District,Nagaland,25.67,94.11,3.82,8.75,IMD_NetCDF_2025
83,Kohima District,Nagaland,25.67,94.11,4.47,8.73,IMD_NetCDF_2025
84,Kohima District,Nagaland,25.67,94.11,0.0,8.29,IMD_NetCDF_2025
85,Kohima District,Nagaland,25.67,94.11,0.0,4.47,IMD_NetCDF_2025
86,Kohima District,Nagaland,25.67,94.11,0.0,0.0,IMD_NetCDF_2025
87,Kohima District,Nagaland,25.67,94.11,0.0,0.0,IMD_NetCDF_2025
88,Kohima District,Nagaland,25.67,94.11,0.0,0.0,IMD_NetCDF_2025
89,Kohima District,Nagaland,25.67,94.11,0.0,0.0,IMD_NetCDF_2025
90,Kohima District,Nagaland,25.67,94.11,0.0,0.0,IMD_NetCDF_2025
91,Kohima District,Nagaland,25.67,94.11,0.0,0.0,IMD_NetCDF_2025
92,Kohima District,Nagaland,25.67,94.11,0.0,0.0,IMD_NetCDF_2025
93,Kohima District,Nagaland,25.67,94.11,0.0,0.0,IMD_NetCDF_2025
94,Kohima District,Nagaland,25.67,94.11,0.0,0.0,IMD_NetCDF_2025
95,Kohima District,Nagaland,25.67,94.11,0.0,0.0,IMD_NetCDF_2025
96,Kohima District,Nagaland,25.67,94.11,3.96,3.96,IMD_NetCDF_2025
97,Kohima District,Nagaland,25.67,94.11,3.15,7.11,IMD_NetCDF_2025
98,Kohima District,Nagaland,25.67,94.11,0.0,7.11,IMD_NetCDF_2025
99,Kohima District,Nagaland,25.67,94.11,0.0,3.15,IMD_NetCDF_2025
100,Kohima District,Nagaland,25.67,94.11,10.42,10.42,IMD_NetCDF_2025
101,Kohima District,Nagaland,25.67,94.11,7.02,17.44,IMD_NetCDF_2025
102,Kohima District,Nagaland,25.67,94.11,2.23,19.67,IMD_NetCDF_2025
103,Kohima District,Nagaland,25.67,94.11,0.0,9.25,IMD_NetCDF_2025
104,Kohima District,Nagaland,25.67,94.11,0.0,2.23,IMD_NetCDF_2025
105,Kohima District,Nagaland,25.67,94.11,0.0,0.0,IMD_NetCDF_2025
106,Kohima District,Nagaland,25.67,94.11,10.87,10.87,IMD_NetCDF_2025
107,Kohima District,Nagaland,25.67,94.11,4.13,15.0,IMD_NetCDF_2025
108,Kohima District,Nagaland,25.67,94.11,7.25,22.24,IMD_NetCDF_2025
109,Kohima District,Nagaland,25.67,94.11,1.54,12.91,IMD_NetCDF_2025
110,Kohima District,Nagaland,25.67,94.11,1.09,9.87,IMD_NetCDF_2025
111,Kohima District,Nagaland,25.67,94.11,3.06,5.69,IMD_NetCDF_2025
112,Kohima District,Nagaland,25.67,94.11,7.96,12.11,IMD_NetCDF_2025
113,Kohima District,Nagaland,25.67,94.11,0.0,11.02,IMD_NetCDF_2025
114,Kohima District,Nagaland,25.67,94.11,0.0,7.96,IMD_NetCDF_2025
115,Kohima District,Nagaland,25.67,94.11,0.0,0.0,IMD_NetCDF_2025
116,Kohima District,Nagaland,25.67,94.11,0.0,0.0,IMD_NetCDF_2025
117,Kohima District,Nagaland,25.67,94.11,7.81,7.81,IMD_NetCDF_2025
118,Kohima District,Nagaland,25.67,94.11,0.0,7.81,IMD_NetCDF_2025
119,Kohima District,Nagaland,25.67,94.11,8.58,16.39,IMD_NetCDF_2025
120,Kohima District,Nagaland,25.67,94.11,2.7,11.28,IMD_NetCDF_2025
121,Kohima District,Nagaland,25.67,94.11,5.5,16.78,IMD_NetCDF_2025
122,Kohima District,Nagaland,25.67,94.11,11.14,19.34,IMD_NetCDF_2025
123,Kohima District,Nagaland,25.67,94.11,3.05,19.69,IMD_NetCDF_2025
124,Kohima District,Nagaland,25.67,94.11,5.17,19.37,IMD_NetCDF_2025
125,Kohima District,Nagaland,25.67,94.11,0.55,8.78,IMD_NetCDF_2025
126,Kohima District,Nagaland,25.67,94.11,7.65,13.37,IMD_NetCDF_2025
127,Kohima District,Nagaland,25.67,94.11,7.86,16.06,IMD_NetCDF_2025
128,Kohima District,Nagaland,25.67,94.11,12.38,27.89,IMD_NetCDF_2025
129,Kohima District,Nagaland,25.67,94.11,0.64,20.88,IMD_NetCDF_2025
130,Kohima District,Nagaland,25.67,94.11,0.82,13.84,IMD_NetCDF_2025
131,Kohima District,Nagaland,25.67,94.11,1.13,2.59,IMD_NetCDF_2025
132,Kohima District,Nagaland,25.67,94.11,11.67,13.62,IMD_NetCDF_2025
133,Kohima District,Nagaland,25.67,94.11,1.72,14.52,IMD_NetCDF_2025
134,Kohima District,Nagaland,25.67,94.11,0.35,13.74,IMD_NetCDF_2025
135,Kohima District,Nagaland,25.67,94.11,0.0,2.07,IMD_NetCDF_2025
136,Kohima District,Nagaland,25.67,94.11,1.79,2.14,IMD_NetCDF_2025
137,Kohima District,Nagaland,25.67,94.11,0.25,2.04,IMD_NetCDF_2025
138,Kohima District,Nagaland,25.67,94.11,0.31,2.35,IMD_NetCDF_2025
139,Kohima District,Nagaland,25.67,94.11,1.8,2.36,IMD_NetCDF_2025
140,Kohima District,Nagaland,25.67,94.11,4.85,6.96,IMD_NetCDF_2025
141,Kohima District,Nagaland,25.67,94.11,12.41,19.05,IMD_NetCDF_2025
142,Kohima District,Nagaland,25.67,94.11,3.55,20.81,IMD_NetCDF_2025
143,Kohima District,Nagaland,25.67,94.11,3.24,19.2,IMD_NetCDF_2025
144,Kohima District,Nagaland,25.67,94.11,1.49,8.28,IMD_NetCDF_2025
145,Kohima District,Nagaland,25.67,94.11,6.81,11.54,IMD_NetCDF_2025
146,Kohima District,Nagaland,25.67,94.11,18.08,26.38,IMD_NetCDF_2025
147,Kohima District,Nagaland,25.67,94.11,9.51,34.4,IMD_NetCDF_2025
148,Kohima District,Nagaland,25.67,94.11,0.76,28.35,IMD_NetCDF_2025
149,Kohima District,Nagaland,25.67,94.11,6.61,16.88,IMD_NetCDF_2025
150,Kohima District,Nagaland,25.67,94.11,22.95,30.32,IMD_NetCDF_2025
151,Kohima District,Nagaland,25.67,94.11,42.89,72.45,IMD_NetCDF_2025
152,Kohima District,Nagaland,25.67,94.11,17.13,82.97,IMD_NetCDF_2025
153,Kohima District,Nagaland,25.67,94.11,2.97,62.99,IMD_NetCDF_2025
154,Kohima District,Nagaland,25.67,94.11,18.61,38.71,IMD_NetCDF_2025
155,Kohima District,Nagaland,25.67,94.11,4.37,25.96,IMD_NetCDF_2025
156,Kohima District,Nagaland,25.67,94.11,2.79,25.78,IMD_NetCDF_2025
157,Kohima District,Nagaland,25.67,94.11,2.66,9.82,IMD_NetCDF_2025
158,Kohima District,Nagaland,25.67,94.11,0.0,5.45,IMD_NetCDF_2025
159,Kohima District,Nagaland,25.67,94.11,2.11,4.76,IMD_NetCDF_2025
160,Kohima District,Nagaland,25.67,94.11,10.06,12.17,IMD_NetCDF_2025
161,Kohima District,Nagaland,25.67,94.11,1.07,13.24,IMD_NetCDF_2025
162,Kohima District,Nagaland,25.67,94.11,3.99,15.12,IMD_NetCDF_2025
163,Kohima District,Nagaland,25.67,94.11,0.13,5.2,IMD_NetCDF_2025
164,Kohima District,Nagaland,25.67,94.11,0.0,4.12,IMD_NetCDF_2025
165,Kohima District,Nagaland,25.67,94.11,6.09,6.23,IMD_NetCDF_2025
166,Kohima District,Nagaland,25.67,94.11,15.06,21.15,IMD_NetCDF_2025
167,Kohima District,Nagaland,25.67,94.11,9.28,30.44,IMD_NetCDF_2025
168,Kohima District,Nagaland,25.67,94.11,28.76,53.1,IMD_NetCDF_2025
169,Kohima District,Nagaland,25.67,94.11,12.22,50.27,IMD_NetCDF_2025
170,Kohima District,Nagaland,25.67,94.11,19.7,60.69,IMD_NetCDF_2025
171,Kohima District,Nagaland,25.67,94.11,10.42,42.35,IMD_NetCDF_2025
172,Kohima District,Nagaland,25.67,94.11,8.2,38.33,IMD_NetCDF_2025
173,Kohima District,Nagaland,25.67,94.11,16.25,34.88,IMD_NetCDF_2025
174,Kohima District,Nagaland,25.67,94.11,21.87,46.32,IMD_NetCDF_2025
175,Kohima District,Nagaland,25.67,94.11,8.83,46.95,IMD_NetCDF_2025
176,Kohima District,Nagaland,25.67,94.11,11.02,41.72,IMD_NetCDF_2025
177,Kohima District,Nagaland,25.67,94.11,7.48,27.33,IMD_NetCDF_2025
178,Kohima District,Nagaland,25.67,94.11,6.72,25.21,IMD_NetCDF_2025
179,Kohima District,Nagaland,25.67,94.11,1.59,15.78,IMD_NetCDF_2025
180,Kohima District,Nagaland,25.67,94.11,6.66,14.97,IMD_NetCDF_2025
181,Kohima District,Nagaland,25.67,94.11,4.02,12.27,IMD_NetCDF_2025
182,Kohima District,Nagaland,25.67,94.11,11.84,22.52,IMD_NetCDF_2025
183,Kohima District,Nagaland,25.67,94.11,6.22,22.08,IMD_NetCDF_2025
184,Kohima District,Nagaland,25.67,94.11,5.87,23.93,IMD_NetCDF_2025
185,Kohima District,Nagaland,25.67,94.11,7.27,19.36,IMD_NetCDF_2025
186,Kohima District,Nagaland,25.67,94.11,6.92,20.06,IMD_NetCDF_2025
187,Kohima District,Nagaland,25.67,94.11,33.21,47.4,IMD_NetCDF_2025
188,Kohima District,Nagaland,25.67,94.11,5.59,45.71,IMD_NetCDF_2025
189,Kohima District,Nagaland,25.67,94.11,22.59,61.38,IMD_NetCDF_2025
190,Kohima District,Nagaland,25.67,94.11,3.58,31.75,IMD_NetCDF_2025
191,Kohima District,Nagaland,25.67,94.11,12.95,39.12,IMD_NetCDF_2025
192,Kohima District,Nagaland,25.67,94.11,1.04,17.58,IMD_NetCDF_2025
193,Kohima District,Nagaland,25.67,94.11,0.0,14.0,IMD_NetCDF_2025
194,Kohima District,Nagaland,25.67,94.11,0.0,1.04,IMD_NetCDF_2025
195,Kohima District,Nagaland,25.67,94.11,0.0,0.0,IMD_NetCDF_2025
196,Kohima District,Nagaland,25.67,94.11,1.33,1.33,IMD_NetCDF_2025
197,Kohima District,Nagaland,25.67,94.11,7.45,8.78,IMD_NetCDF_2025
198,Kohima District,Nagaland,25.67,94.11,2.41,11.19,IMD_NetCDF_2025
199,Kohima District,Nagaland,25.67,94.11,0.6,10.46,IMD_NetCDF_2025
200,Kohima District,Nagaland,25.67,94.11,1.4,4.42,IMD_NetCDF_2025
201,Kohima District,Nagaland,25.67,94.11,1.87,3.87,IMD_NetCDF_2025
202,Kohima District,Nagaland,25.67,94.11,18.49,21.76,IMD_NetCDF_2025
203,Kohima District,Nagaland,25.67,94.11,0.22,20.58,IMD_NetCDF_2025
204,Kohima District,Nagaland,25.67,94.11,4.04,22.75,IMD_NetCDF_2025
205,Kohima District,Nagaland,25.67,94.11,0.0,4.26,IMD_NetCDF_2025
206,Kohima District,Nagaland,25.67,94.11,1.82,5.86,IMD_NetCDF_2025
207,Kohima District,Nagaland,25.67,94.11,0.18,2.0,IMD_NetCDF_2025
208,Kohima District,Nagaland,25.67,94.11,15.0,17.0,IMD_NetCDF_2025
209,Kohima District,Nagaland,25.67,94.11,18.8,33.99,IMD_NetCDF_2025
210,Kohima District,Nagaland,25.67,94.11,8.79,42.6,IMD_NetCDF_2025
211,Kohima District,Nagaland,25.67,94.11,13.66,41.25,IMD_NetCDF_2025
212,Kohima District,Nagaland,25.67,94.11,28.27,50.73,IMD_NetCDF_2025
213,Kohima District,Nagaland,25.67,94.11,6.36,48.3,IMD_NetCDF_2025
214,Kohima District,Nagaland,25.67,94.11,27.92,62.56,IMD_NetCDF_2025
215,Kohima District,Nagaland,25.67,94.11,36.79,71.08,IMD_NetCDF_2025
216,Kohima District,Nagaland,25.67,94.11,1.82,66.54,IMD_NetCDF_2025
217,Kohima District,Nagaland,25.67,94.11,0.0,38.61,IMD_NetCDF_2025
218,Kohima District,Nagaland,25.67,94.11,5.44,7.26,IMD_NetCDF_2025
219,Kohima District,Nagaland,25.67,94.11,42.03,47.46,IMD_NetCDF_2025
220,Kohima District,Nagaland,25.67,94.11,21.61,69.08,IMD_NetCDF_2025
221,Kohima District,Nagaland,25.67,94.11,9.34,72.98,IMD_NetCDF_2025
222,Kohima District,Nagaland,25.67,94.11,0.51,31.47,IMD_NetCDF_2025
223,Kohima District,Nagaland,25.67,94.11,0.89,10.75,IMD_NetCDF_2025
224,Kohima District,Nagaland,25.67,94.11,3.33,4.74,IMD_NetCDF_2025
225,Kohima District,Nagaland,25.67,94.11,16.19,20.42,IMD_NetCDF_2025
226,Kohima District,Nagaland,25.67,94.11,20.77,40.29,IMD_NetCDF_2025
227,Kohima District,Nagaland,25.67,94.11,11.57,48.53,IMD_NetCDF_2025
228,Kohima District,Nagaland,25.67,94.11,1.15,33.48,IMD_NetCDF_2025
229,Kohima District,Nagaland,25.67,94.11,31.83,44.54,IMD_NetCDF_2025
230,Kohima District,Nagaland,25.67,94.11,0.23,33.2,IMD_NetCDF_2025
231,Kohima District,Nagaland,25.67,94.11,0.0,32.06,IMD_NetCDF_2025
232,Kohima District,Nagaland,25.67,94.11,25.97,26.2,IMD_NetCDF_2025
233,Kohima District,Nagaland,25.67,94.11,18.77,44.74,IMD_NetCDF_2025
234,Kohima District,Nagaland,25.67,94.11,18.69,63.43,IMD_NetCDF_2025
235,Kohima District,Nagaland,25.67,94.11,10.34,47.8,IMD_NetCDF_2025
236,Kohima District,Nagaland,25.67,94.11,19.36,48.39,IMD_NetCDF_2025
237,Kohima District,Nagaland,25.67,94.11,15.45,45.15,IMD_NetCDF_2025
238,Kohima District,Nagaland,25.67,94.11,13.9,48.72,IMD_NetCDF_2025
239,Kohima District,Nagaland,25.67,94.11,2.13,31.49,IMD_NetCDF_2025
240,Kohima District,Nagaland,25.67,94.11,11.95,27.99,IMD_NetCDF_2025
241,Kohima District,Nagaland,25.67,94.11,14.53,28.62,IMD_NetCDF_2025
242,Kohima District,Nagaland,25.67,94.11,14.29,40.77,IMD_NetCDF_2025
243,Kohima District,Nagaland,25.67,94.11,16.03,44.85,IMD_NetCDF_2025
244,Kohima District,Nagaland,25.67,94.11,6.01,36.33,IMD_NetCDF_2025
245,Kohima District,Nagaland,25.67,94.11,0.0,22.04,IMD_NetCDF_2025
246,Kohima District,Nagaland,25.67,94.11,0.0,6.01,IMD_NetCDF_2025
247,Kohima District,Nagaland,25.67,94.11,1.2,1.2,IMD_NetCDF_2025
248,Kohima District,Nagaland,25.67,94.11,10.26,11.46,IMD_NetCDF_2025
249,Kohima District,Nagaland,25.67,94.11,0.0,11.46,IMD_NetCDF_2025
250,Kohima District,Nagaland,25.67,94.11,3.34,13.6,IMD_NetCDF_2025
251,Kohima District,Nagaland,25.67,94.11,30.67,34.01,IMD_NetCDF_2025
252,Kohima District,Nagaland,25.67,94.11,5.84,39.85,IMD_NetCDF_2025
253,Kohima District,Nagaland,25.67,94.11,8.13,44.64,IMD_NetCDF_2025
254,Kohima District,Nagaland,25.67,94.11,8.41,22.38,IMD_NetCDF_2025
255,Kohima District,Nagaland,25.67,94.11,26.15,42.7,IMD_NetCDF_2025
256,Kohima District,Nagaland,25.67,94.11,6.05,40.62,IMD_NetCDF_2025
257,Kohima District,Nagaland,25.67,94.11,39.05,71.25,IMD_NetCDF_2025
258,Kohima District,Nagaland,25.67,94.11,52.01,97.1,IMD_NetCDF_2025
259,Kohima District,Nagaland,25.67,94.11,9.99,101.04,IMD_NetCDF_2025
260,Kohima District,Nagaland,25.67,94.11,22.85,84.85,IMD_NetCDF_2025
261,Kohima District,Nagaland,25.67,94.11,8.26,41.1,IMD_NetCDF_2025
262,Kohima District,Nagaland,25.67,94.11,6.0,37.11,IMD_NetCDF_2025
263,Kohima District,Nagaland,25.67,94.11,28.12,42.38,IMD_NetCDF_2025
264,Kohima District,Nagaland,25.67,94.11,11.5,45.62,IMD_NetCDF_2025
265,Kohima District,Nagaland,25.67,94.11,1.91,41.53,IMD_NetCDF_2025
266,Kohima District,Nagaland,25.67,94.11,6.15,19.56,IMD_NetCDF_2025
267,Kohima District,Nagaland,25.67,94.11,5.12,13.18,IMD_NetCDF_2025
268,Kohima District,Nagaland,25.67,94.11,11.95,23.22,IMD_NetCDF_2025
269,Kohima District,Nagaland,25.67,94.11,0.0,17.07,IMD_NetCDF_2025
270,Kohima District,Nagaland,25.67,94.11,1.96,13.91,IMD_NetCDF_2025
271,Kohima District,Nagaland,25.67,94.11,6.68,8.63,IMD_NetCDF_2025
272,Kohima District,Nagaland,25.67,94.11,3.45,12.08,IMD_NetCDF_2025
273,Kohima District,Nagaland,25.67,94.11,0.46,10.58,IMD_NetCDF_2025
274,Kohima District,Nagaland,25.67,94.11,1.52,5.43,IMD_NetCDF_2025
275,Kohima District,Nagaland,25.67,94.11,31.11,33.09,IMD_NetCDF_2025
276,Kohima District,Nagaland,25.67,94.11,30.84,63.47,IMD_NetCDF_2025
277,Kohima District,Nagaland,25.67,94.11,2.41,64.36,IMD_NetCDF_2025
278,Kohima District,Nagaland,25.67,94.11,0.22,33.47,IMD_NetCDF_2025
279,Kohima District,Nagaland,25.67,94.11,17.54,20.18,IMD_NetCDF_2025
280,Kohima District,Nagaland,25.67,94.11,2.09,19.85,IMD_NetCDF_2025
281,Kohima District,Nagaland,25.67,94.11,0.78,20.41,IMD_NetCDF_2025
282,Kohima District,Nagaland,25.67,94.11,5.58,8.45,IMD_NetCDF_2025
283,Kohima District,Nagaland,25.67,94.11,12.05,18.41,IMD_NetCDF_2025
284,Kohima District,Nagaland,25.67,94.11,12.36,29.99,IMD_NetCDF_2025
285,Kohima District,Nagaland,25.67,94.11,16.96,41.37,IMD_NetCDF_2025
286,Kohima District,Nagaland,25.67,94.11,0.83,30.15,IMD_NetCDF_2025
287,Kohima District,Nagaland,25.67,94.11,0.0,17.8,IMD_NetCDF_2025
288,Kohima District,Nagaland,25.67,94.11,0.0,0.83,IMD_NetCDF_2025
289,Kohima District,Nagaland,25.67,94.11,0.0,0.0,IMD_NetCDF_2025
290,Kohima District,Nagaland,25.67,94.11,0.0,0.0,IMD_NetCDF_2025
291,Kohima District,Nagaland,25.67,94.11,0.0,0.0,IMD_NetCDF_2025
292,Kohima District,Nagaland,25.67,94.11,0.0,0.0,IMD_NetCDF_2025
293,Kohima District,Nagaland,25.67,94.11,0.0,0.0,IMD_NetCDF_2025
294,Kohima District,Nagaland,25.67,94.11,0.0,0.0,IMD_NetCDF_2025
295,Kohima District,Nagaland,25.67,94.11,0.0,0.0,IMD_NetCDF_2025
296,Kohima District,Nagaland,25.67,94.11,0.0,0.0,IMD_NetCDF_2025
297,Kohima District,Nagaland,25.67,94.11,1.94,1.94,IMD_NetCDF_2025
298,Kohima District,Nagaland,25.67,94.11,4.1,6.04,IMD_NetCDF_2025
299,Kohima District,Nagaland,25.67,94.11,0.0,6.04,IMD_NetCDF_2025
300,Kohima District,Nagaland,25.67,94.11,0.7,4.79,IMD_NetCDF_2025
301,Kohima District,Nagaland,25.67,94.11,0.0,0.7,IMD_NetCDF_2025
302,Kohima District,Nagaland,25.67,94.11,0.84,1.54,IMD_NetCDF_2025
303,Kohima District,Nagaland,25.67,94.11,0.17,1.01,IMD_NetCDF_2025
304,Kohima District,Nagaland,25.67,94.11,0.0,1.01,IMD_NetCDF_2025
305,Kohima District,Nagaland,25.67,94.11,0.22,0.39,IMD_NetCDF_2025
306,Kohima District,Nagaland,25.67,94.11,4.34,4.56,IMD_NetCDF_2025
307,Kohima District,Nagaland,25.67,94.11,1.54,6.1,IMD_NetCDF_2025
308,Kohima District,Nagaland,25.67,94.11,0.0,5.88,IMD_NetCDF_2025
309,Kohima District,Nagaland,25.67,94.11,5.61,7.15,IMD_NetCDF_2025
310,Kohima District,Nagaland,25.67,94.11,13.44,19.05,IMD_NetCDF_2025
311,Kohima District,Nagaland,25.67,94.11,2.96,22.01,IMD_NetCDF_2025
312,Kohima District,Nagaland,25.67,94.11,0.0,16.4,IMD_NetCDF_2025
313,Kohima District,Nagaland,25.67,94.11,0.0,2.96,IMD_NetCDF_2025
314,Kohima District,Nagaland,25.67,94.11,0.0,0.0,IMD_NetCDF_2025
315,Kohima District,Nagaland,25.67,94.11,0.0,0.0,IMD_NetCDF_2025
316,Kohima District,Nagaland,25.67,94.11,0.0,0.0,IMD_NetCDF_2025
317,Kohima District,Nagaland,25.67,94.11,0.0,0.0,IMD_NetCDF_2025
318,Kohima District,Nagaland,25.67,94.11,0.0,0.0,IMD_NetCDF_2025
319,Kohima District,Nagaland,25.67,94.11,0.0,0.0,IMD_NetCDF_2025
320,Kohima District,Nagaland,25.67,94.11,0.0,0.0,IMD_NetCDF_2025
321,Kohima District,Nagaland,25.67,94.11,0.0,0.0,IMD_NetCDF_2025
322,Kohima District,Nagaland,25.67,94.11,0.0,0.0,IMD_NetCDF_2025
323,Kohima District,Nagaland,25.67,94.11,0.0,0.0,IMD_NetCDF_2025
324,Kohima District,Nagaland,25.67,94.11,0.0,0.0,IMD_NetCDF_2025
325,Kohima District,Nagaland,25.67,94.11,0.0,0.0,IMD_NetCDF_2025
326,Kohima District,Nagaland,25.67,94.11,0.51,0.51,IMD_NetCDF_2025
327,Kohima District,Nagaland,25.67,94.11,0.4,0.91,IMD_NetCDF_2025
328,Kohima District,Nagaland,25.67,94.11,0.0,0.91,IMD_NetCDF_2025
329,Kohima District,Nagaland,25.67,94.11,0.0,0.4,IMD_NetCDF_2025
330,Kohima District,Nagaland,25.67,94.11,0.0,0.0,IMD_NetCDF_2025
331,Kohima District,Nagaland,25.67,94.11,0.0,0.0,IMD_NetCDF_2025
332,Kohima District,Nagaland,25.67,94.11,0.0,0.0,IMD_NetCDF_2025
333,Kohima District,Nagaland,25.67,94.11,0.0,0.0,IMD_NetCDF_2025
334,Kohima District,Nagaland,25.67,94.11,0.0,0.0,IMD_NetCDF_2025
335,Kohima District,Nagaland,25.67,94.11,0.0,0.0,IMD_NetCDF_2025
336,Kohima District,Nagaland,25.67,94.11,0.0,0.0,IMD_NetCDF_2025
337,Kohima District,Nagaland,25.67,94.11,0.0,0.0,IMD_NetCDF_2025
338,Kohima District,Nagaland,25.67,94.11,0.0,0.0,IMD_NetCDF_2025
339,Kohima District,Nagaland,25.67,94.11,0.0,0.0,IMD_NetCDF_2025
340,Kohima District,Nagaland,25.67,94.11,0.0,0.0,IMD_NetCDF_2025
341,Kohima District,Nagaland,25.67,94.11,0.0,0.0,IMD_NetCDF_2025
342,Kohima District,Nagaland,25.67,94.11,0.0,0.0,IMD_NetCDF_2025
343,Kohima District,Nagaland,25.67,94.11,0.0,0.0,IMD_NetCDF_2025
344,Kohima District,Nagaland,25.67,94.11,0.0,0.0,IMD_NetCDF_2025
345,Kohima District,Nagaland,25.67,94.11,0.0,0.0,IMD_NetCDF_2025
346,Kohima District,Nagaland,25.67,94.11,0.0,0.0,IMD_NetCDF_2025
347,Kohima District,Nagaland,25.67,94.11,0.0,0.0,IMD_NetCDF_2025
348,Kohima District,Nagaland,25.67,94.11,0.0,0.0,IMD_NetCDF_2025
349,Kohima District,Nagaland,25.67,94.11,0.0,0.0,IMD_NetCDF_2025
350,Kohima District,Nagaland,25.67,94.11,0.0,0.0,IMD_NetCDF_2025
351,Kohima District,Nagaland,25.67,94.11,0.0,0.0,IMD_NetCDF_2025
352,Kohima District,Nagaland,25.67,94.11,0.0,0.0,IMD_NetCDF_2025
353,Kohima District,Nagaland,25.67,94.11,0.0,0.0,IMD_NetCDF_2025
354,Kohima District,Nagaland,25.67,94.11,0.0,0.0,IMD_NetCDF_2025
355,Kohima District,Nagaland,25.67,94.11,0.0,0.0,IMD_NetCDF_2025
356,Kohima District,Nagaland,25.67,94.11,0.0,0.0,IMD_NetCDF_2025
357,Kohima District,Nagaland,25.67,94.11,0.0,0.0,IMD_NetCDF_2025
358,Kohima District,Nagaland,25.67,94.11,0.0,0.0,IMD_NetCDF_2025
359,Kohima District,Nagaland,25.67,94.11,0.0,0.0,IMD_NetCDF_2025
360,Kohima District,Nagaland,25.67,94.11,0.0,0.0,IMD_NetCDF_2025
361,Kohima District,Nagaland,25.67,94.11,0.0,0.0,IMD_NetCDF_2025
362,Kohima District,Nagaland,25.67,94.11,0.0,0.0,IMD_NetCDF_2025
363,Kohima District,Nagaland,25.67,94.11,0.0,0.0,IMD_NetCDF_2025
364,Kohima District,Nagaland,25.67,94.11,0.0,0.0,IMD_NetCDF_2025
365,Kohima District,Nagaland,25.67,94.11,0.0,0.0,IMD_NetCDF_2025
1,Aizawl District,Mizoram,23.73,92.71,0.0,0.0,IMD_NetCDF_2025
2,Aizawl District,Mizoram,23.73,92.71,0.0,0.0,IMD_NetCDF_2025
3,Aizawl District,Mizoram,23.73,92.71,0.0,0.0,IMD_NetCDF_2025
4,Aizawl District,Mizoram,23.73,92.71,0.0,0.0,IMD_NetCDF_2025
5,Aizawl District,Mizoram,23.73,92.71,0.0,0.0,IMD_NetCDF_2025
6,Aizawl District,Mizoram,23.73,92.71,0.0,0.0,IMD_NetCDF_2025
7,Aizawl District,Mizoram,23.73,92.71,0.0,0.0,IMD_NetCDF_2025
8,Aizawl District,Mizoram,23.73,92.71,0.0,0.0,IMD_NetCDF_2025
9,Aizawl District,Mizoram,23.73,92.71,0.0,0.0,IMD_NetCDF_2025
10,Aizawl District,Mizoram,23.73,92.71,0.0,0.0,IMD_NetCDF_2025
11,Aizawl District,Mizoram,23.73,92.71,0.0,0.0,IMD_NetCDF_2025
12,Aizawl District,Mizoram,23.73,92.71,0.0,0.0,IMD_NetCDF_2025
13,Aizawl District,Mizoram,23.73,92.71,0.0,0.0,IMD_NetCDF_2025
14,Aizawl District,Mizoram,23.73,92.71,0.0,0.0,IMD_NetCDF_2025
15,Aizawl District,Mizoram,23.73,92.71,0.0,0.0,IMD_NetCDF_2025
16,Aizawl District,Mizoram,23.73,92.71,0.0,0.0,IMD_NetCDF_2025
17,Aizawl District,Mizoram,23.73,92.71,0.0,0.0,IMD_NetCDF_2025
18,Aizawl District,Mizoram,23.73,92.71,0.0,0.0,IMD_NetCDF_2025
19,Aizawl District,Mizoram,23.73,92.71,0.0,0.0,IMD_NetCDF_2025
20,Aizawl District,Mizoram,23.73,92.71,0.0,0.0,IMD_NetCDF_2025
21,Aizawl District,Mizoram,23.73,92.71,0.0,0.0,IMD_NetCDF_2025
22,Aizawl District,Mizoram,23.73,92.71,0.0,0.0,IMD_NetCDF_2025
23,Aizawl District,Mizoram,23.73,92.71,0.0,0.0,IMD_NetCDF_2025
24,Aizawl District,Mizoram,23.73,92.71,0.0,0.0,IMD_NetCDF_2025
25,Aizawl District,Mizoram,23.73,92.71,0.0,0.0,IMD_NetCDF_2025
26,Aizawl District,Mizoram,23.73,92.71,0.0,0.0,IMD_NetCDF_2025
27,Aizawl District,Mizoram,23.73,92.71,0.0,0.0,IMD_NetCDF_2025
28,Aizawl District,Mizoram,23.73,92.71,0.0,0.0,IMD_NetCDF_2025
29,Aizawl District,Mizoram,23.73,92.71,0.0,0.0,IMD_NetCDF_2025
30,Aizawl District,Mizoram,23.73,92.71,0.0,0.0,IMD_NetCDF_2025
31,Aizawl District,Mizoram,23.73,92.71,0.0,0.0,IMD_NetCDF_2025
32,Aizawl District,Mizoram,23.73,92.71,0.0,0.0,IMD_NetCDF_2025
33,Aizawl District,Mizoram,23.73,92.71,0.0,0.0,IMD_NetCDF_2025
34,Aizawl District,Mizoram,23.73,92.71,0.0,0.0,IMD_NetCDF_2025
35,Aizawl District,Mizoram,23.73,92.71,0.0,0.0,IMD_NetCDF_2025
36,Aizawl District,Mizoram,23.73,92.71,0.0,0.0,IMD_NetCDF_2025
37,Aizawl District,Mizoram,23.73,92.71,0.0,0.0,IMD_NetCDF_2025
38,Aizawl District,Mizoram,23.73,92.71,0.0,0.0,IMD_NetCDF_2025
39,Aizawl District,Mizoram,23.73,92.71,0.0,0.0,IMD_NetCDF_2025
40,Aizawl District,Mizoram,23.73,92.71,0.0,0.0,IMD_NetCDF_2025
41,Aizawl District,Mizoram,23.73,92.71,0.0,0.0,IMD_NetCDF_2025
42,Aizawl District,Mizoram,23.73,92.71,0.0,0.0,IMD_NetCDF_2025
43,Aizawl District,Mizoram,23.73,92.71,0.0,0.0,IMD_NetCDF_2025
44,Aizawl District,Mizoram,23.73,92.71,0.0,0.0,IMD_NetCDF_2025
45,Aizawl District,Mizoram,23.73,92.71,0.0,0.0,IMD_NetCDF_2025
46,Aizawl District,Mizoram,23.73,92.71,0.0,0.0,IMD_NetCDF_2025
47,Aizawl District,Mizoram,23.73,92.71,0.0,0.0,IMD_NetCDF_2025
48,Aizawl District,Mizoram,23.73,92.71,0.0,0.0,IMD_NetCDF_2025
49,Aizawl District,Mizoram,23.73,92.71,0.0,0.0,IMD_NetCDF_2025
50,Aizawl District,Mizoram,23.73,92.71,0.0,0.0,IMD_NetCDF_2025
51,Aizawl District,Mizoram,23.73,92.71,0.0,0.0,IMD_NetCDF_2025
52,Aizawl District,Mizoram,23.73,92.71,0.0,0.0,IMD_NetCDF_2025
53,Aizawl District,Mizoram,23.73,92.71,0.0,0.0,IMD_NetCDF_2025
54,Aizawl District,Mizoram,23.73,92.71,0.0,0.0,IMD_NetCDF_2025
55,Aizawl District,Mizoram,23.73,92.71,0.0,0.0,IMD_NetCDF_2025
56,Aizawl District,Mizoram,23.73,92.71,0.0,0.0,IMD_NetCDF_2025
57,Aizawl District,Mizoram,23.73,92.71,0.0,0.0,IMD_NetCDF_2025
58,Aizawl District,Mizoram,23.73,92.71,0.0,0.0,IMD_NetCDF_2025
59,Aizawl District,Mizoram,23.73,92.71,0.0,0.0,IMD_NetCDF_2025
60,Aizawl District,Mizoram,23.73,92.71,0.0,0.0,IMD_NetCDF_2025
61,Aizawl District,Mizoram,23.73,92.71,0.0,0.0,IMD_NetCDF_2025
62,Aizawl District,Mizoram,23.73,92.71,0.0,0.0,IMD_NetCDF_2025
63,Aizawl District,Mizoram,23.73,92.71,0.0,0.0,IMD_NetCDF_2025
64,Aizawl District,Mizoram,23.73,92.71,0.0,0.0,IMD_NetCDF_2025
65,Aizawl District,Mizoram,23.73,92.71,0.0,0.0,IMD_NetCDF_2025
66,Aizawl District,Mizoram,23.73,92.71,0.0,0.0,IMD_NetCDF_2025
67,Aizawl District,Mizoram,23.73,92.71,0.0,0.0,IMD_NetCDF_2025
68,Aizawl District,Mizoram,23.73,92.71,0.0,0.0,IMD_NetCDF_2025
69,Aizawl District,Mizoram,23.73,92.71,0.0,0.0,IMD_NetCDF_2025
70,Aizawl District,Mizoram,23.73,92.71,0.0,0.0,IMD_NetCDF_2025
71,Aizawl District,Mizoram,23.73,92.71,0.0,0.0,IMD_NetCDF_2025
72,Aizawl District,Mizoram,23.73,92.71,0.0,0.0,IMD_NetCDF_2025
73,Aizawl District,Mizoram,23.73,92.71,0.0,0.0,IMD_NetCDF_2025
74,Aizawl District,Mizoram,23.73,92.71,0.0,0.0,IMD_NetCDF_2025
75,Aizawl District,Mizoram,23.73,92.71,0.0,0.0,IMD_NetCDF_2025
76,Aizawl District,Mizoram,23.73,92.71,0.0,0.0,IMD_NetCDF_2025
77,Aizawl District,Mizoram,23.73,92.71,0.0,0.0,IMD_NetCDF_2025
78,Aizawl District,Mizoram,23.73,92.71,2.81,2.81,IMD_NetCDF_2025
79,Aizawl District,Mizoram,23.73,92.71,0.0,2.81,IMD_NetCDF_2025
80,Aizawl District,Mizoram,23.73,92.71,0.0,2.81,IMD_NetCDF_2025
81,Aizawl District,Mizoram,23.73,92.71,0.0,0.0,IMD_NetCDF_2025
82,Aizawl District,Mizoram,23.73,92.71,0.0,0.0,IMD_NetCDF_2025
83,Aizawl District,Mizoram,23.73,92.71,0.0,0.0,IMD_NetCDF_2025
84,Aizawl District,Mizoram,23.73,92.71,0.0,0.0,IMD_NetCDF_2025
85,Aizawl District,Mizoram,23.73,92.71,0.0,0.0,IMD_NetCDF_2025
86,Aizawl District,Mizoram,23.73,92.71,0.0,0.0,IMD_NetCDF_2025
87,Aizawl District,Mizoram,23.73,92.71,0.0,0.0,IMD_NetCDF_2025
88,Aizawl District,Mizoram,23.73,92.71,0.0,0.0,IMD_NetCDF_2025
89,Aizawl District,Mizoram,23.73,92.71,0.0,0.0,IMD_NetCDF_2025
90,Aizawl District,Mizoram,23.73,92.71,0.0,0.0,IMD_NetCDF_2025
91,Aizawl District,Mizoram,23.73,92.71,0.0,0.0,IMD_NetCDF_2025
92,Aizawl District,Mizoram,23.73,92.71,0.0,0.0,IMD_NetCDF_2025
93,Aizawl District,Mizoram,23.73,92.71,0.0,0.0,IMD_NetCDF_2025
94,Aizawl District,Mizoram,23.73,92.71,0.0,0.0,IMD_NetCDF_2025
95,Aizawl District,Mizoram,23.73,92.71,0.0,0.0,IMD_NetCDF_2025
96,Aizawl District,Mizoram,23.73,92.71,0.0,0.0,IMD_NetCDF_2025
97,Aizawl District,Mizoram,23.73,92.71,11.36,11.36,IMD_NetCDF_2025
98,Aizawl District,Mizoram,23.73,92.71,0.0,11.36,IMD_NetCDF_2025
99,Aizawl District,Mizoram,23.73,92.71,0.0,11.36,IMD_NetCDF_2025
100,Aizawl District,Mizoram,23.73,92.71,1.49,1.49,IMD_NetCDF_2025
101,Aizawl District,Mizoram,23.73,92.71,11.23,12.73,IMD_NetCDF_2025
102,Aizawl District,Mizoram,23.73,92.71,0.0,12.73,IMD_NetCDF_2025
103,Aizawl District,Mizoram,23.73,92.71,0.0,11.23,IMD_NetCDF_2025
104,Aizawl District,Mizoram,23.73,92.71,0.0,0.0,IMD_NetCDF_2025
105,Aizawl District,Mizoram,23.73,92.71,2.05,2.05,IMD_NetCDF_2025
106,Aizawl District,Mizoram,23.73,92.71,1.58,3.63,IMD_NetCDF_2025
107,Aizawl District,Mizoram,23.73,92.71,20.0,23.63,IMD_NetCDF_2025
108,Aizawl District,Mizoram,23.73,92.71,8.47,30.05,IMD_NetCDF_2025
109,Aizawl District,Mizoram,23.73,92.71,9.04,37.5,IMD_NetCDF_2025
110,Aizawl District,Mizoram,23.73,92.71,0.0,17.5,IMD_NetCDF_2025
111,Aizawl District,Mizoram,23.73,92.71,4.14,13.17,IMD_NetCDF_2025
112,Aizawl District,Mizoram,23.73,92.71,0.23,4.37,IMD_NetCDF_2025
113,Aizawl District,Mizoram,23.73,92.71,0.0,4.37,IMD_NetCDF_2025
114,Aizawl District,Mizoram,23.73,92.71,0.0,0.23,IMD_NetCDF_2025
115,Aizawl District,Mizoram,23.73,92.71,0.0,0.0,IMD_NetCDF_2025
116,Aizawl District,Mizoram,23.73,92.71,0.0,0.0,IMD_NetCDF_2025
117,Aizawl District,Mizoram,23.73,92.71,0.0,0.0,IMD_NetCDF_2025
118,Aizawl District,Mizoram,23.73,92.71,0.0,0.0,IMD_NetCDF_2025
119,Aizawl District,Mizoram,23.73,92.71,18.66,18.66,IMD_NetCDF_2025
120,Aizawl District,Mizoram,23.73,92.71,0.0,18.66,IMD_NetCDF_2025
121,Aizawl District,Mizoram,23.73,92.71,0.0,18.66,IMD_NetCDF_2025
122,Aizawl District,Mizoram,23.73,92.71,9.99,9.99,IMD_NetCDF_2025
123,Aizawl District,Mizoram,23.73,92.71,35.91,45.9,IMD_NetCDF_2025
124,Aizawl District,Mizoram,23.73,92.71,2.7,48.6,IMD_NetCDF_2025
125,Aizawl District,Mizoram,23.73,92.71,4.03,42.64,IMD_NetCDF_2025
126,Aizawl District,Mizoram,23.73,92.71,0.0,6.73,IMD_NetCDF_2025
127,Aizawl District,Mizoram,23.73,92.71,7.41,11.43,IMD_NetCDF_2025
128,Aizawl District,Mizoram,23.73,92.71,0.0,7.41,IMD_NetCDF_2025
129,Aizawl District,Mizoram,23.73,92.71,0.0,7.41,IMD_NetCDF_2025
130,Aizawl District,Mizoram,23.73,92.71,9.99,9.99,IMD_NetCDF_2025
131,Aizawl District,Mizoram,23.73,92.71,0.39,10.38,IMD_NetCDF_2025
132,Aizawl District,Mizoram,23.73,92.71,26.64,37.02,IMD_NetCDF_2025
133,Aizawl District,Mizoram,23.73,92.71,11.26,38.29,IMD_NetCDF_2025
134,Aizawl District,Mizoram,23.73,92.71,2.45,40.35,IMD_NetCDF_2025
135,Aizawl District,Mizoram,23.73,92.71,0.28,13.99,IMD_NetCDF_2025
136,Aizawl District,Mizoram,23.73,92.71,0.33,3.06,IMD_NetCDF_2025
137,Aizawl District,Mizoram,23.73,92.71,9.38,9.98,IMD_NetCDF_2025
138,Aizawl District,Mizoram,23.73,92.71,34.8,44.51,IMD_NetCDF_2025
139,Aizawl District,Mizoram,23.73,92.71,0.49,44.66,IMD_NetCDF_2025
140,Aizawl District,Mizoram,23.73,92.71,1.71,37.0,IMD_NetCDF_2025
141,Aizawl District,Mizoram,23.73,92.71,35.93,38.13,IMD_NetCDF_2025
142,Aizawl District,Mizoram,23.73,92.71,7.59,45.23,IMD_NetCDF_2025
143,Aizawl District,Mizoram,23.73,92.71,11.04,54.57,IMD_NetCDF_2025
144,Aizawl District,Mizoram,23.73,92.71,3.03,21.67,IMD_NetCDF_2025
145,Aizawl District,Mizoram,23.73,92.71,16.51,30.59,IMD_NetCDF_2025
146,Aizawl District,Mizoram,23.73,92.71,40.08,59.62,IMD_NetCDF_2025
147,Aizawl District,Mizoram,23.73,92.71,13.76,70.34,IMD_NetCDF_2025
148,Aizawl District,Mizoram,23.73,92.71,0.14,53.98,IMD_NetCDF_2025
149,Aizawl District,Mizoram,23.73,92.71,26.33,40.23,IMD_NetCDF_2025
150,Aizawl District,Mizoram,23.73,92.71,58.55,85.02,IMD_NetCDF_2025
151,Aizawl District,Mizoram,23.73,92.71,75.85,160.73,IMD_NetCDF_2025
152,Aizawl District,Mizoram,23.73,92.71,85.45,219.85,IMD_NetCDF_2025
153,Aizawl District,Mizoram,23.73,92.71,65.74,227.04,IMD_NetCDF_2025
154,Aizawl District,Mizoram,23.73,92.71,34.56,185.75,IMD_NetCDF_2025
155,Aizawl District,Mizoram,23.73,92.71,1.53,101.83,IMD_NetCDF_2025
156,Aizawl District,Mizoram,23.73,92.71,4.64,40.73,IMD_NetCDF_2025
157,Aizawl District,Mizoram,23.73,92.71,7.31,13.49,IMD_NetCDF_2025
158,Aizawl District,Mizoram,23.73,92.71,14.11,26.06,IMD_NetCDF_2025
159,Aizawl District,Mizoram,23.73,92.71,8.59,30.01,IMD_NetCDF_2025
160,Aizawl District,Mizoram,23.73,92.71,8.49,31.18,IMD_NetCDF_2025
161,Aizawl District,Mizoram,23.73,92.71,6.49,23.56,IMD_NetCDF_2025
162,Aizawl District,Mizoram,23.73,92.71,14.72,29.69,IMD_NetCDF_2025
163,Aizawl District,Mizoram,23.73,92.71,7.8,29.01,IMD_NetCDF_2025
164,Aizawl District,Mizoram,23.73,92.71,17.47,39.99,IMD_NetCDF_2025
165,Aizawl District,Mizoram,23.73,92.71,18.37,43.64,IMD_NetCDF_2025
166,Aizawl District,Mizoram,23.73,92.71,68.24,104.08,IMD_NetCDF_2025
167,Aizawl District,Mizoram,23.73,92.71,28.61,115.22,IMD_NetCDF_2025
168,Aizawl District,Mizoram,23.73,92.71,14.21,111.06,IMD_NetCDF_2025
169,Aizawl District,Mizoram,23.73,92.71,4.4,47.22,IMD_NetCDF_2025
170,Aizawl District,Mizoram,23.73,92.71,8.86,27.47,IMD_NetCDF_2025
171,Aizawl District,Mizoram,23.73,92.71,7.84,21.1,IMD_NetCDF_2025
172,Aizawl District,Mizoram,23.73,92.71,1.34,18.03,IMD_NetCDF_2025
173,Aizawl District,Mizoram,23.73,92.71,0.26,9.44,IMD_NetCDF_2025
174,Aizawl District,Mizoram,23.73,92.71,10.83,12.43,IMD_NetCDF_2025
175,Aizawl District,Mizoram,23.73,92.71,3.52,14.62,IMD_NetCDF_2025
176,Aizawl District,Mizoram,23.73,92.71,15.81,30.16,IMD_NetCDF_2025
177,Aizawl District,Mizoram,23.73,92.71,29.0,48.34,IMD_NetCDF_2025
178,Aizawl District,Mizoram,23.73,92.71,0.0,44.81,IMD_NetCDF_2025
179,Aizawl District,Mizoram,23.73,92.71,3.53,32.53,IMD_NetCDF_2025
180,Aizawl District,Mizoram,23.73,92.71,5.02,8.55,IMD_NetCDF_2025
181,Aizawl District,Mizoram,23.73,92.71,47.35,55.9,IMD_NetCDF_2025
182,Aizawl District,Mizoram,23.73,92.71,19.68,72.05,IMD_NetCDF_2025
183,Aizawl District,Mizoram,23.73,92.71,32.63,99.67,IMD_NetCDF_2025
184,Aizawl District,Mizoram,23.73,92.71,8.65,60.97,IMD_NetCDF_2025
185,Aizawl District,Mizoram,23.73,92.71,5.32,46.61,IMD_NetCDF_2025
186,Aizawl District,Mizoram,23.73,92.71,1.13,15.1,IMD_NetCDF_2025
187,Aizawl District,Mizoram,23.73,92.71,3.41,9.86,IMD_NetCDF_2025
188,Aizawl District,Mizoram,23.73,92.71,17.43,21.97,IMD_NetCDF_2025
189,Aizawl District,Mizoram,23.73,92.71,8.53,29.37,IMD_NetCDF_2025
190,Aizawl District,Mizoram,23.73,92.71,61.93,87.89,IMD_NetCDF_2025
191,Aizawl District,Mizoram,23.73,92.71,12.05,82.51,IMD_NetCDF_2025
192,Aizawl District,Mizoram,23.73,92.71,1.87,75.85,IMD_NetCDF_2025
193,Aizawl District,Mizoram,23.73,92.71,28.68,42.6,IMD_NetCDF_2025
194,Aizawl District,Mizoram,23.73,92.71,0.37,30.92,IMD_NetCDF_2025
195,Aizawl District,Mizoram,23.73,92.71,0.0,29.05,IMD_NetCDF_2025
196,Aizawl District,Mizoram,23.73,92.71,11.1,11.47,IMD_NetCDF_2025
197,Aizawl District,Mizoram,23.73,92.71,0.31,11.41,IMD_NetCDF_2025
198,Aizawl District,Mizoram,23.73,92.71,5.36,16.77,IMD_NetCDF_2025
199,Aizawl District,Mizoram,23.73,92.71,1.43,7.09,IMD_NetCDF_2025
200,Aizawl District,Mizoram,23.73,92.71,3.21,10.0,IMD_NetCDF_2025
201,Aizawl District,Mizoram,23.73,92.71,63.56,68.2,IMD_NetCDF_2025
202,Aizawl District,Mizoram,23.73,92.71,9.5,76.27,IMD_NetCDF_2025
203,Aizawl District,Mizoram,23.73,92.71,41.1,114.15,IMD_NetCDF_2025
204,Aizawl District,Mizoram,23.73,92.71,30.52,81.12,IMD_NetCDF_2025
205,Aizawl District,Mizoram,23.73,92.71,1.41,73.03,IMD_NetCDF_2025
206,Aizawl District,Mizoram,23.73,92.71,2.27,34.2,IMD_NetCDF_2025
207,Aizawl District,Mizoram,23.73,92.71,24.88,28.56,IMD_NetCDF_2025
208,Aizawl District,Mizoram,23.73,92.71,3.43,30.58,IMD_NetCDF_2025
209,Aizawl District,Mizoram,23.73,92.71,3.48,31.79,IMD_NetCDF_2025
210,Aizawl District,Mizoram,23.73,92.71,6.71,13.62,IMD_NetCDF_2025
211,Aizawl District,Mizoram,23.73,92.71,21.01,31.2,IMD_NetCDF_2025
212,Aizawl District,Mizoram,23.73,92.71,1.74,29.47,IMD_NetCDF_2025
213,Aizawl District,Mizoram,23.73,92.71,1.25,24.0,IMD_NetCDF_2025
214,Aizawl District,Mizoram,23.73,92.71,24.87,27.86,IMD_NetCDF_2025
215,Aizawl District,Mizoram,23.73,92.71,3.2,29.32,IMD_NetCDF_2025
216,Aizawl District,Mizoram,23.73,92.71,29.92,57.99,IMD_NetCDF_2025
217,Aizawl District,Mizoram,23.73,92.71,34.98,68.11,IMD_NetCDF_2025
218,Aizawl District,Mizoram,23.73,92.71,19.26,84.16,IMD_NetCDF_2025
219,Aizawl District,Mizoram,23.73,92.71,0.75,54.99,IMD_NetCDF_2025
220,Aizawl District,Mizoram,23.73,92.71,1.8,21.81,IMD_NetCDF_2025
221,Aizawl District,Mizoram,23.73,92.71,1.49,4.04,IMD_NetCDF_2025
222,Aizawl District,Mizoram,23.73,92.71,0.36,3.65,IMD_NetCDF_2025
223,Aizawl District,Mizoram,23.73,92.71,0.0,1.85,IMD_NetCDF_2025
224,Aizawl District,Mizoram,23.73,92.71,1.69,2.06,IMD_NetCDF_2025
225,Aizawl District,Mizoram,23.73,92.71,23.72,25.42,IMD_NetCDF_2025
226,Aizawl District,Mizoram,23.73,92.71,9.7,35.11,IMD_NetCDF_2025
227,Aizawl District,Mizoram,23.73,92.71,15.2,48.62,IMD_NetCDF_2025
228,Aizawl District,Mizoram,23.73,92.71,8.89,33.79,IMD_NetCDF_2025
229,Aizawl District,Mizoram,23.73,92.71,7.75,31.84,IMD_NetCDF_2025
230,Aizawl District,Mizoram,23.73,92.71,2.0,18.64,IMD_NetCDF_2025
231,Aizawl District,Mizoram,23.73,92.71,7.3,17.05,IMD_NetCDF_2025
232,Aizawl District,Mizoram,23.73,92.71,19.96,29.26,IMD_NetCDF_2025
233,Aizawl District,Mizoram,23.73,92.71,4.71,31.97,IMD_NetCDF_2025
234,Aizawl District,Mizoram,23.73,92.71,2.18,26.85,IMD_NetCDF_2025
235,Aizawl District,Mizoram,23.73,92.71,2.2,9.08,IMD_NetCDF_2025
236,Aizawl District,Mizoram,23.73,92.71,6.06,10.44,IMD_NetCDF_2025
237,Aizawl District,Mizoram,23.73,92.71,3.01,11.27,IMD_NetCDF_2025
238,Aizawl District,Mizoram,23.73,92.71,38.81,47.89,IMD_NetCDF_2025
239,Aizawl District,Mizoram,23.73,92.71,38.58,80.4,IMD_NetCDF_2025
240,Aizawl District,Mizoram,23.73,92.71,22.27,99.66,IMD_NetCDF_2025
241,Aizawl District,Mizoram,23.73,92.71,1.86,62.71,IMD_NetCDF_2025
242,Aizawl District,Mizoram,23.73,92.71,18.57,42.7,IMD_NetCDF_2025
243,Aizawl District,Mizoram,23.73,92.71,25.05,45.48,IMD_NetCDF_2025
244,Aizawl District,Mizoram,23.73,92.71,0.92,44.54,IMD_NetCDF_2025
245,Aizawl District,Mizoram,23.73,92.71,0.82,26.79,IMD_NetCDF_2025
246,Aizawl District,Mizoram,23.73,92.71,28.66,30.4,IMD_NetCDF_2025
247,Aizawl District,Mizoram,23.73,92.71,22.74,52.22,IMD_NetCDF_2025
248,Aizawl District,Mizoram,23.73,92.71,11.23,62.64,IMD_NetCDF_2025
249,Aizawl District,Mizoram,23.73,92.71,6.22,40.19,IMD_NetCDF_2025
250,Aizawl District,Mizoram,23.73,92.71,29.81,47.26,IMD_NetCDF_2025
251,Aizawl District,Mizoram,23.73,92.71,0.81,36.83,IMD_NetCDF_2025
252,Aizawl District,Mizoram,23.73,92.71,0.0,30.61,IMD_NetCDF_2025
253,Aizawl District,Mizoram,23.73,92.71,4.53,5.34,IMD_NetCDF_2025
254,Aizawl District,Mizoram,23.73,92.71,0.65,5.18,IMD_NetCDF_2025
255,Aizawl District,Mizoram,23.73,92.71,17.27,22.44,IMD_NetCDF_2025
256,Aizawl District,Mizoram,23.73,92.71,9.52,27.44,IMD_NetCDF_2025
257,Aizawl District,Mizoram,23.73,92.71,28.99,55.78,IMD_NetCDF_2025
258,Aizawl District,Mizoram,23.73,92.71,34.5,73.01,IMD_NetCDF_2025
259,Aizawl District,Mizoram,23.73,92.71,11.01,74.49,IMD_NetCDF_2025
260,Aizawl District,Mizoram,23.73,92.71,0.46,45.97,IMD_NetCDF_2025
261,Aizawl District,Mizoram,23.73,92.71,11.56,23.04,IMD_NetCDF_2025
262,Aizawl District,Mizoram,23.73,92.71,0.0,12.03,IMD_NetCDF_2025
263,Aizawl District,Mizoram,23.73,92.71,7.92,19.48,IMD_NetCDF_2025
264,Aizawl District,Mizoram,23.73,92.71,0.28,8.19,IMD_NetCDF_2025
265,Aizawl District,Mizoram,23.73,92.71,5.52,13.71,IMD_NetCDF_2025
266,Aizawl District,Mizoram,23.73,92.71,8.74,14.53,IMD_NetCDF_2025
267,Aizawl District,Mizoram,23.73,92.71,33.27,47.53,IMD_NetCDF_2025
268,Aizawl District,Mizoram,23.73,92.71,3.22,45.23,IMD_NetCDF_2025
269,Aizawl District,Mizoram,23.73,92.71,0.0,36.49,IMD_NetCDF_2025
270,Aizawl District,Mizoram,23.73,92.71,16.52,19.74,IMD_NetCDF_2025
271,Aizawl District,Mizoram,23.73,92.71,1.28,17.8,IMD_NetCDF_2025
272,Aizawl District,Mizoram,23.73,92.71,0.0,17.8,IMD_NetCDF_2025
273,Aizawl District,Mizoram,23.73,92.71,0.0,1.28,IMD_NetCDF_2025
274,Aizawl District,Mizoram,23.73,92.71,4.78,4.78,IMD_NetCDF_2025
275,Aizawl District,Mizoram,23.73,92.71,23.18,27.96,IMD_NetCDF_2025
276,Aizawl District,Mizoram,23.73,92.71,16.25,44.21,IMD_NetCDF_2025
277,Aizawl District,Mizoram,23.73,92.71,1.71,41.13,IMD_NetCDF_2025
278,Aizawl District,Mizoram,23.73,92.71,0.0,17.96,IMD_NetCDF_2025
279,Aizawl District,Mizoram,23.73,92.71,0.0,1.71,IMD_NetCDF_2025
280,Aizawl District,Mizoram,23.73,92.71,1.53,1.53,IMD_NetCDF_2025
281,Aizawl District,Mizoram,23.73,92.71,3.45,4.97,IMD_NetCDF_2025
282,Aizawl District,Mizoram,23.73,92.71,34.39,39.37,IMD_NetCDF_2025
283,Aizawl District,Mizoram,23.73,92.71,6.43,44.27,IMD_NetCDF_2025
284,Aizawl District,Mizoram,23.73,92.71,17.89,58.71,IMD_NetCDF_2025
285,Aizawl District,Mizoram,23.73,92.71,4.6,28.92,IMD_NetCDF_2025
286,Aizawl District,Mizoram,23.73,92.71,1.91,24.4,IMD_NetCDF_2025
287,Aizawl District,Mizoram,23.73,92.71,0.0,6.51,IMD_NetCDF_2025
288,Aizawl District,Mizoram,23.73,92.71,0.0,1.91,IMD_NetCDF_2025
289,Aizawl District,Mizoram,23.73,92.71,0.0,0.0,IMD_NetCDF_2025
290,Aizawl District,Mizoram,23.73,92.71,0.0,0.0,IMD_NetCDF_2025
291,Aizawl District,Mizoram,23.73,92.71,0.0,0.0,IMD_NetCDF_2025
292,Aizawl District,Mizoram,23.73,92.71,0.2,0.2,IMD_NetCDF_2025
293,Aizawl District,Mizoram,23.73,92.71,0.0,0.2,IMD_NetCDF_2025
294,Aizawl District,Mizoram,23.73,92.71,0.0,0.2,IMD_NetCDF_2025
295,Aizawl District,Mizoram,23.73,92.71,0.0,0.0,IMD_NetCDF_2025
296,Aizawl District,Mizoram,23.73,92.71,12.93,12.93,IMD_NetCDF_2025
297,Aizawl District,Mizoram,23.73,92.71,11.84,24.77,IMD_NetCDF_2025
298,Aizawl District,Mizoram,23.73,92.71,0.0,24.77,IMD_NetCDF_2025
299,Aizawl District,Mizoram,23.73,92.71,0.0,11.84,IMD_NetCDF_2025
300,Aizawl District,Mizoram,23.73,92.71,0.15,0.15,IMD_NetCDF_2025
301,Aizawl District,Mizoram,23.73,92.71,1.11,1.26,IMD_NetCDF_2025
302,Aizawl District,Mizoram,23.73,92.71,0.0,1.26,IMD_NetCDF_2025
303,Aizawl District,Mizoram,23.73,92.71,0.34,1.45,IMD_NetCDF_2025
304,Aizawl District,Mizoram,23.73,92.71,0.0,0.34,IMD_NetCDF_2025
305,Aizawl District,Mizoram,23.73,92.71,0.0,0.34,IMD_NetCDF_2025
306,Aizawl District,Mizoram,23.73,92.71,0.19,0.19,IMD_NetCDF_2025
307,Aizawl District,Mizoram,23.73,92.71,6.83,7.02,IMD_NetCDF_2025
308,Aizawl District,Mizoram,23.73,92.71,0.0,7.02,IMD_NetCDF_2025
309,Aizawl District,Mizoram,23.73,92.71,9.96,16.79,IMD_NetCDF_2025
310,Aizawl District,Mizoram,23.73,92.71,27.14,37.1,IMD_NetCDF_2025
311,Aizawl District,Mizoram,23.73,92.71,4.9,42.0,IMD_NetCDF_2025
312,Aizawl District,Mizoram,23.73,92.71,0.0,32.03,IMD_NetCDF_2025
313,Aizawl District,Mizoram,23.73,92.71,0.0,4.9,IMD_NetCDF_2025
314,Aizawl District,Mizoram,23.73,92.71,0.0,0.0,IMD_NetCDF_2025
315,Aizawl District,Mizoram,23.73,92.71,0.0,0.0,IMD_NetCDF_2025
316,Aizawl District,Mizoram,23.73,92.71,0.0,0.0,IMD_NetCDF_2025
317,Aizawl District,Mizoram,23.73,92.71,0.0,0.0,IMD_NetCDF_2025
318,Aizawl District,Mizoram,23.73,92.71,0.0,0.0,IMD_NetCDF_2025
319,Aizawl District,Mizoram,23.73,92.71,0.0,0.0,IMD_NetCDF_2025
320,Aizawl District,Mizoram,23.73,92.71,0.0,0.0,IMD_NetCDF_2025
321,Aizawl District,Mizoram,23.73,92.71,0.0,0.0,IMD_NetCDF_2025
322,Aizawl District,Mizoram,23.73,92.71,0.0,0.0,IMD_NetCDF_2025
323,Aizawl District,Mizoram,23.73,92.71,0.0,0.0,IMD_NetCDF_2025
324,Aizawl District,Mizoram,23.73,92.71,0.0,0.0,IMD_NetCDF_2025
325,Aizawl District,Mizoram,23.73,92.71,0.0,0.0,IMD_NetCDF_2025
326,Aizawl District,Mizoram,23.73,92.71,0.0,0.0,IMD_NetCDF_2025
327,Aizawl District,Mizoram,23.73,92.71,0.0,0.0,IMD_NetCDF_2025
328,Aizawl District,Mizoram,23.73,92.71,0.0,0.0,IMD_NetCDF_2025
329,Aizawl District,Mizoram,23.73,92.71,0.0,0.0,IMD_NetCDF_2025
330,Aizawl District,Mizoram,23.73,92.71,0.0,0.0,IMD_NetCDF_2025
331,Aizawl District,Mizoram,23.73,92.71,0.0,0.0,IMD_NetCDF_2025
332,Aizawl District,Mizoram,23.73,92.71,0.0,0.0,IMD_NetCDF_2025
333,Aizawl District,Mizoram,23.73,92.71,0.0,0.0,IMD_NetCDF_2025
334,Aizawl District,Mizoram,23.73,92.71,0.0,0.0,IMD_NetCDF_2025
335,Aizawl District,Mizoram,23.73,92.71,0.0,0.0,IMD_NetCDF_2025
336,Aizawl District,Mizoram,23.73,92.71,0.0,0.0,IMD_NetCDF_2025
337,Aizawl District,Mizoram,23.73,92.71,0.0,0.0,IMD_NetCDF_2025
338,Aizawl District,Mizoram,23.73,92.71,0.0,0.0,IMD_NetCDF_2025
339,Aizawl District,Mizoram,23.73,92.71,0.0,0.0,IMD_NetCDF_2025
340,Aizawl District,Mizoram,23.73,92.71,0.0,0.0,IMD_NetCDF_2025
341,Aizawl District,Mizoram,23.73,92.71,0.0,0.0,IMD_NetCDF_2025
342,Aizawl District,Mizoram,23.73,92.71,0.0,0.0,IMD_NetCDF_2025
343,Aizawl District,Mizoram,23.73,92.71,0.0,0.0,IMD_NetCDF_2025
344,Aizawl District,Mizoram,23.73,92.71,0.0,0.0,IMD_NetCDF_2025
345,Aizawl District,Mizoram,23.73,92.71,0.0,0.0,IMD_NetCDF_2025
346,Aizawl District,Mizoram,23.73,92.71,0.0,0.0,IMD_NetCDF_2025
347,Aizawl District,Mizoram,23.73,92.71,0.0,0.0,IMD_NetCDF_2025
348,Aizawl District,Mizoram,23.73,92.71,0.0,0.0,IMD_NetCDF_2025
349,Aizawl District,Mizoram,23.73,92.71,0.0,0.0,IMD_NetCDF_2025
350,Aizawl District,Mizoram,23.73,92.71,0.0,0.0,IMD_NetCDF_2025
351,Aizawl District,Mizoram,23.73,92.71,0.0,0.0,IMD_NetCDF_2025
352,Aizawl District,Mizoram,23.73,92.71,0.0,0.0,IMD_NetCDF_2025
353,Aizawl District,Mizoram,23.73,92.71,0.0,0.0,IMD_NetCDF_2025
354,Aizawl District,Mizoram,23.73,92.71,0.0,0.0,IMD_NetCDF_2025
355,Aizawl District,Mizoram,23.73,92.71,0.0,0.0,IMD_NetCDF_2025
356,Aizawl District,Mizoram,23.73,92.71,0.0,0.0,IMD_NetCDF_2025
357,Aizawl District,Mizoram,23.73,92.71,0.0,0.0,IMD_NetCDF_2025
358,Aizawl District,Mizoram,23.73,92.71,0.0,0.0,IMD_NetCDF_2025
359,Aizawl District,Mizoram,23.73,92.71,0.0,0.0,IMD_NetCDF_2025
360,Aizawl District,Mizoram,23.73,92.71,0.0,0.0,IMD_NetCDF_2025
361,Aizawl District,Mizoram,23.73,92.71,0.0,0.0,IMD_NetCDF_2025
362,Aizawl District,Mizoram,23.73,92.71,0.0,0.0,IMD_NetCDF_2025
363,Aizawl District,Mizoram,23.73,92.71,0.0,0.0,IMD_NetCDF_2025
364,Aizawl District,Mizoram,23.73,92.71,0.0,0.0,IMD_NetCDF_2025
365,Aizawl District,Mizoram,23.73,92.71,0.0,0.0,IMD_NetCDF_2025
1,Dima Hasao (Haflong),Assam,25.16,93.01,0.0,0.0,IMD_NetCDF_2025
2,Dima Hasao (Haflong),Assam,25.16,93.01,0.0,0.0,IMD_NetCDF_2025
3,Dima Hasao (Haflong),Assam,25.16,93.01,0.0,0.0,IMD_NetCDF_2025
4,Dima Hasao (Haflong),Assam,25.16,93.01,0.0,0.0,IMD_NetCDF_2025
5,Dima Hasao (Haflong),Assam,25.16,93.01,0.0,0.0,IMD_NetCDF_2025
6,Dima Hasao (Haflong),Assam,25.16,93.01,0.0,0.0,IMD_NetCDF_2025
7,Dima Hasao (Haflong),Assam,25.16,93.01,0.0,0.0,IMD_NetCDF_2025
8,Dima Hasao (Haflong),Assam,25.16,93.01,0.0,0.0,IMD_NetCDF_2025
9,Dima Hasao (Haflong),Assam,25.16,93.01,0.0,0.0,IMD_NetCDF_2025
10,Dima Hasao (Haflong),Assam,25.16,93.01,0.0,0.0,IMD_NetCDF_2025
11,Dima Hasao (Haflong),Assam,25.16,93.01,0.0,0.0,IMD_NetCDF_2025
12,Dima Hasao (Haflong),Assam,25.16,93.01,0.0,0.0,IMD_NetCDF_2025
13,Dima Hasao (Haflong),Assam,25.16,93.01,0.0,0.0,IMD_NetCDF_2025
14,Dima Hasao (Haflong),Assam,25.16,93.01,0.0,0.0,IMD_NetCDF_2025
15,Dima Hasao (Haflong),Assam,25.16,93.01,0.0,0.0,IMD_NetCDF_2025
16,Dima Hasao (Haflong),Assam,25.16,93.01,0.0,0.0,IMD_NetCDF_2025
17,Dima Hasao (Haflong),Assam,25.16,93.01,0.0,0.0,IMD_NetCDF_2025
18,Dima Hasao (Haflong),Assam,25.16,93.01,0.0,0.0,IMD_NetCDF_2025
19,Dima Hasao (Haflong),Assam,25.16,93.01,0.0,0.0,IMD_NetCDF_2025
20,Dima Hasao (Haflong),Assam,25.16,93.01,0.0,0.0,IMD_NetCDF_2025
21,Dima Hasao (Haflong),Assam,25.16,93.01,0.0,0.0,IMD_NetCDF_2025
22,Dima Hasao (Haflong),Assam,25.16,93.01,0.0,0.0,IMD_NetCDF_2025
23,Dima Hasao (Haflong),Assam,25.16,93.01,0.0,0.0,IMD_NetCDF_2025
24,Dima Hasao (Haflong),Assam,25.16,93.01,0.0,0.0,IMD_NetCDF_2025
25,Dima Hasao (Haflong),Assam,25.16,93.01,0.0,0.0,IMD_NetCDF_2025
26,Dima Hasao (Haflong),Assam,25.16,93.01,0.0,0.0,IMD_NetCDF_2025
27,Dima Hasao (Haflong),Assam,25.16,93.01,0.0,0.0,IMD_NetCDF_2025
28,Dima Hasao (Haflong),Assam,25.16,93.01,0.0,0.0,IMD_NetCDF_2025
29,Dima Hasao (Haflong),Assam,25.16,93.01,0.0,0.0,IMD_NetCDF_2025
30,Dima Hasao (Haflong),Assam,25.16,93.01,0.0,0.0,IMD_NetCDF_2025
31,Dima Hasao (Haflong),Assam,25.16,93.01,0.0,0.0,IMD_NetCDF_2025
32,Dima Hasao (Haflong),Assam,25.16,93.01,0.0,0.0,IMD_NetCDF_2025
33,Dima Hasao (Haflong),Assam,25.16,93.01,0.0,0.0,IMD_NetCDF_2025
34,Dima Hasao (Haflong),Assam,25.16,93.01,0.0,0.0,IMD_NetCDF_2025
35,Dima Hasao (Haflong),Assam,25.16,93.01,0.0,0.0,IMD_NetCDF_2025
36,Dima Hasao (Haflong),Assam,25.16,93.01,0.0,0.0,IMD_NetCDF_2025
37,Dima Hasao (Haflong),Assam,25.16,93.01,0.0,0.0,IMD_NetCDF_2025
38,Dima Hasao (Haflong),Assam,25.16,93.01,0.0,0.0,IMD_NetCDF_2025
39,Dima Hasao (Haflong),Assam,25.16,93.01,0.0,0.0,IMD_NetCDF_2025
40,Dima Hasao (Haflong),Assam,25.16,93.01,0.0,0.0,IMD_NetCDF_2025
41,Dima Hasao (Haflong),Assam,25.16,93.01,0.0,0.0,IMD_NetCDF_2025
42,Dima Hasao (Haflong),Assam,25.16,93.01,0.0,0.0,IMD_NetCDF_2025
43,Dima Hasao (Haflong),Assam,25.16,93.01,0.0,0.0,IMD_NetCDF_2025
44,Dima Hasao (Haflong),Assam,25.16,93.01,0.0,0.0,IMD_NetCDF_2025
45,Dima Hasao (Haflong),Assam,25.16,93.01,0.25,0.25,IMD_NetCDF_2025
46,Dima Hasao (Haflong),Assam,25.16,93.01,0.0,0.25,IMD_NetCDF_2025
47,Dima Hasao (Haflong),Assam,25.16,93.01,0.0,0.25,IMD_NetCDF_2025
48,Dima Hasao (Haflong),Assam,25.16,93.01,0.0,0.0,IMD_NetCDF_2025
49,Dima Hasao (Haflong),Assam,25.16,93.01,0.0,0.0,IMD_NetCDF_2025
50,Dima Hasao (Haflong),Assam,25.16,93.01,1.76,1.76,IMD_NetCDF_2025
51,Dima Hasao (Haflong),Assam,25.16,93.01,0.0,1.76,IMD_NetCDF_2025
52,Dima Hasao (Haflong),Assam,25.16,93.01,0.0,1.76,IMD_NetCDF_2025
53,Dima Hasao (Haflong),Assam,25.16,93.01,0.0,0.0,IMD_NetCDF_2025
54,Dima Hasao (Haflong),Assam,25.16,93.01,0.0,0.0,IMD_NetCDF_2025
55,Dima Hasao (Haflong),Assam,25.16,93.01,0.75,0.75,IMD_NetCDF_2025
56,Dima Hasao (Haflong),Assam,25.16,93.01,0.0,0.75,IMD_NetCDF_2025
57,Dima Hasao (Haflong),Assam,25.16,93.01,0.0,0.75,IMD_NetCDF_2025
58,Dima Hasao (Haflong),Assam,25.16,93.01,0.0,0.0,IMD_NetCDF_2025
59,Dima Hasao (Haflong),Assam,25.16,93.01,0.0,0.0,IMD_NetCDF_2025
60,Dima Hasao (Haflong),Assam,25.16,93.01,0.0,0.0,IMD_NetCDF_2025
61,Dima Hasao (Haflong),Assam,25.16,93.01,0.0,0.0,IMD_NetCDF_2025
62,Dima Hasao (Haflong),Assam,25.16,93.01,0.0,0.0,IMD_NetCDF_2025
63,Dima Hasao (Haflong),Assam,25.16,93.01,0.0,0.0,IMD_NetCDF_2025
64,Dima Hasao (Haflong),Assam,25.16,93.01,0.0,0.0,IMD_NetCDF_2025
65,Dima Hasao (Haflong),Assam,25.16,93.01,0.0,0.0,IMD_NetCDF_2025
66,Dima Hasao (Haflong),Assam,25.16,93.01,0.0,0.0,IMD_NetCDF_2025
67,Dima Hasao (Haflong),Assam,25.16,93.01,0.0,0.0,IMD_NetCDF_2025
68,Dima Hasao (Haflong),Assam,25.16,93.01,0.0,0.0,IMD_NetCDF_2025
69,Dima Hasao (Haflong),Assam,25.16,93.01,0.0,0.0,IMD_NetCDF_2025
70,Dima Hasao (Haflong),Assam,25.16,93.01,0.0,0.0,IMD_NetCDF_2025
71,Dima Hasao (Haflong),Assam,25.16,93.01,0.0,0.0,IMD_NetCDF_2025
72,Dima Hasao (Haflong),Assam,25.16,93.01,0.53,0.53,IMD_NetCDF_2025
73,Dima Hasao (Haflong),Assam,25.16,93.01,0.0,0.53,IMD_NetCDF_2025
74,Dima Hasao (Haflong),Assam,25.16,93.01,0.35,0.88,IMD_NetCDF_2025
75,Dima Hasao (Haflong),Assam,25.16,93.01,0.24,0.59,IMD_NetCDF_2025
76,Dima Hasao (Haflong),Assam,25.16,93.01,0.0,0.59,IMD_NetCDF_2025
77,Dima Hasao (Haflong),Assam,25.16,93.01,18.51,18.75,IMD_NetCDF_2025
78,Dima Hasao (Haflong),Assam,25.16,93.01,0.74,19.25,IMD_NetCDF_2025
79,Dima Hasao (Haflong),Assam,25.16,93.01,0.32,19.57,IMD_NetCDF_2025
80,Dima Hasao (Haflong),Assam,25.16,93.01,2.07,3.13,IMD_NetCDF_2025
81,Dima Hasao (Haflong),Assam,25.16,93.01,4.71,7.1,IMD_NetCDF_2025
82,Dima Hasao (Haflong),Assam,25.16,93.01,4.15,10.93,IMD_NetCDF_2025
83,Dima Hasao (Haflong),Assam,25.16,93.01,0.0,8.86,IMD_NetCDF_2025
84,Dima Hasao (Haflong),Assam,25.16,93.01,0.0,4.15,IMD_NetCDF_2025
85,Dima Hasao (Haflong),Assam,25.16,93.01,0.0,0.0,IMD_NetCDF_2025
86,Dima Hasao (Haflong),Assam,25.16,93.01,0.0,0.0,IMD_NetCDF_2025
87,Dima Hasao (Haflong),Assam,25.16,93.01,0.0,0.0,IMD_NetCDF_2025
88,Dima Hasao (Haflong),Assam,25.16,93.01,0.0,0.0,IMD_NetCDF_2025
89,Dima Hasao (Haflong),Assam,25.16,93.01,0.0,0.0,IMD_NetCDF_2025
90,Dima Hasao (Haflong),Assam,25.16,93.01,0.0,0.0,IMD_NetCDF_2025
91,Dima Hasao (Haflong),Assam,25.16,93.01,0.64,0.64,IMD_NetCDF_2025
92,Dima Hasao (Haflong),Assam,25.16,93.01,6.58,7.22,IMD_NetCDF_2025
93,Dima Hasao (Haflong),Assam,25.16,93.01,0.0,7.22,IMD_NetCDF_2025
94,Dima Hasao (Haflong),Assam,25.16,93.01,0.0,6.58,IMD_NetCDF_2025
95,Dima Hasao (Haflong),Assam,25.16,93.01,0.6,0.6,IMD_NetCDF_2025
96,Dima Hasao (Haflong),Assam,25.16,93.01,4.9,5.5,IMD_NetCDF_2025
97,Dima Hasao (Haflong),Assam,25.16,93.01,7.42,12.93,IMD_NetCDF_2025
98,Dima Hasao (Haflong),Assam,25.16,93.01,2.02,14.34,IMD_NetCDF_2025
99,Dima Hasao (Haflong),Assam,25.16,93.01,0.0,9.44,IMD_NetCDF_2025
100,Dima Hasao (Haflong),Assam,25.16,93.01,0.0,2.02,IMD_NetCDF_2025
101,Dima Hasao (Haflong),Assam,25.16,93.01,3.66,3.66,IMD_NetCDF_2025
102,Dima Hasao (Haflong),Assam,25.16,93.01,8.04,11.7,IMD_NetCDF_2025
103,Dima Hasao (Haflong),Assam,25.16,93.01,0.0,11.7,IMD_NetCDF_2025
104,Dima Hasao (Haflong),Assam,25.16,93.01,0.0,8.04,IMD_NetCDF_2025
105,Dima Hasao (Haflong),Assam,25.16,93.01,0.74,0.74,IMD_NetCDF_2025
106,Dima Hasao (Haflong),Assam,25.16,93.01,0.78,1.52,IMD_NetCDF_2025
107,Dima Hasao (Haflong),Assam,25.16,93.01,4.19,5.72,IMD_NetCDF_2025
108,Dima Hasao (Haflong),Assam,25.16,93.01,0.96,5.93,IMD_NetCDF_2025
109,Dima Hasao (Haflong),Assam,25.16,93.01,0.17,5.32,IMD_NetCDF_2025
110,Dima Hasao (Haflong),Assam,25.16,93.01,0.87,1.99,IMD_NetCDF_2025
111,Dima Hasao (Haflong),Assam,25.16,93.01,0.17,1.2,IMD_NetCDF_2025
112,Dima Hasao (Haflong),Assam,25.16,93.01,0.13,1.16,IMD_NetCDF_2025
113,Dima Hasao (Haflong),Assam,25.16,93.01,1.11,1.41,IMD_NetCDF_2025
114,Dima Hasao (Haflong),Assam,25.16,93.01,1.08,2.31,IMD_NetCDF_2025
115,Dima Hasao (Haflong),Assam,25.16,93.01,0.0,2.19,IMD_NetCDF_2025
116,Dima Hasao (Haflong),Assam,25.16,93.01,0.11,1.19,IMD_NetCDF_2025
117,Dima Hasao (Haflong),Assam,25.16,93.01,0.34,0.45,IMD_NetCDF_2025
118,Dima Hasao (Haflong),Assam,25.16,93.01,0.0,0.45,IMD_NetCDF_2025
119,Dima Hasao (Haflong),Assam,25.16,93.01,1.73,2.07,IMD_NetCDF_2025
120,Dima Hasao (Haflong),Assam,25.16,93.01,0.46,2.19,IMD_NetCDF_2025
121,Dima Hasao (Haflong),Assam,25.16,93.01,0.0,2.19,IMD_NetCDF_2025
122,Dima Hasao (Haflong),Assam,25.16,93.01,4.23,4.68,IMD_NetCDF_2025
123,Dima Hasao (Haflong),Assam,25.16,93.01,0.0,4.23,IMD_NetCDF_2025
124,Dima Hasao (Haflong),Assam,25.16,93.01,0.66,4.89,IMD_NetCDF_2025
125,Dima Hasao (Haflong),Assam,25.16,93.01,1.15,1.81,IMD_NetCDF_2025
126,Dima Hasao (Haflong),Assam,25.16,93.01,0.59,2.4,IMD_NetCDF_2025
127,Dima Hasao (Haflong),Assam,25.16,93.01,6.68,8.41,IMD_NetCDF_2025
128,Dima Hasao (Haflong),Assam,25.16,93.01,0.71,7.98,IMD_NetCDF_2025
129,Dima Hasao (Haflong),Assam,25.16,93.01,0.0,7.39,IMD_NetCDF_2025
130,Dima Hasao (Haflong),Assam,25.16,93.01,0.87,1.59,IMD_NetCDF_2025
131,Dima Hasao (Haflong),Assam,25.16,93.01,17.67,18.55,IMD_NetCDF_2025
132,Dima Hasao (Haflong),Assam,25.16,93.01,9.88,28.43,IMD_NetCDF_2025
133,Dima Hasao (Haflong),Assam,25.16,93.01,36.93,64.48,IMD_NetCDF_2025
134,Dima Hasao (Haflong),Assam,25.16,93.01,8.65,55.46,IMD_NetCDF_2025
135,Dima Hasao (Haflong),Assam,25.16,93.01,15.1,60.68,IMD_NetCDF_2025
136,Dima Hasao (Haflong),Assam,25.16,93.01,27.66,51.41,IMD_NetCDF_2025
137,Dima Hasao (Haflong),Assam,25.16,93.01,19.57,62.33,IMD_NetCDF_2025
138,Dima Hasao (Haflong),Assam,25.16,93.01,6.21,53.44,IMD_NetCDF_2025
139,Dima Hasao (Haflong),Assam,25.16,93.01,5.42,31.2,IMD_NetCDF_2025
140,Dima Hasao (Haflong),Assam,25.16,93.01,9.44,21.07,IMD_NetCDF_2025
141,Dima Hasao (Haflong),Assam,25.16,93.01,22.71,37.57,IMD_NetCDF_2025
142,Dima Hasao (Haflong),Assam,25.16,93.01,21.81,53.96,IMD_NetCDF_2025
143,Dima Hasao (Haflong),Assam,25.16,93.01,4.46,48.98,IMD_NetCDF_2025
144,Dima Hasao (Haflong),Assam,25.16,93.01,0.79,27.06,IMD_NetCDF_2025
145,Dima Hasao (Haflong),Assam,25.16,93.01,11.77,17.02,IMD_NetCDF_2025
146,Dima Hasao (Haflong),Assam,25.16,93.01,12.0,24.56,IMD_NetCDF_2025
147,Dima Hasao (Haflong),Assam,25.16,93.01,0.37,24.14,IMD_NetCDF_2025
148,Dima Hasao (Haflong),Assam,25.16,93.01,0.41,12.79,IMD_NetCDF_2025
149,Dima Hasao (Haflong),Assam,25.16,93.01,13.55,14.34,IMD_NetCDF_2025
150,Dima Hasao (Haflong),Assam,25.16,93.01,48.81,62.77,IMD_NetCDF_2025
151,Dima Hasao (Haflong),Assam,25.16,93.01,70.61,132.97,IMD_NetCDF_2025
152,Dima Hasao (Haflong),Assam,25.16,93.01,60.33,179.75,IMD_NetCDF_2025
153,Dima Hasao (Haflong),Assam,25.16,93.01,36.79,167.73,IMD_NetCDF_2025
154,Dima Hasao (Haflong),Assam,25.16,93.01,18.16,115.28,IMD_NetCDF_2025
155,Dima Hasao (Haflong),Assam,25.16,93.01,1.2,56.15,IMD_NetCDF_2025
156,Dima Hasao (Haflong),Assam,25.16,93.01,1.77,21.13,IMD_NetCDF_2025
157,Dima Hasao (Haflong),Assam,25.16,93.01,6.28,9.25,IMD_NetCDF_2025
158,Dima Hasao (Haflong),Assam,25.16,93.01,1.93,9.98,IMD_NetCDF_2025
159,Dima Hasao (Haflong),Assam,25.16,93.01,0.0,8.21,IMD_NetCDF_2025
160,Dima Hasao (Haflong),Assam,25.16,93.01,0.0,1.93,IMD_NetCDF_2025
161,Dima Hasao (Haflong),Assam,25.16,93.01,6.81,6.81,IMD_NetCDF_2025
162,Dima Hasao (Haflong),Assam,25.16,93.01,0.0,6.81,IMD_NetCDF_2025
163,Dima Hasao (Haflong),Assam,25.16,93.01,6.42,13.23,IMD_NetCDF_2025
164,Dima Hasao (Haflong),Assam,25.16,93.01,1.42,7.85,IMD_NetCDF_2025
165,Dima Hasao (Haflong),Assam,25.16,93.01,1.74,9.59,IMD_NetCDF_2025
166,Dima Hasao (Haflong),Assam,25.16,93.01,12.71,15.88,IMD_NetCDF_2025
167,Dima Hasao (Haflong),Assam,25.16,93.01,8.13,22.58,IMD_NetCDF_2025
168,Dima Hasao (Haflong),Assam,25.16,93.01,30.3,51.14,IMD_NetCDF_2025
169,Dima Hasao (Haflong),Assam,25.16,93.01,9.83,48.26,IMD_NetCDF_2025
170,Dima Hasao (Haflong),Assam,25.16,93.01,41.74,81.87,IMD_NetCDF_2025
171,Dima Hasao (Haflong),Assam,25.16,93.01,7.06,58.63,IMD_NetCDF_2025
172,Dima Hasao (Haflong),Assam,25.16,93.01,13.33,62.13,IMD_NetCDF_2025
173,Dima Hasao (Haflong),Assam,25.16,93.01,16.2,36.59,IMD_NetCDF_2025
174,Dima Hasao (Haflong),Assam,25.16,93.01,33.14,62.67,IMD_NetCDF_2025
175,Dima Hasao (Haflong),Assam,25.16,93.01,23.0,72.34,IMD_NetCDF_2025
176,Dima Hasao (Haflong),Assam,25.16,93.01,36.08,92.22,IMD_NetCDF_2025
177,Dima Hasao (Haflong),Assam,25.16,93.01,32.86,91.94,IMD_NetCDF_2025
178,Dima Hasao (Haflong),Assam,25.16,93.01,30.65,99.59,IMD_NetCDF_2025
179,Dima Hasao (Haflong),Assam,25.16,93.01,3.5,67.01,IMD_NetCDF_2025
180,Dima Hasao (Haflong),Assam,25.16,93.01,7.1,41.26,IMD_NetCDF_2025
181,Dima Hasao (Haflong),Assam,25.16,93.01,12.85,23.45,IMD_NetCDF_2025
182,Dima Hasao (Haflong),Assam,25.16,93.01,2.4,22.35,IMD_NetCDF_2025
183,Dima Hasao (Haflong),Assam,25.16,93.01,17.4,32.64,IMD_NetCDF_2025
184,Dima Hasao (Haflong),Assam,25.16,93.01,10.33,30.12,IMD_NetCDF_2025
185,Dima Hasao (Haflong),Assam,25.16,93.01,14.09,41.81,IMD_NetCDF_2025
186,Dima Hasao (Haflong),Assam,25.16,93.01,13.9,38.31,IMD_NetCDF_2025
187,Dima Hasao (Haflong),Assam,25.16,93.01,23.7,51.69,IMD_NetCDF_2025
188,Dima Hasao (Haflong),Assam,25.16,93.01,2.15,39.75,IMD_NetCDF_2025
189,Dima Hasao (Haflong),Assam,25.16,93.01,11.82,37.67,IMD_NetCDF_2025
190,Dima Hasao (Haflong),Assam,25.16,93.01,5.66,19.63,IMD_NetCDF_2025
191,Dima Hasao (Haflong),Assam,25.16,93.01,13.54,31.02,IMD_NetCDF_2025
192,Dima Hasao (Haflong),Assam,25.16,93.01,0.33,19.53,IMD_NetCDF_2025
193,Dima Hasao (Haflong),Assam,25.16,93.01,0.0,13.87,IMD_NetCDF_2025
194,Dima Hasao (Haflong),Assam,25.16,93.01,0.0,0.33,IMD_NetCDF_2025
195,Dima Hasao (Haflong),Assam,25.16,93.01,0.0,0.0,IMD_NetCDF_2025
196,Dima Hasao (Haflong),Assam,25.16,93.01,3.99,3.99,IMD_NetCDF_2025
197,Dima Hasao (Haflong),Assam,25.16,93.01,8.28,12.28,IMD_NetCDF_2025
198,Dima Hasao (Haflong),Assam,25.16,93.01,12.04,24.32,IMD_NetCDF_2025
199,Dima Hasao (Haflong),Assam,25.16,93.01,18.53,38.86,IMD_NetCDF_2025
200,Dima Hasao (Haflong),Assam,25.16,93.01,7.36,37.94,IMD_NetCDF_2025
201,Dima Hasao (Haflong),Assam,25.16,93.01,0.14,26.03,IMD_NetCDF_2025
202,Dima Hasao (Haflong),Assam,25.16,93.01,6.71,14.22,IMD_NetCDF_2025
203,Dima Hasao (Haflong),Assam,25.16,93.01,12.72,19.58,IMD_NetCDF_2025
204,Dima Hasao (Haflong),Assam,25.16,93.01,0.98,20.41,IMD_NetCDF_2025
205,Dima Hasao (Haflong),Assam,25.16,93.01,1.42,15.12,IMD_NetCDF_2025
206,Dima Hasao (Haflong),Assam,25.16,93.01,3.44,5.84,IMD_NetCDF_2025
207,Dima Hasao (Haflong),Assam,25.16,93.01,0.0,4.86,IMD_NetCDF_2025
208,Dima Hasao (Haflong),Assam,25.16,93.01,23.16,26.6,IMD_NetCDF_2025
209,Dima Hasao (Haflong),Assam,25.16,93.01,14.65,37.81,IMD_NetCDF_2025
210,Dima Hasao (Haflong),Assam,25.16,93.01,10.05,47.86,IMD_NetCDF_2025
211,Dima Hasao (Haflong),Assam,25.16,93.01,16.36,41.06,IMD_NetCDF_2025
212,Dima Hasao (Haflong),Assam,25.16,93.01,2.66,29.07,IMD_NetCDF_2025
213,Dima Hasao (Haflong),Assam,25.16,93.01,15.13,34.15,IMD_NetCDF_2025
214,Dima Hasao (Haflong),Assam,25.16,93.01,17.74,35.53,IMD_NetCDF_2025
215,Dima Hasao (Haflong),Assam,25.16,93.01,27.0,59.88,IMD_NetCDF_2025
216,Dima Hasao (Haflong),Assam,25.16,93.01,32.89,77.64,IMD_NetCDF_2025
217,Dima Hasao (Haflong),Assam,25.16,93.01,41.79,101.69,IMD_NetCDF_2025
218,Dima Hasao (Haflong),Assam,25.16,93.01,36.77,111.46,IMD_NetCDF_2025
219,Dima Hasao (Haflong),Assam,25.16,93.01,34.02,112.59,IMD_NetCDF_2025
220,Dima Hasao (Haflong),Assam,25.16,93.01,20.8,91.6,IMD_NetCDF_2025
221,Dima Hasao (Haflong),Assam,25.16,93.01,27.45,82.27,IMD_NetCDF_2025
222,Dima Hasao (Haflong),Assam,25.16,93.01,45.33,93.58,IMD_NetCDF_2025
223,Dima Hasao (Haflong),Assam,25.16,93.01,13.86,86.64,IMD_NetCDF_2025
224,Dima Hasao (Haflong),Assam,25.16,93.01,8.25,67.44,IMD_NetCDF_2025
225,Dima Hasao (Haflong),Assam,25.16,93.01,11.6,33.71,IMD_NetCDF_2025
226,Dima Hasao (Haflong),Assam,25.16,93.01,4.8,24.65,IMD_NetCDF_2025
227,Dima Hasao (Haflong),Assam,25.16,93.01,10.13,26.54,IMD_NetCDF_2025
228,Dima Hasao (Haflong),Assam,25.16,93.01,3.24,18.17,IMD_NetCDF_2025
229,Dima Hasao (Haflong),Assam,25.16,93.01,8.68,22.05,IMD_NetCDF_2025
230,Dima Hasao (Haflong),Assam,25.16,93.01,0.79,12.71,IMD_NetCDF_2025
231,Dima Hasao (Haflong),Assam,25.16,93.01,4.83,14.3,IMD_NetCDF_2025
232,Dima Hasao (Haflong),Assam,25.16,93.01,7.12,12.74,IMD_NetCDF_2025
233,Dima Hasao (Haflong),Assam,25.16,93.01,13.22,25.17,IMD_NetCDF_2025
234,Dima Hasao (Haflong),Assam,25.16,93.01,4.23,24.57,IMD_NetCDF_2025
235,Dima Hasao (Haflong),Assam,25.16,93.01,22.3,39.75,IMD_NetCDF_2025
236,Dima Hasao (Haflong),Assam,25.16,93.01,9.12,35.65,IMD_NetCDF_2025
237,Dima Hasao (Haflong),Assam,25.16,93.01,4.82,36.24,IMD_NetCDF_2025
238,Dima Hasao (Haflong),Assam,25.16,93.01,6.53,20.47,IMD_NetCDF_2025
239,Dima Hasao (Haflong),Assam,25.16,93.01,5.22,16.58,IMD_NetCDF_2025
240,Dima Hasao (Haflong),Assam,25.16,93.01,11.0,22.75,IMD_NetCDF_2025
241,Dima Hasao (Haflong),Assam,25.16,93.01,17.02,33.24,IMD_NetCDF_2025
242,Dima Hasao (Haflong),Assam,25.16,93.01,24.24,52.26,IMD_NetCDF_2025
243,Dima Hasao (Haflong),Assam,25.16,93.01,1.32,42.58,IMD_NetCDF_2025
244,Dima Hasao (Haflong),Assam,25.16,93.01,0.0,25.56,IMD_NetCDF_2025
245,Dima Hasao (Haflong),Assam,25.16,93.01,13.22,14.54,IMD_NetCDF_2025
246,Dima Hasao (Haflong),Assam,25.16,93.01,0.79,14.01,IMD_NetCDF_2025
247,Dima Hasao (Haflong),Assam,25.16,93.01,5.46,19.48,IMD_NetCDF_2025
248,Dima Hasao (Haflong),Assam,25.16,93.01,6.43,12.68,IMD_NetCDF_2025
249,Dima Hasao (Haflong),Assam,25.16,93.01,0.63,12.52,IMD_NetCDF_2025
250,Dima Hasao (Haflong),Assam,25.16,93.01,9.9,16.96,IMD_NetCDF_2025
251,Dima Hasao (Haflong),Assam,25.16,93.01,0.85,11.39,IMD_NetCDF_2025
252,Dima Hasao (Haflong),Assam,25.16,93.01,5.88,16.63,IMD_NetCDF_2025
253,Dima Hasao (Haflong),Assam,25.16,93.01,12.94,19.66,IMD_NetCDF_2025
254,Dima Hasao (Haflong),Assam,25.16,93.01,0.0,18.81,IMD_NetCDF_2025
255,Dima Hasao (Haflong),Assam,25.16,93.01,8.54,21.48,IMD_NetCDF_2025
256,Dima Hasao (Haflong),Assam,25.16,93.01,11.05,19.59,IMD_NetCDF_2025
257,Dima Hasao (Haflong),Assam,25.16,93.01,32.71,52.3,IMD_NetCDF_2025
258,Dima Hasao (Haflong),Assam,25.16,93.01,36.88,80.64,IMD_NetCDF_2025
259,Dima Hasao (Haflong),Assam,25.16,93.01,21.03,90.62,IMD_NetCDF_2025
260,Dima Hasao (Haflong),Assam,25.16,93.01,8.49,66.4,IMD_NetCDF_2025
261,Dima Hasao (Haflong),Assam,25.16,93.01,8.72,38.24,IMD_NetCDF_2025
262,Dima Hasao (Haflong),Assam,25.16,93.01,0.66,17.88,IMD_NetCDF_2025
263,Dima Hasao (Haflong),Assam,25.16,93.01,2.37,11.76,IMD_NetCDF_2025
264,Dima Hasao (Haflong),Assam,25.16,93.01,1.42,4.46,IMD_NetCDF_2025
265,Dima Hasao (Haflong),Assam,25.16,93.01,1.32,5.12,IMD_NetCDF_2025
266,Dima Hasao (Haflong),Assam,25.16,93.01,7.46,10.21,IMD_NetCDF_2025
267,Dima Hasao (Haflong),Assam,25.16,93.01,0.0,8.79,IMD_NetCDF_2025
268,Dima Hasao (Haflong),Assam,25.16,93.01,0.0,7.46,IMD_NetCDF_2025
269,Dima Hasao (Haflong),Assam,25.16,93.01,0.0,0.0,IMD_NetCDF_2025
270,Dima Hasao (Haflong),Assam,25.16,93.01,0.0,0.0,IMD_NetCDF_2025
271,Dima Hasao (Haflong),Assam,25.16,93.01,0.0,0.0,IMD_NetCDF_2025
272,Dima Hasao (Haflong),Assam,25.16,93.01,0.0,0.0,IMD_NetCDF_2025
273,Dima Hasao (Haflong),Assam,25.16,93.01,0.0,0.0,IMD_NetCDF_2025
274,Dima Hasao (Haflong),Assam,25.16,93.01,14.25,14.25,IMD_NetCDF_2025
275,Dima Hasao (Haflong),Assam,25.16,93.01,13.15,27.4,IMD_NetCDF_2025
276,Dima Hasao (Haflong),Assam,25.16,93.01,27.7,55.1,IMD_NetCDF_2025
277,Dima Hasao (Haflong),Assam,25.16,93.01,10.24,51.08,IMD_NetCDF_2025
278,Dima Hasao (Haflong),Assam,25.16,93.01,2.94,40.88,IMD_NetCDF_2025
279,Dima Hasao (Haflong),Assam,25.16,93.01,1.42,14.6,IMD_NetCDF_2025
280,Dima Hasao (Haflong),Assam,25.16,93.01,11.68,16.05,IMD_NetCDF_2025
281,Dima Hasao (Haflong),Assam,25.16,93.01,20.59,33.69,IMD_NetCDF_2025
282,Dima Hasao (Haflong),Assam,25.16,93.01,2.76,35.03,IMD_NetCDF_2025
283,Dima Hasao (Haflong),Assam,25.16,93.01,19.65,43.0,IMD_NetCDF_2025
284,Dima Hasao (Haflong),Assam,25.16,93.01,25.08,47.5,IMD_NetCDF_2025
285,Dima Hasao (Haflong),Assam,25.16,93.01,39.13,83.87,IMD_NetCDF_2025
286,Dima Hasao (Haflong),Assam,25.16,93.01,15.28,79.49,IMD_NetCDF_2025
287,Dima Hasao (Haflong),Assam,25.16,93.01,0.0,54.41,IMD_NetCDF_2025
288,Dima Hasao (Haflong),Assam,25.16,93.01,0.0,15.28,IMD_NetCDF_2025
289,Dima Hasao (Haflong),Assam,25.16,93.01,6.74,6.74,IMD_NetCDF_2025
290,Dima Hasao (Haflong),Assam,25.16,93.01,0.0,6.74,IMD_NetCDF_2025
291,Dima Hasao (Haflong),Assam,25.16,93.01,0.0,6.74,IMD_NetCDF_2025
292,Dima Hasao (Haflong),Assam,25.16,93.01,0.0,0.0,IMD_NetCDF_2025
293,Dima Hasao (Haflong),Assam,25.16,93.01,0.0,0.0,IMD_NetCDF_2025
294,Dima Hasao (Haflong),Assam,25.16,93.01,0.0,0.0,IMD_NetCDF_2025
295,Dima Hasao (Haflong),Assam,25.16,93.01,0.0,0.0,IMD_NetCDF_2025
296,Dima Hasao (Haflong),Assam,25.16,93.01,0.0,0.0,IMD_NetCDF_2025
297,Dima Hasao (Haflong),Assam,25.16,93.01,0.0,0.0,IMD_NetCDF_2025
298,Dima Hasao (Haflong),Assam,25.16,93.01,3.24,3.24,IMD_NetCDF_2025
299,Dima Hasao (Haflong),Assam,25.16,93.01,0.0,3.24,IMD_NetCDF_2025
300,Dima Hasao (Haflong),Assam,25.16,93.01,0.0,3.24,IMD_NetCDF_2025
301,Dima Hasao (Haflong),Assam,25.16,93.01,0.0,0.0,IMD_NetCDF_2025
302,Dima Hasao (Haflong),Assam,25.16,93.01,0.0,0.0,IMD_NetCDF_2025
303,Dima Hasao (Haflong),Assam,25.16,93.01,0.66,0.66,IMD_NetCDF_2025
304,Dima Hasao (Haflong),Assam,25.16,93.01,0.0,0.66,IMD_NetCDF_2025
305,Dima Hasao (Haflong),Assam,25.16,93.01,0.0,0.66,IMD_NetCDF_2025
306,Dima Hasao (Haflong),Assam,25.16,93.01,3.45,3.45,IMD_NetCDF_2025
307,Dima Hasao (Haflong),Assam,25.16,93.01,0.23,3.67,IMD_NetCDF_2025
308,Dima Hasao (Haflong),Assam,25.16,93.01,0.68,4.35,IMD_NetCDF_2025
309,Dima Hasao (Haflong),Assam,25.16,93.01,1.38,2.28,IMD_NetCDF_2025
310,Dima Hasao (Haflong),Assam,25.16,93.01,15.38,17.44,IMD_NetCDF_2025
311,Dima Hasao (Haflong),Assam,25.16,93.01,12.85,29.61,IMD_NetCDF_2025
312,Dima Hasao (Haflong),Assam,25.16,93.01,0.0,28.23,IMD_NetCDF_2025
313,Dima Hasao (Haflong),Assam,25.16,93.01,0.0,12.85,IMD_NetCDF_2025
314,Dima Hasao (Haflong),Assam,25.16,93.01,0.0,0.0,IMD_NetCDF_2025
315,Dima Hasao (Haflong),Assam,25.16,93.01,0.0,0.0,IMD_NetCDF_2025
316,Dima Hasao (Haflong),Assam,25.16,93.01,0.0,0.0,IMD_NetCDF_2025
317,Dima Hasao (Haflong),Assam,25.16,93.01,0.0,0.0,IMD_NetCDF_2025
318,Dima Hasao (Haflong),Assam,25.16,93.01,0.0,0.0,IMD_NetCDF_2025
319,Dima Hasao (Haflong),Assam,25.16,93.01,0.0,0.0,IMD_NetCDF_2025
320,Dima Hasao (Haflong),Assam,25.16,93.01,0.0,0.0,IMD_NetCDF_2025
321,Dima Hasao (Haflong),Assam,25.16,93.01,0.0,0.0,IMD_NetCDF_2025
322,Dima Hasao (Haflong),Assam,25.16,93.01,0.0,0.0,IMD_NetCDF_2025
323,Dima Hasao (Haflong),Assam,25.16,93.01,0.0,0.0,IMD_NetCDF_2025
324,Dima Hasao (Haflong),Assam,25.16,93.01,0.0,0.0,IMD_NetCDF_2025
325,Dima Hasao (Haflong),Assam,25.16,93.01,0.0,0.0,IMD_NetCDF_2025
326,Dima Hasao (Haflong),Assam,25.16,93.01,0.0,0.0,IMD_NetCDF_2025
327,Dima Hasao (Haflong),Assam,25.16,93.01,0.0,0.0,IMD_NetCDF_2025
328,Dima Hasao (Haflong),Assam,25.16,93.01,0.0,0.0,IMD_NetCDF_2025
329,Dima Hasao (Haflong),Assam,25.16,93.01,0.0,0.0,IMD_NetCDF_2025
330,Dima Hasao (Haflong),Assam,25.16,93.01,0.0,0.0,IMD_NetCDF_2025
331,Dima Hasao (Haflong),Assam,25.16,93.01,0.0,0.0,IMD_NetCDF_2025
332,Dima Hasao (Haflong),Assam,25.16,93.01,0.0,0.0,IMD_NetCDF_2025
333,Dima Hasao (Haflong),Assam,25.16,93.01,0.0,0.0,IMD_NetCDF_2025
334,Dima Hasao (Haflong),Assam,25.16,93.01,0.0,0.0,IMD_NetCDF_2025
335,Dima Hasao (Haflong),Assam,25.16,93.01,0.0,0.0,IMD_NetCDF_2025
336,Dima Hasao (Haflong),Assam,25.16,93.01,0.0,0.0,IMD_NetCDF_2025
337,Dima Hasao (Haflong),Assam,25.16,93.01,0.0,0.0,IMD_NetCDF_2025
338,Dima Hasao (Haflong),Assam,25.16,93.01,0.0,0.0,IMD_NetCDF_2025
339,Dima Hasao (Haflong),Assam,25.16,93.01,0.0,0.0,IMD_NetCDF_2025
340,Dima Hasao (Haflong),Assam,25.16,93.01,0.0,0.0,IMD_NetCDF_2025
341,Dima Hasao (Haflong),Assam,25.16,93.01,0.0,0.0,IMD_NetCDF_2025
342,Dima Hasao (Haflong),Assam,25.16,93.01,0.0,0.0,IMD_NetCDF_2025
343,Dima Hasao (Haflong),Assam,25.16,93.01,0.0,0.0,IMD_NetCDF_2025
344,Dima Hasao (Haflong),Assam,25.16,93.01,0.0,0.0,IMD_NetCDF_2025
345,Dima Hasao (Haflong),Assam,25.16,93.01,0.0,0.0,IMD_NetCDF_2025
346,Dima Hasao (Haflong),Assam,25.16,93.01,0.0,0.0,IMD_NetCDF_2025
347,Dima Hasao (Haflong),Assam,25.16,93.01,0.0,0.0,IMD_NetCDF_2025
348,Dima Hasao (Haflong),Assam,25.16,93.01,0.0,0.0,IMD_NetCDF_2025
349,Dima Hasao (Haflong),Assam,25.16,93.01,0.0,0.0,IMD_NetCDF_2025
350,Dima Hasao (Haflong),Assam,25.16,93.01,0.0,0.0,IMD_NetCDF_2025
351,Dima Hasao (Haflong),Assam,25.16,93.01,0.0,0.0,IMD_NetCDF_2025
352,Dima Hasao (Haflong),Assam,25.16,93.01,0.0,0.0,IMD_NetCDF_2025
353,Dima Hasao (Haflong),Assam,25.16,93.01,0.0,0.0,IMD_NetCDF_2025
354,Dima Hasao (Haflong),Assam,25.16,93.01,0.0,0.0,IMD_NetCDF_2025
355,Dima Hasao (Haflong),Assam,25.16,93.01,0.0,0.0,IMD_NetCDF_2025
356,Dima Hasao (Haflong),Assam,25.16,93.01,0.0,0.0,IMD_NetCDF_2025
357,Dima Hasao (Haflong),Assam,25.16,93.01,0.0,0.0,IMD_NetCDF_2025
358,Dima Hasao (Haflong),Assam,25.16,93.01,0.0,0.0,IMD_NetCDF_2025
359,Dima Hasao (Haflong),Assam,25.16,93.01,0.0,0.0,IMD_NetCDF_2025
360,Dima Hasao (Haflong),Assam,25.16,93.01,0.0,0.0,IMD_NetCDF_2025
361,Dima Hasao (Haflong),Assam,25.16,93.01,0.0,0.0,IMD_NetCDF_2025
362,Dima Hasao (Haflong),Assam,25.16,93.01,0.0,0.0,IMD_NetCDF_2025
363,Dima Hasao (Haflong),Assam,25.16,93.01,0.0,0.0,IMD_NetCDF_2025
364,Dima Hasao (Haflong),Assam,25.16,93.01,0.18,0.18,IMD_NetCDF_2025
365,Dima Hasao (Haflong),Assam,25.16,93.01,0.0,0.18,IMD_NetCDF_2025
1,Kamrup (m) (Guwahati),Assam,26.17,91.81,0.0,0.0,IMD_NetCDF_2025
2,Kamrup (m) (Guwahati),Assam,26.17,91.81,0.0,0.0,IMD_NetCDF_2025
3,Kamrup (m) (Guwahati),Assam,26.17,91.81,0.0,0.0,IMD_NetCDF_2025
4,Kamrup (m) (Guwahati),Assam,26.17,91.81,0.0,0.0,IMD_NetCDF_2025
5,Kamrup (m) (Guwahati),Assam,26.17,91.81,0.0,0.0,IMD_NetCDF_2025
6,Kamrup (m) (Guwahati),Assam,26.17,91.81,0.0,0.0,IMD_NetCDF_2025
7,Kamrup (m) (Guwahati),Assam,26.17,91.81,0.0,0.0,IMD_NetCDF_2025
8,Kamrup (m) (Guwahati),Assam,26.17,91.81,2.65,2.65,IMD_NetCDF_2025
9,Kamrup (m) (Guwahati),Assam,26.17,91.81,0.81,3.46,IMD_NetCDF_2025
10,Kamrup (m) (Guwahati),Assam,26.17,91.81,0.0,3.46,IMD_NetCDF_2025
11,Kamrup (m) (Guwahati),Assam,26.17,91.81,0.0,0.81,IMD_NetCDF_2025
12,Kamrup (m) (Guwahati),Assam,26.17,91.81,0.0,0.0,IMD_NetCDF_2025
13,Kamrup (m) (Guwahati),Assam,26.17,91.81,0.0,0.0,IMD_NetCDF_2025
14,Kamrup (m) (Guwahati),Assam,26.17,91.81,0.0,0.0,IMD_NetCDF_2025
15,Kamrup (m) (Guwahati),Assam,26.17,91.81,0.0,0.0,IMD_NetCDF_2025
16,Kamrup (m) (Guwahati),Assam,26.17,91.81,0.0,0.0,IMD_NetCDF_2025
17,Kamrup (m) (Guwahati),Assam,26.17,91.81,0.0,0.0,IMD_NetCDF_2025
18,Kamrup (m) (Guwahati),Assam,26.17,91.81,0.0,0.0,IMD_NetCDF_2025
19,Kamrup (m) (Guwahati),Assam,26.17,91.81,0.0,0.0,IMD_NetCDF_2025
20,Kamrup (m) (Guwahati),Assam,26.17,91.81,0.0,0.0,IMD_NetCDF_2025
21,Kamrup (m) (Guwahati),Assam,26.17,91.81,0.0,0.0,IMD_NetCDF_2025
22,Kamrup (m) (Guwahati),Assam,26.17,91.81,0.0,0.0,IMD_NetCDF_2025
23,Kamrup (m) (Guwahati),Assam,26.17,91.81,0.0,0.0,IMD_NetCDF_2025
24,Kamrup (m) (Guwahati),Assam,26.17,91.81,0.0,0.0,IMD_NetCDF_2025
25,Kamrup (m) (Guwahati),Assam,26.17,91.81,0.0,0.0,IMD_NetCDF_2025
26,Kamrup (m) (Guwahati),Assam,26.17,91.81,0.0,0.0,IMD_NetCDF_2025
27,Kamrup (m) (Guwahati),Assam,26.17,91.81,0.0,0.0,IMD_NetCDF_2025
28,Kamrup (m) (Guwahati),Assam,26.17,91.81,0.0,0.0,IMD_NetCDF_2025
29,Kamrup (m) (Guwahati),Assam,26.17,91.81,0.0,0.0,IMD_NetCDF_2025
30,Kamrup (m) (Guwahati),Assam,26.17,91.81,1.09,1.09,IMD_NetCDF_2025
31,Kamrup (m) (Guwahati),Assam,26.17,91.81,0.0,1.09,IMD_NetCDF_2025
32,Kamrup (m) (Guwahati),Assam,26.17,91.81,0.0,1.09,IMD_NetCDF_2025
33,Kamrup (m) (Guwahati),Assam,26.17,91.81,0.0,0.0,IMD_NetCDF_2025
34,Kamrup (m) (Guwahati),Assam,26.17,91.81,0.0,0.0,IMD_NetCDF_2025
35,Kamrup (m) (Guwahati),Assam,26.17,91.81,0.0,0.0,IMD_NetCDF_2025
36,Kamrup (m) (Guwahati),Assam,26.17,91.81,0.0,0.0,IMD_NetCDF_2025
37,Kamrup (m) (Guwahati),Assam,26.17,91.81,0.0,0.0,IMD_NetCDF_2025
38,Kamrup (m) (Guwahati),Assam,26.17,91.81,0.0,0.0,IMD_NetCDF_2025
39,Kamrup (m) (Guwahati),Assam,26.17,91.81,0.0,0.0,IMD_NetCDF_2025
40,Kamrup (m) (Guwahati),Assam,26.17,91.81,0.0,0.0,IMD_NetCDF_2025
41,Kamrup (m) (Guwahati),Assam,26.17,91.81,0.0,0.0,IMD_NetCDF_2025
42,Kamrup (m) (Guwahati),Assam,26.17,91.81,0.0,0.0,IMD_NetCDF_2025
43,Kamrup (m) (Guwahati),Assam,26.17,91.81,0.0,0.0,IMD_NetCDF_2025
44,Kamrup (m) (Guwahati),Assam,26.17,91.81,0.0,0.0,IMD_NetCDF_2025
45,Kamrup (m) (Guwahati),Assam,26.17,91.81,5.89,5.89,IMD_NetCDF_2025
46,Kamrup (m) (Guwahati),Assam,26.17,91.81,0.39,6.28,IMD_NetCDF_2025
47,Kamrup (m) (Guwahati),Assam,26.17,91.81,0.0,6.28,IMD_NetCDF_2025
48,Kamrup (m) (Guwahati),Assam,26.17,91.81,0.0,0.39,IMD_NetCDF_2025
49,Kamrup (m) (Guwahati),Assam,26.17,91.81,0.0,0.0,IMD_NetCDF_2025
50,Kamrup (m) (Guwahati),Assam,26.17,91.81,0.0,0.0,IMD_NetCDF_2025
51,Kamrup (m) (Guwahati),Assam,26.17,91.81,0.0,0.0,IMD_NetCDF_2025
52,Kamrup (m) (Guwahati),Assam,26.17,91.81,0.0,0.0,IMD_NetCDF_2025
53,Kamrup (m) (Guwahati),Assam,26.17,91.81,0.0,0.0,IMD_NetCDF_2025
54,Kamrup (m) (Guwahati),Assam,26.17,91.81,0.0,0.0,IMD_NetCDF_2025
55,Kamrup (m) (Guwahati),Assam,26.17,91.81,0.0,0.0,IMD_NetCDF_2025
56,Kamrup (m) (Guwahati),Assam,26.17,91.81,0.0,0.0,IMD_NetCDF_2025
57,Kamrup (m) (Guwahati),Assam,26.17,91.81,0.0,0.0,IMD_NetCDF_2025
58,Kamrup (m) (Guwahati),Assam,26.17,91.81,0.0,0.0,IMD_NetCDF_2025
59,Kamrup (m) (Guwahati),Assam,26.17,91.81,0.0,0.0,IMD_NetCDF_2025
60,Kamrup (m) (Guwahati),Assam,26.17,91.81,0.0,0.0,IMD_NetCDF_2025
61,Kamrup (m) (Guwahati),Assam,26.17,91.81,0.89,0.89,IMD_NetCDF_2025
62,Kamrup (m) (Guwahati),Assam,26.17,91.81,0.0,0.89,IMD_NetCDF_2025
63,Kamrup (m) (Guwahati),Assam,26.17,91.81,0.0,0.89,IMD_NetCDF_2025
64,Kamrup (m) (Guwahati),Assam,26.17,91.81,0.0,0.0,IMD_NetCDF_2025
65,Kamrup (m) (Guwahati),Assam,26.17,91.81,0.0,0.0,IMD_NetCDF_2025
66,Kamrup (m) (Guwahati),Assam,26.17,91.81,0.0,0.0,IMD_NetCDF_2025
67,Kamrup (m) (Guwahati),Assam,26.17,91.81,0.0,0.0,IMD_NetCDF_2025
68,Kamrup (m) (Guwahati),Assam,26.17,91.81,0.0,0.0,IMD_NetCDF_2025
69,Kamrup (m) (Guwahati),Assam,26.17,91.81,0.0,0.0,IMD_NetCDF_2025
70,Kamrup (m) (Guwahati),Assam,26.17,91.81,0.0,0.0,IMD_NetCDF_2025
71,Kamrup (m) (Guwahati),Assam,26.17,91.81,1.27,1.27,IMD_NetCDF_2025
72,Kamrup (m) (Guwahati),Assam,26.17,91.81,10.26,11.53,IMD_NetCDF_2025
73,Kamrup (m) (Guwahati),Assam,26.17,91.81,0.0,11.53,IMD_NetCDF_2025
74,Kamrup (m) (Guwahati),Assam,26.17,91.81,0.0,10.26,IMD_NetCDF_2025
75,Kamrup (m) (Guwahati),Assam,26.17,91.81,0.0,0.0,IMD_NetCDF_2025
76,Kamrup (m) (Guwahati),Assam,26.17,91.81,0.73,0.73,IMD_NetCDF_2025
77,Kamrup (m) (Guwahati),Assam,26.17,91.81,0.0,0.73,IMD_NetCDF_2025
78,Kamrup (m) (Guwahati),Assam,26.17,91.81,0.0,0.73,IMD_NetCDF_2025
79,Kamrup (m) (Guwahati),Assam,26.17,91.81,0.0,0.0,IMD_NetCDF_2025
80,Kamrup (m) (Guwahati),Assam,26.17,91.81,0.0,0.0,IMD_NetCDF_2025
81,Kamrup (m) (Guwahati),Assam,26.17,91.81,0.0,0.0,IMD_NetCDF_2025
82,Kamrup (m) (Guwahati),Assam,26.17,91.81,0.0,0.0,IMD_NetCDF_2025
83,Kamrup (m) (Guwahati),Assam,26.17,91.81,2.63,2.63,IMD_NetCDF_2025
84,Kamrup (m) (Guwahati),Assam,26.17,91.81,0.0,2.63,IMD_NetCDF_2025
85,Kamrup (m) (Guwahati),Assam,26.17,91.81,0.0,2.63,IMD_NetCDF_2025
86,Kamrup (m) (Guwahati),Assam,26.17,91.81,0.0,0.0,IMD_NetCDF_2025
87,Kamrup (m) (Guwahati),Assam,26.17,91.81,0.0,0.0,IMD_NetCDF_2025
88,Kamrup (m) (Guwahati),Assam,26.17,91.81,0.0,0.0,IMD_NetCDF_2025
89,Kamrup (m) (Guwahati),Assam,26.17,91.81,0.0,0.0,IMD_NetCDF_2025
90,Kamrup (m) (Guwahati),Assam,26.17,91.81,0.0,0.0,IMD_NetCDF_2025
91,Kamrup (m) (Guwahati),Assam,26.17,91.81,0.0,0.0,IMD_NetCDF_2025
92,Kamrup (m) (Guwahati),Assam,26.17,91.81,0.32,0.32,IMD_NetCDF_2025
93,Kamrup (m) (Guwahati),Assam,26.17,91.81,0.0,0.32,IMD_NetCDF_2025
94,Kamrup (m) (Guwahati),Assam,26.17,91.81,0.0,0.32,IMD_NetCDF_2025
95,Kamrup (m) (Guwahati),Assam,26.17,91.81,0.0,0.0,IMD_NetCDF_2025
96,Kamrup (m) (Guwahati),Assam,26.17,91.81,0.0,0.0,IMD_NetCDF_2025
97,Kamrup (m) (Guwahati),Assam,26.17,91.81,1.58,1.58,IMD_NetCDF_2025
98,Kamrup (m) (Guwahati),Assam,26.17,91.81,0.0,1.58,IMD_NetCDF_2025
99,Kamrup (m) (Guwahati),Assam,26.17,91.81,0.25,1.83,IMD_NetCDF_2025
100,Kamrup (m) (Guwahati),Assam,26.17,91.81,0.0,0.25,IMD_NetCDF_2025
101,Kamrup (m) (Guwahati),Assam,26.17,91.81,8.84,9.1,IMD_NetCDF_2025
102,Kamrup (m) (Guwahati),Assam,26.17,91.81,2.63,11.47,IMD_NetCDF_2025
103,Kamrup (m) (Guwahati),Assam,26.17,91.81,3.09,14.56,IMD_NetCDF_2025
104,Kamrup (m) (Guwahati),Assam,26.17,91.81,2.53,8.25,IMD_NetCDF_2025
105,Kamrup (m) (Guwahati),Assam,26.17,91.81,0.0,5.62,IMD_NetCDF_2025
106,Kamrup (m) (Guwahati),Assam,26.17,91.81,1.91,4.44,IMD_NetCDF_2025
107,Kamrup (m) (Guwahati),Assam,26.17,91.81,0.13,2.04,IMD_NetCDF_2025
108,Kamrup (m) (Guwahati),Assam,26.17,91.81,4.25,6.29,IMD_NetCDF_2025
109,Kamrup (m) (Guwahati),Assam,26.17,91.81,0.0,4.38,IMD_NetCDF_2025
110,Kamrup (m) (Guwahati),Assam,26.17,91.81,13.27,17.52,IMD_NetCDF_2025
111,Kamrup (m) (Guwahati),Assam,26.17,91.81,9.72,23.0,IMD_NetCDF_2025
112,Kamrup (m) (Guwahati),Assam,26.17,91.81,25.45,48.45,IMD_NetCDF_2025
113,Kamrup (m) (Guwahati),Assam,26.17,91.81,11.09,46.26,IMD_NetCDF_2025
114,Kamrup (m) (Guwahati),Assam,26.17,91.81,1.33,37.87,IMD_NetCDF_2025
115,Kamrup (m) (Guwahati),Assam,26.17,91.81,2.6,15.02,IMD_NetCDF_2025
116,Kamrup (m) (Guwahati),Assam,26.17,91.81,4.43,8.36,IMD_NetCDF_2025
117,Kamrup (m) (Guwahati),Assam,26.17,91.81,1.26,8.3,IMD_NetCDF_2025
118,Kamrup (m) (Guwahati),Assam,26.17,91.81,14.9,20.6,IMD_NetCDF_2025
119,Kamrup (m) (Guwahati),Assam,26.17,91.81,3.53,19.7,IMD_NetCDF_2025
120,Kamrup (m) (Guwahati),Assam,26.17,91.81,3.54,21.98,IMD_NetCDF_2025
121,Kamrup (m) (Guwahati),Assam,26.17,91.81,0.43,7.5,IMD_NetCDF_2025
122,Kamrup (m) (Guwahati),Assam,26.17,91.81,2.63,6.6,IMD_NetCDF_2025
123,Kamrup (m) (Guwahati),Assam,26.17,91.81,0.74,3.8,IMD_NetCDF_2025
124,Kamrup (m) (Guwahati),Assam,26.17,91.81,0.0,3.37,IMD_NetCDF_2025
125,Kamrup (m) (Guwahati),Assam,26.17,91.81,0.44,1.18,IMD_NetCDF_2025
126,Kamrup (m) (Guwahati),Assam,26.17,91.81,0.96,1.4,IMD_NetCDF_2025
127,Kamrup (m) (Guwahati),Assam,26.17,91.81,6.26,7.66,IMD_NetCDF_2025
128,Kamrup (m) (Guwahati),Assam,26.17,91.81,7.24,14.45,IMD_NetCDF_2025
129,Kamrup (m) (Guwahati),Assam,26.17,91.81,8.81,22.31,IMD_NetCDF_2025
130,Kamrup (m) (Guwahati),Assam,26.17,91.81,0.0,16.05,IMD_NetCDF_2025
131,Kamrup (m) (Guwahati),Assam,26.17,91.81,22.05,30.85,IMD_NetCDF_2025
132,Kamrup (m) (Guwahati),Assam,26.17,91.81,2.23,24.28,IMD_NetCDF_2025
133,Kamrup (m) (Guwahati),Assam,26.17,91.81,9.75,34.03,IMD_NetCDF_2025
134,Kamrup (m) (Guwahati),Assam,26.17,91.81,28.42,40.4,IMD_NetCDF_2025
135,Kamrup (m) (Guwahati),Assam,26.17,91.81,17.71,55.88,IMD_NetCDF_2025
136,Kamrup (m) (Guwahati),Assam,26.17,91.81,0.0,46.13,IMD_NetCDF_2025
137,Kamrup (m) (Guwahati),Assam,26.17,91.81,0.36,18.07,IMD_NetCDF_2025
138,Kamrup (m) (Guwahati),Assam,26.17,91.81,7.18,7.53,IMD_NetCDF_2025
139,Kamrup (m) (Guwahati),Assam,26.17,91.81,3.96,11.49,IMD_NetCDF_2025
140,Kamrup (m) (Guwahati),Assam,26.17,91.81,28.46,39.59,IMD_NetCDF_2025
141,Kamrup (m) (Guwahati),Assam,26.17,91.81,6.62,39.04,IMD_NetCDF_2025
142,Kamrup (m) (Guwahati),Assam,26.17,91.81,5.28,40.36,IMD_NetCDF_2025
143,Kamrup (m) (Guwahati),Assam,26.17,91.81,4.63,16.54,IMD_NetCDF_2025
144,Kamrup (m) (Guwahati),Assam,26.17,91.81,0.0,9.92,IMD_NetCDF_2025
145,Kamrup (m) (Guwahati),Assam,26.17,91.81,0.0,4.63,IMD_NetCDF_2025
146,Kamrup (m) (Guwahati),Assam,26.17,91.81,10.32,10.32,IMD_NetCDF_2025
147,Kamrup (m) (Guwahati),Assam,26.17,91.81,3.31,13.64,IMD_NetCDF_2025
148,Kamrup (m) (Guwahati),Assam,26.17,91.81,0.44,14.08,IMD_NetCDF_2025
149,Kamrup (m) (Guwahati),Assam,26.17,91.81,21.45,25.2,IMD_NetCDF_2025
150,Kamrup (m) (Guwahati),Assam,26.17,91.81,46.62,68.51,IMD_NetCDF_2025
151,Kamrup (m) (Guwahati),Assam,26.17,91.81,84.9,152.97,IMD_NetCDF_2025
152,Kamrup (m) (Guwahati),Assam,26.17,91.81,8.63,140.15,IMD_NetCDF_2025
153,Kamrup (m) (Guwahati),Assam,26.17,91.81,0.21,93.75,IMD_NetCDF_2025
154,Kamrup (m) (Guwahati),Assam,26.17,91.81,10.92,19.77,IMD_NetCDF_2025
155,Kamrup (m) (Guwahati),Assam,26.17,91.81,2.45,13.59,IMD_NetCDF_2025
156,Kamrup (m) (Guwahati),Assam,26.17,91.81,14.14,27.51,IMD_NetCDF_2025
157,Kamrup (m) (Guwahati),Assam,26.17,91.81,0.21,16.81,IMD_NetCDF_2025
158,Kamrup (m) (Guwahati),Assam,26.17,91.81,0.0,14.35,IMD_NetCDF_2025
159,Kamrup (m) (Guwahati),Assam,26.17,91.81,0.0,0.21,IMD_NetCDF_2025
160,Kamrup (m) (Guwahati),Assam,26.17,91.81,0.0,0.0,IMD_NetCDF_2025
161,Kamrup (m) (Guwahati),Assam,26.17,91.81,0.0,0.0,IMD_NetCDF_2025
162,Kamrup (m) (Guwahati),Assam,26.17,91.81,0.0,0.0,IMD_NetCDF_2025
163,Kamrup (m) (Guwahati),Assam,26.17,91.81,3.43,3.43,IMD_NetCDF_2025
164,Kamrup (m) (Guwahati),Assam,26.17,91.81,0.0,3.43,IMD_NetCDF_2025
165,Kamrup (m) (Guwahati),Assam,26.17,91.81,2.65,6.08,IMD_NetCDF_2025
166,Kamrup (m) (Guwahati),Assam,26.17,91.81,0.95,3.59,IMD_NetCDF_2025
167,Kamrup (m) (Guwahati),Assam,26.17,91.81,2.0,5.59,IMD_NetCDF_2025
168,Kamrup (m) (Guwahati),Assam,26.17,91.81,13.6,16.54,IMD_NetCDF_2025
169,Kamrup (m) (Guwahati),Assam,26.17,91.81,0.64,16.24,IMD_NetCDF_2025
170,Kamrup (m) (Guwahati),Assam,26.17,91.81,4.49,18.73,IMD_NetCDF_2025
171,Kamrup (m) (Guwahati),Assam,26.17,91.81,0.65,5.79,IMD_NetCDF_2025
172,Kamrup (m) (Guwahati),Assam,26.17,91.81,22.5,27.65,IMD_NetCDF_2025
173,Kamrup (m) (Guwahati),Assam,26.17,91.81,5.13,28.29,IMD_NetCDF_2025
174,Kamrup (m) (Guwahati),Assam,26.17,91.81,22.16,49.8,IMD_NetCDF_2025
175,Kamrup (m) (Guwahati),Assam,26.17,91.81,2.89,30.19,IMD_NetCDF_2025
176,Kamrup (m) (Guwahati),Assam,26.17,91.81,10.36,35.42,IMD_NetCDF_2025
177,Kamrup (m) (Guwahati),Assam,26.17,91.81,0.87,14.12,IMD_NetCDF_2025
178,Kamrup (m) (Guwahati),Assam,26.17,91.81,1.98,13.21,IMD_NetCDF_2025
179,Kamrup (m) (Guwahati),Assam,26.17,91.81,23.31,26.16,IMD_NetCDF_2025
180,Kamrup (m) (Guwahati),Assam,26.17,91.81,1.21,26.5,IMD_NetCDF_2025
181,Kamrup (m) (Guwahati),Assam,26.17,91.81,0.4,24.92,IMD_NetCDF_2025
182,Kamrup (m) (Guwahati),Assam,26.17,91.81,0.59,2.2,IMD_NetCDF_2025
183,Kamrup (m) (Guwahati),Assam,26.17,91.81,9.98,10.97,IMD_NetCDF_2025
184,Kamrup (m) (Guwahati),Assam,26.17,91.81,5.33,15.91,IMD_NetCDF_2025
185,Kamrup (m) (Guwahati),Assam,26.17,91.81,10.6,25.91,IMD_NetCDF_2025
186,Kamrup (m) (Guwahati),Assam,26.17,91.81,12.06,27.99,IMD_NetCDF_2025
187,Kamrup (m) (Guwahati),Assam,26.17,91.81,3.44,26.1,IMD_NetCDF_2025
188,Kamrup (m) (Guwahati),Assam,26.17,91.81,0.0,15.5,IMD_NetCDF_2025
189,Kamrup (m) (Guwahati),Assam,26.17,91.81,0.0,3.44,IMD_NetCDF_2025
190,Kamrup (m) (Guwahati),Assam,26.17,91.81,0.32,0.32,IMD_NetCDF_2025
191,Kamrup (m) (Guwahati),Assam,26.17,91.81,0.67,0.99,IMD_NetCDF_2025
192,Kamrup (m) (Guwahati),Assam,26.17,91.81,37.25,38.24,IMD_NetCDF_2025
193,Kamrup (m) (Guwahati),Assam,26.17,91.81,0.0,37.92,IMD_NetCDF_2025
194,Kamrup (m) (Guwahati),Assam,26.17,91.81,0.0,37.25,IMD_NetCDF_2025
195,Kamrup (m) (Guwahati),Assam,26.17,91.81,0.0,0.0,IMD_NetCDF_2025
196,Kamrup (m) (Guwahati),Assam,26.17,91.81,4.89,4.89,IMD_NetCDF_2025
197,Kamrup (m) (Guwahati),Assam,26.17,91.81,3.04,7.93,IMD_NetCDF_2025
198,Kamrup (m) (Guwahati),Assam,26.17,91.81,1.23,9.17,IMD_NetCDF_2025
199,Kamrup (m) (Guwahati),Assam,26.17,91.81,0.42,4.69,IMD_NetCDF_2025
200,Kamrup (m) (Guwahati),Assam,26.17,91.81,0.0,1.65,IMD_NetCDF_2025
201,Kamrup (m) (Guwahati),Assam,26.17,91.81,1.03,1.45,IMD_NetCDF_2025
202,Kamrup (m) (Guwahati),Assam,26.17,91.81,11.29,12.33,IMD_NetCDF_2025
203,Kamrup (m) (Guwahati),Assam,26.17,91.81,7.88,20.2,IMD_NetCDF_2025
204,Kamrup (m) (Guwahati),Assam,26.17,91.81,0.0,19.17,IMD_NetCDF_2025
205,Kamrup (m) (Guwahati),Assam,26.17,91.81,0.0,7.88,IMD_NetCDF_2025
206,Kamrup (m) (Guwahati),Assam,26.17,91.81,6.07,6.07,IMD_NetCDF_2025
207,Kamrup (m) (Guwahati),Assam,26.17,91.81,0.0,6.07,IMD_NetCDF_2025
208,Kamrup (m) (Guwahati),Assam,26.17,91.81,2.46,8.53,IMD_NetCDF_2025
209,Kamrup (m) (Guwahati),Assam,26.17,91.81,8.8,11.26,IMD_NetCDF_2025
210,Kamrup (m) (Guwahati),Assam,26.17,91.81,0.0,11.26,IMD_NetCDF_2025
211,Kamrup (m) (Guwahati),Assam,26.17,91.81,3.11,11.91,IMD_NetCDF_2025
212,Kamrup (m) (Guwahati),Assam,26.17,91.81,0.51,3.61,IMD_NetCDF_2025
213,Kamrup (m) (Guwahati),Assam,26.17,91.81,1.98,5.59,IMD_NetCDF_2025
214,Kamrup (m) (Guwahati),Assam,26.17,91.81,6.79,9.28,IMD_NetCDF_2025
215,Kamrup (m) (Guwahati),Assam,26.17,91.81,3.56,12.33,IMD_NetCDF_2025
216,Kamrup (m) (Guwahati),Assam,26.17,91.81,4.98,15.34,IMD_NetCDF_2025
217,Kamrup (m) (Guwahati),Assam,26.17,91.81,1.06,9.6,IMD_NetCDF_2025
218,Kamrup (m) (Guwahati),Assam,26.17,91.81,22.93,28.96,IMD_NetCDF_2025
219,Kamrup (m) (Guwahati),Assam,26.17,91.81,18.28,42.26,IMD_NetCDF_2025
220,Kamrup (m) (Guwahati),Assam,26.17,91.81,15.74,56.94,IMD_NetCDF_2025
221,Kamrup (m) (Guwahati),Assam,26.17,91.81,3.68,37.69,IMD_NetCDF_2025
222,Kamrup (m) (Guwahati),Assam,26.17,91.81,1.3,20.72,IMD_NetCDF_2025
223,Kamrup (m) (Guwahati),Assam,26.17,91.81,0.86,5.84,IMD_NetCDF_2025
224,Kamrup (m) (Guwahati),Assam,26.17,91.81,2.67,4.84,IMD_NetCDF_2025
225,Kamrup (m) (Guwahati),Assam,26.17,91.81,35.4,38.94,IMD_NetCDF_2025
226,Kamrup (m) (Guwahati),Assam,26.17,91.81,13.06,51.13,IMD_NetCDF_2025
227,Kamrup (m) (Guwahati),Assam,26.17,91.81,1.43,49.89,IMD_NetCDF_2025
228,Kamrup (m) (Guwahati),Assam,26.17,91.81,2.12,16.61,IMD_NetCDF_2025
229,Kamrup (m) (Guwahati),Assam,26.17,91.81,10.7,14.25,IMD_NetCDF_2025
230,Kamrup (m) (Guwahati),Assam,26.17,91.81,0.97,13.79,IMD_NetCDF_2025
231,Kamrup (m) (Guwahati),Assam,26.17,91.81,3.13,14.8,IMD_NetCDF_2025
232,Kamrup (m) (Guwahati),Assam,26.17,91.81,0.76,4.87,IMD_NetCDF_2025
233,Kamrup (m) (Guwahati),Assam,26.17,91.81,10.55,14.45,IMD_NetCDF_2025
234,Kamrup (m) (Guwahati),Assam,26.17,91.81,46.68,58.0,IMD_NetCDF_2025
235,Kamrup (m) (Guwahati),Assam,26.17,91.81,1.0,58.24,IMD_NetCDF_2025
236,Kamrup (m) (Guwahati),Assam,26.17,91.81,0.8,48.49,IMD_NetCDF_2025
237,Kamrup (m) (Guwahati),Assam,26.17,91.81,3.87,5.68,IMD_NetCDF_2025
238,Kamrup (m) (Guwahati),Assam,26.17,91.81,8.71,13.39,IMD_NetCDF_2025
239,Kamrup (m) (Guwahati),Assam,26.17,91.81,2.08,14.67,IMD_NetCDF_2025
240,Kamrup (m) (Guwahati),Assam,26.17,91.81,6.21,17.0,IMD_NetCDF_2025
241,Kamrup (m) (Guwahati),Assam,26.17,91.81,1.09,9.38,IMD_NetCDF_2025
242,Kamrup (m) (Guwahati),Assam,26.17,91.81,13.68,20.98,IMD_NetCDF_2025
243,Kamrup (m) (Guwahati),Assam,26.17,91.81,3.3,18.07,IMD_NetCDF_2025
244,Kamrup (m) (Guwahati),Assam,26.17,91.81,0.0,16.98,IMD_NetCDF_2025
245,Kamrup (m) (Guwahati),Assam,26.17,91.81,0.55,3.85,IMD_NetCDF_2025
246,Kamrup (m) (Guwahati),Assam,26.17,91.81,0.92,1.47,IMD_NetCDF_2025
247,Kamrup (m) (Guwahati),Assam,26.17,91.81,6.24,7.71,IMD_NetCDF_2025
248,Kamrup (m) (Guwahati),Assam,26.17,91.81,1.55,8.71,IMD_NetCDF_2025
249,Kamrup (m) (Guwahati),Assam,26.17,91.81,3.46,11.24,IMD_NetCDF_2025
250,Kamrup (m) (Guwahati),Assam,26.17,91.81,3.54,8.54,IMD_NetCDF_2025
251,Kamrup (m) (Guwahati),Assam,26.17,91.81,0.55,7.55,IMD_NetCDF_2025
252,Kamrup (m) (Guwahati),Assam,26.17,91.81,0.55,4.65,IMD_NetCDF_2025
253,Kamrup (m) (Guwahati),Assam,26.17,91.81,1.75,2.85,IMD_NetCDF_2025
254,Kamrup (m) (Guwahati),Assam,26.17,91.81,2.23,4.53,IMD_NetCDF_2025
255,Kamrup (m) (Guwahati),Assam,26.17,91.81,1.33,5.3,IMD_NetCDF_2025
256,Kamrup (m) (Guwahati),Assam,26.17,91.81,1.49,5.05,IMD_NetCDF_2025
257,Kamrup (m) (Guwahati),Assam,26.17,91.81,31.37,34.19,IMD_NetCDF_2025
258,Kamrup (m) (Guwahati),Assam,26.17,91.81,9.69,42.55,IMD_NetCDF_2025
259,Kamrup (m) (Guwahati),Assam,26.17,91.81,12.9,53.96,IMD_NetCDF_2025
260,Kamrup (m) (Guwahati),Assam,26.17,91.81,8.82,31.41,IMD_NetCDF_2025
261,Kamrup (m) (Guwahati),Assam,26.17,91.81,2.87,24.59,IMD_NetCDF_2025
262,Kamrup (m) (Guwahati),Assam,26.17,91.81,0.55,12.24,IMD_NetCDF_2025
263,Kamrup (m) (Guwahati),Assam,26.17,91.81,0.39,3.81,IMD_NetCDF_2025
264,Kamrup (m) (Guwahati),Assam,26.17,91.81,0.2,1.14,IMD_NetCDF_2025
265,Kamrup (m) (Guwahati),Assam,26.17,91.81,0.0,0.59,IMD_NetCDF_2025
266,Kamrup (m) (Guwahati),Assam,26.17,91.81,0.0,0.2,IMD_NetCDF_2025
267,Kamrup (m) (Guwahati),Assam,26.17,91.81,0.0,0.0,IMD_NetCDF_2025
268,Kamrup (m) (Guwahati),Assam,26.17,91.81,0.0,0.0,IMD_NetCDF_2025
269,Kamrup (m) (Guwahati),Assam,26.17,91.81,0.0,0.0,IMD_NetCDF_2025
270,Kamrup (m) (Guwahati),Assam,26.17,91.81,0.0,0.0,IMD_NetCDF_2025
271,Kamrup (m) (Guwahati),Assam,26.17,91.81,2.59,2.59,IMD_NetCDF_2025
272,Kamrup (m) (Guwahati),Assam,26.17,91.81,0.0,2.59,IMD_NetCDF_2025
273,Kamrup (m) (Guwahati),Assam,26.17,91.81,0.0,2.59,IMD_NetCDF_2025
274,Kamrup (m) (Guwahati),Assam,26.17,91.81,2.4,2.4,IMD_NetCDF_2025
275,Kamrup (m) (Guwahati),Assam,26.17,91.81,2.96,5.35,IMD_NetCDF_2025
276,Kamrup (m) (Guwahati),Assam,26.17,91.81,4.14,9.49,IMD_NetCDF_2025
277,Kamrup (m) (Guwahati),Assam,26.17,91.81,0.0,7.1,IMD_NetCDF_2025
278,Kamrup (m) (Guwahati),Assam,26.17,91.81,4.1,8.24,IMD_NetCDF_2025
279,Kamrup (m) (Guwahati),Assam,26.17,91.81,16.44,20.54,IMD_NetCDF_2025
280,Kamrup (m) (Guwahati),Assam,26.17,91.81,0.0,20.54,IMD_NetCDF_2025
281,Kamrup (m) (Guwahati),Assam,26.17,91.81,0.55,16.98,IMD_NetCDF_2025
282,Kamrup (m) (Guwahati),Assam,26.17,91.81,1.97,2.52,IMD_NetCDF_2025
283,Kamrup (m) (Guwahati),Assam,26.17,91.81,0.0,2.52,IMD_NetCDF_2025
284,Kamrup (m) (Guwahati),Assam,26.17,91.81,4.22,6.19,IMD_NetCDF_2025
285,Kamrup (m) (Guwahati),Assam,26.17,91.81,1.03,5.25,IMD_NetCDF_2025
286,Kamrup (m) (Guwahati),Assam,26.17,91.81,0.0,5.25,IMD_NetCDF_2025
287,Kamrup (m) (Guwahati),Assam,26.17,91.81,0.0,1.03,IMD_NetCDF_2025
288,Kamrup (m) (Guwahati),Assam,26.17,91.81,0.0,0.0,IMD_NetCDF_2025
289,Kamrup (m) (Guwahati),Assam,26.17,91.81,0.0,0.0,IMD_NetCDF_2025
290,Kamrup (m) (Guwahati),Assam,26.17,91.81,0.0,0.0,IMD_NetCDF_2025
291,Kamrup (m) (Guwahati),Assam,26.17,91.81,0.0,0.0,IMD_NetCDF_2025
292,Kamrup (m) (Guwahati),Assam,26.17,91.81,0.0,0.0,IMD_NetCDF_2025
293,Kamrup (m) (Guwahati),Assam,26.17,91.81,0.0,0.0,IMD_NetCDF_2025
294,Kamrup (m) (Guwahati),Assam,26.17,91.81,0.0,0.0,IMD_NetCDF_2025
295,Kamrup (m) (Guwahati),Assam,26.17,91.81,0.0,0.0,IMD_NetCDF_2025
296,Kamrup (m) (Guwahati),Assam,26.17,91.81,0.0,0.0,IMD_NetCDF_2025
297,Kamrup (m) (Guwahati),Assam,26.17,91.81,0.0,0.0,IMD_NetCDF_2025
298,Kamrup (m) (Guwahati),Assam,26.17,91.81,0.76,0.76,IMD_NetCDF_2025
299,Kamrup (m) (Guwahati),Assam,26.17,91.81,0.0,0.76,IMD_NetCDF_2025
300,Kamrup (m) (Guwahati),Assam,26.17,91.81,0.0,0.76,IMD_NetCDF_2025
301,Kamrup (m) (Guwahati),Assam,26.17,91.81,0.0,0.0,IMD_NetCDF_2025
302,Kamrup (m) (Guwahati),Assam,26.17,91.81,0.0,0.0,IMD_NetCDF_2025
303,Kamrup (m) (Guwahati),Assam,26.17,91.81,0.0,0.0,IMD_NetCDF_2025
304,Kamrup (m) (Guwahati),Assam,26.17,91.81,9.72,9.72,IMD_NetCDF_2025
305,Kamrup (m) (Guwahati),Assam,26.17,91.81,2.58,12.3,IMD_NetCDF_2025
306,Kamrup (m) (Guwahati),Assam,26.17,91.81,5.95,18.26,IMD_NetCDF_2025
307,Kamrup (m) (Guwahati),Assam,26.17,91.81,0.2,8.74,IMD_NetCDF_2025
308,Kamrup (m) (Guwahati),Assam,26.17,91.81,0.0,6.16,IMD_NetCDF_2025
309,Kamrup (m) (Guwahati),Assam,26.17,91.81,0.0,0.2,IMD_NetCDF_2025
310,Kamrup (m) (Guwahati),Assam,26.17,91.81,0.1,0.1,IMD_NetCDF_2025
311,Kamrup (m) (Guwahati),Assam,26.17,91.81,0.1,0.2,IMD_NetCDF_2025
312,Kamrup (m) (Guwahati),Assam,26.17,91.81,0.0,0.2,IMD_NetCDF_2025
313,Kamrup (m) (Guwahati),Assam,26.17,91.81,0.0,0.1,IMD_NetCDF_2025
314,Kamrup (m) (Guwahati),Assam,26.17,91.81,0.0,0.0,IMD_NetCDF_2025
315,Kamrup (m) (Guwahati),Assam,26.17,91.81,0.0,0.0,IMD_NetCDF_2025
316,Kamrup (m) (Guwahati),Assam,26.17,91.81,0.0,0.0,IMD_NetCDF_2025
317,Kamrup (m) (Guwahati),Assam,26.17,91.81,0.0,0.0,IMD_NetCDF_2025
318,Kamrup (m) (Guwahati),Assam,26.17,91.81,0.0,0.0,IMD_NetCDF_2025
319,Kamrup (m) (Guwahati),Assam,26.17,91.81,0.0,0.0,IMD_NetCDF_2025
320,Kamrup (m) (Guwahati),Assam,26.17,91.81,0.0,0.0,IMD_NetCDF_2025
321,Kamrup (m) (Guwahati),Assam,26.17,91.81,0.0,0.0,IMD_NetCDF_2025
322,Kamrup (m) (Guwahati),Assam,26.17,91.81,0.0,0.0,IMD_NetCDF_2025
323,Kamrup (m) (Guwahati),Assam,26.17,91.81,0.0,0.0,IMD_NetCDF_2025
324,Kamrup (m) (Guwahati),Assam,26.17,91.81,0.0,0.0,IMD_NetCDF_2025
325,Kamrup (m) (Guwahati),Assam,26.17,91.81,0.0,0.0,IMD_NetCDF_2025
326,Kamrup (m) (Guwahati),Assam,26.17,91.81,0.0,0.0,IMD_NetCDF_2025
327,Kamrup (m) (Guwahati),Assam,26.17,91.81,0.19,0.19,IMD_NetCDF_2025
328,Kamrup (m) (Guwahati),Assam,26.17,91.81,0.0,0.19,IMD_NetCDF_2025
329,Kamrup (m) (Guwahati),Assam,26.17,91.81,0.0,0.19,IMD_NetCDF_2025
330,Kamrup (m) (Guwahati),Assam,26.17,91.81,0.0,0.0,IMD_NetCDF_2025
331,Kamrup (m) (Guwahati),Assam,26.17,91.81,0.0,0.0,IMD_NetCDF_2025
332,Kamrup (m) (Guwahati),Assam,26.17,91.81,0.0,0.0,IMD_NetCDF_2025
333,Kamrup (m) (Guwahati),Assam,26.17,91.81,0.0,0.0,IMD_NetCDF_2025
334,Kamrup (m) (Guwahati),Assam,26.17,91.81,0.0,0.0,IMD_NetCDF_2025
335,Kamrup (m) (Guwahati),Assam,26.17,91.81,0.0,0.0,IMD_NetCDF_2025
336,Kamrup (m) (Guwahati),Assam,26.17,91.81,0.0,0.0,IMD_NetCDF_2025
337,Kamrup (m) (Guwahati),Assam,26.17,91.81,0.0,0.0,IMD_NetCDF_2025
338,Kamrup (m) (Guwahati),Assam,26.17,91.81,0.0,0.0,IMD_NetCDF_2025
339,Kamrup (m) (Guwahati),Assam,26.17,91.81,0.0,0.0,IMD_NetCDF_2025
340,Kamrup (m) (Guwahati),Assam,26.17,91.81,0.0,0.0,IMD_NetCDF_2025
341,Kamrup (m) (Guwahati),Assam,26.17,91.81,0.0,0.0,IMD_NetCDF_2025
342,Kamrup (m) (Guwahati),Assam,26.17,91.81,0.0,0.0,IMD_NetCDF_2025
343,Kamrup (m) (Guwahati),Assam,26.17,91.81,0.0,0.0,IMD_NetCDF_2025
344,Kamrup (m) (Guwahati),Assam,26.17,91.81,0.0,0.0,IMD_NetCDF_2025
345,Kamrup (m) (Guwahati),Assam,26.17,91.81,0.0,0.0,IMD_NetCDF_2025
346,Kamrup (m) (Guwahati),Assam,26.17,91.81,0.0,0.0,IMD_NetCDF_2025
347,Kamrup (m) (Guwahati),Assam,26.17,91.81,0.0,0.0,IMD_NetCDF_2025
348,Kamrup (m) (Guwahati),Assam,26.17,91.81,0.0,0.0,IMD_NetCDF_2025
349,Kamrup (m) (Guwahati),Assam,26.17,91.81,0.0,0.0,IMD_NetCDF_2025
350,Kamrup (m) (Guwahati),Assam,26.17,91.81,0.0,0.0,IMD_NetCDF_2025
351,Kamrup (m) (Guwahati),Assam,26.17,91.81,0.0,0.0,IMD_NetCDF_2025
352,Kamrup (m) (Guwahati),Assam,26.17,91.81,0.0,0.0,IMD_NetCDF_2025
353,Kamrup (m) (Guwahati),Assam,26.17,91.81,0.0,0.0,IMD_NetCDF_2025
354,Kamrup (m) (Guwahati),Assam,26.17,91.81,0.0,0.0,IMD_NetCDF_2025
355,Kamrup (m) (Guwahati),Assam,26.17,91.81,0.0,0.0,IMD_NetCDF_2025
356,Kamrup (m) (Guwahati),Assam,26.17,91.81,0.0,0.0,IMD_NetCDF_2025
357,Kamrup (m) (Guwahati),Assam,26.17,91.81,0.0,0.0,IMD_NetCDF_2025
358,Kamrup (m) (Guwahati),Assam,26.17,91.81,0.0,0.0,IMD_NetCDF_2025
359,Kamrup (m) (Guwahati),Assam,26.17,91.81,0.0,0.0,IMD_NetCDF_2025
360,Kamrup (m) (Guwahati),Assam,26.17,91.81,0.0,0.0,IMD_NetCDF_2025
361,Kamrup (m) (Guwahati),Assam,26.17,91.81,0.0,0.0,IMD_NetCDF_2025
362,Kamrup (m) (Guwahati),Assam,26.17,91.81,0.0,0.0,IMD_NetCDF_2025
363,Kamrup (m) (Guwahati),Assam,26.17,91.81,0.0,0.0,IMD_NetCDF_2025
364,Kamrup (m) (Guwahati),Assam,26.17,91.81,0.0,0.0,IMD_NetCDF_2025
365,Kamrup (m) (Guwahati),Assam,26.17,91.81,0.0,0.0,IMD_NetCDF_2025
1,Imphal East Corridor,Manipur,24.81,93.93,0.0,0.0,IMD_NetCDF_2025
2,Imphal East Corridor,Manipur,24.81,93.93,0.0,0.0,IMD_NetCDF_2025
3,Imphal East Corridor,Manipur,24.81,93.93,0.0,0.0,IMD_NetCDF_2025
4,Imphal East Corridor,Manipur,24.81,93.93,0.0,0.0,IMD_NetCDF_2025
5,Imphal East Corridor,Manipur,24.81,93.93,0.0,0.0,IMD_NetCDF_2025
6,Imphal East Corridor,Manipur,24.81,93.93,0.0,0.0,IMD_NetCDF_2025
7,Imphal East Corridor,Manipur,24.81,93.93,0.0,0.0,IMD_NetCDF_2025
8,Imphal East Corridor,Manipur,24.81,93.93,1.7,1.7,IMD_NetCDF_2025
9,Imphal East Corridor,Manipur,24.81,93.93,0.0,1.7,IMD_NetCDF_2025
10,Imphal East Corridor,Manipur,24.81,93.93,0.0,1.7,IMD_NetCDF_2025
11,Imphal East Corridor,Manipur,24.81,93.93,0.0,0.0,IMD_NetCDF_2025
12,Imphal East Corridor,Manipur,24.81,93.93,0.0,0.0,IMD_NetCDF_2025
13,Imphal East Corridor,Manipur,24.81,93.93,0.0,0.0,IMD_NetCDF_2025
14,Imphal East Corridor,Manipur,24.81,93.93,0.0,0.0,IMD_NetCDF_2025
15,Imphal East Corridor,Manipur,24.81,93.93,0.0,0.0,IMD_NetCDF_2025
16,Imphal East Corridor,Manipur,24.81,93.93,0.0,0.0,IMD_NetCDF_2025
17,Imphal East Corridor,Manipur,24.81,93.93,0.0,0.0,IMD_NetCDF_2025
18,Imphal East Corridor,Manipur,24.81,93.93,0.0,0.0,IMD_NetCDF_2025
19,Imphal East Corridor,Manipur,24.81,93.93,0.0,0.0,IMD_NetCDF_2025
20,Imphal East Corridor,Manipur,24.81,93.93,0.0,0.0,IMD_NetCDF_2025
21,Imphal East Corridor,Manipur,24.81,93.93,0.0,0.0,IMD_NetCDF_2025
22,Imphal East Corridor,Manipur,24.81,93.93,0.0,0.0,IMD_NetCDF_2025
23,Imphal East Corridor,Manipur,24.81,93.93,0.0,0.0,IMD_NetCDF_2025
24,Imphal East Corridor,Manipur,24.81,93.93,0.0,0.0,IMD_NetCDF_2025
25,Imphal East Corridor,Manipur,24.81,93.93,0.0,0.0,IMD_NetCDF_2025
26,Imphal East Corridor,Manipur,24.81,93.93,0.0,0.0,IMD_NetCDF_2025
27,Imphal East Corridor,Manipur,24.81,93.93,0.0,0.0,IMD_NetCDF_2025
28,Imphal East Corridor,Manipur,24.81,93.93,0.0,0.0,IMD_NetCDF_2025
29,Imphal East Corridor,Manipur,24.81,93.93,0.0,0.0,IMD_NetCDF_2025
30,Imphal East Corridor,Manipur,24.81,93.93,0.0,0.0,IMD_NetCDF_2025
31,Imphal East Corridor,Manipur,24.81,93.93,0.0,0.0,IMD_NetCDF_2025
32,Imphal East Corridor,Manipur,24.81,93.93,0.17,0.17,IMD_NetCDF_2025
33,Imphal East Corridor,Manipur,24.81,93.93,0.0,0.17,IMD_NetCDF_2025
34,Imphal East Corridor,Manipur,24.81,93.93,0.0,0.17,IMD_NetCDF_2025
35,Imphal East Corridor,Manipur,24.81,93.93,0.0,0.0,IMD_NetCDF_2025
36,Imphal East Corridor,Manipur,24.81,93.93,0.0,0.0,IMD_NetCDF_2025
37,Imphal East Corridor,Manipur,24.81,93.93,0.0,0.0,IMD_NetCDF_2025
38,Imphal East Corridor,Manipur,24.81,93.93,0.0,0.0,IMD_NetCDF_2025
39,Imphal East Corridor,Manipur,24.81,93.93,0.0,0.0,IMD_NetCDF_2025
40,Imphal East Corridor,Manipur,24.81,93.93,0.0,0.0,IMD_NetCDF_2025
41,Imphal East Corridor,Manipur,24.81,93.93,0.0,0.0,IMD_NetCDF_2025
42,Imphal East Corridor,Manipur,24.81,93.93,0.0,0.0,IMD_NetCDF_2025
43,Imphal East Corridor,Manipur,24.81,93.93,0.0,0.0,IMD_NetCDF_2025
44,Imphal East Corridor,Manipur,24.81,93.93,0.16,0.16,IMD_NetCDF_2025
45,Imphal East Corridor,Manipur,24.81,93.93,1.6,1.76,IMD_NetCDF_2025
46,Imphal East Corridor,Manipur,24.81,93.93,0.0,1.76,IMD_NetCDF_2025
47,Imphal East Corridor,Manipur,24.81,93.93,0.0,1.6,IMD_NetCDF_2025
48,Imphal East Corridor,Manipur,24.81,93.93,0.0,0.0,IMD_NetCDF_2025
49,Imphal East Corridor,Manipur,24.81,93.93,0.0,0.0,IMD_NetCDF_2025
50,Imphal East Corridor,Manipur,24.81,93.93,0.49,0.49,IMD_NetCDF_2025
51,Imphal East Corridor,Manipur,24.81,93.93,0.0,0.49,IMD_NetCDF_2025
52,Imphal East Corridor,Manipur,24.81,93.93,0.0,0.49,IMD_NetCDF_2025
53,Imphal East Corridor,Manipur,24.81,93.93,0.0,0.0,IMD_NetCDF_2025
54,Imphal East Corridor,Manipur,24.81,93.93,0.0,0.0,IMD_NetCDF_2025
55,Imphal East Corridor,Manipur,24.81,93.93,2.66,2.66,IMD_NetCDF_2025
56,Imphal East Corridor,Manipur,24.81,93.93,0.0,2.66,IMD_NetCDF_2025
57,Imphal East Corridor,Manipur,24.81,93.93,0.0,2.66,IMD_NetCDF_2025
58,Imphal East Corridor,Manipur,24.81,93.93,0.0,0.0,IMD_NetCDF_2025
59,Imphal East Corridor,Manipur,24.81,93.93,0.0,0.0,IMD_NetCDF_2025
60,Imphal East Corridor,Manipur,24.81,93.93,0.0,0.0,IMD_NetCDF_2025
61,Imphal East Corridor,Manipur,24.81,93.93,14.86,14.86,IMD_NetCDF_2025
62,Imphal East Corridor,Manipur,24.81,93.93,0.59,15.45,IMD_NetCDF_2025
63,Imphal East Corridor,Manipur,24.81,93.93,0.0,15.45,IMD_NetCDF_2025
64,Imphal East Corridor,Manipur,24.81,93.93,0.0,0.59,IMD_NetCDF_2025
65,Imphal East Corridor,Manipur,24.81,93.93,0.0,0.0,IMD_NetCDF_2025
66,Imphal East Corridor,Manipur,24.81,93.93,0.0,0.0,IMD_NetCDF_2025
67,Imphal East Corridor,Manipur,24.81,93.93,0.0,0.0,IMD_NetCDF_2025
68,Imphal East Corridor,Manipur,24.81,93.93,0.0,0.0,IMD_NetCDF_2025
69,Imphal East Corridor,Manipur,24.81,93.93,0.0,0.0,IMD_NetCDF_2025
70,Imphal East Corridor,Manipur,24.81,93.93,0.0,0.0,IMD_NetCDF_2025
71,Imphal East Corridor,Manipur,24.81,93.93,0.0,0.0,IMD_NetCDF_2025
72,Imphal East Corridor,Manipur,24.81,93.93,4.95,4.95,IMD_NetCDF_2025
73,Imphal East Corridor,Manipur,24.81,93.93,7.5,12.45,IMD_NetCDF_2025
74,Imphal East Corridor,Manipur,24.81,93.93,10.11,22.56,IMD_NetCDF_2025
75,Imphal East Corridor,Manipur,24.81,93.93,0.0,17.62,IMD_NetCDF_2025
76,Imphal East Corridor,Manipur,24.81,93.93,0.0,10.11,IMD_NetCDF_2025
77,Imphal East Corridor,Manipur,24.81,93.93,2.19,2.19,IMD_NetCDF_2025
78,Imphal East Corridor,Manipur,24.81,93.93,0.79,2.98,IMD_NetCDF_2025
79,Imphal East Corridor,Manipur,24.81,93.93,0.0,2.98,IMD_NetCDF_2025
80,Imphal East Corridor,Manipur,24.81,93.93,0.0,0.79,IMD_NetCDF_2025
81,Imphal East Corridor,Manipur,24.81,93.93,0.23,0.23,IMD_NetCDF_2025
82,Imphal East Corridor,Manipur,24.81,93.93,0.0,0.23,IMD_NetCDF_2025
83,Imphal East Corridor,Manipur,24.81,93.93,0.44,0.67,IMD_NetCDF_2025
84,Imphal East Corridor,Manipur,24.81,93.93,0.0,0.44,IMD_NetCDF_2025
85,Imphal East Corridor,Manipur,24.81,93.93,0.0,0.44,IMD_NetCDF_2025
86,Imphal East Corridor,Manipur,24.81,93.93,0.0,0.0,IMD_NetCDF_2025
87,Imphal East Corridor,Manipur,24.81,93.93,0.0,0.0,IMD_NetCDF_2025
88,Imphal East Corridor,Manipur,24.81,93.93,0.0,0.0,IMD_NetCDF_2025
89,Imphal East Corridor,Manipur,24.81,93.93,0.0,0.0,IMD_NetCDF_2025
90,Imphal East Corridor,Manipur,24.81,93.93,0.0,0.0,IMD_NetCDF_2025
91,Imphal East Corridor,Manipur,24.81,93.93,0.0,0.0,IMD_NetCDF_2025
92,Imphal East Corridor,Manipur,24.81,93.93,0.0,0.0,IMD_NetCDF_2025
93,Imphal East Corridor,Manipur,24.81,93.93,0.0,0.0,IMD_NetCDF_2025
94,Imphal East Corridor,Manipur,24.81,93.93,0.0,0.0,IMD_NetCDF_2025
95,Imphal East Corridor,Manipur,24.81,93.93,0.0,0.0,IMD_NetCDF_2025
96,Imphal East Corridor,Manipur,24.81,93.93,5.22,5.22,IMD_NetCDF_2025
97,Imphal East Corridor,Manipur,24.81,93.93,0.57,5.79,IMD_NetCDF_2025
98,Imphal East Corridor,Manipur,24.81,93.93,0.0,5.79,IMD_NetCDF_2025
99,Imphal East Corridor,Manipur,24.81,93.93,0.0,0.57,IMD_NetCDF_2025
100,Imphal East Corridor,Manipur,24.81,93.93,0.0,0.0,IMD_NetCDF_2025
101,Imphal East Corridor,Manipur,24.81,93.93,2.78,2.78,IMD_NetCDF_2025
102,Imphal East Corridor,Manipur,24.81,93.93,4.78,7.55,IMD_NetCDF_2025
103,Imphal East Corridor,Manipur,24.81,93.93,0.0,7.55,IMD_NetCDF_2025
104,Imphal East Corridor,Manipur,24.81,93.93,0.0,4.78,IMD_NetCDF_2025
105,Imphal East Corridor,Manipur,24.81,93.93,17.96,17.96,IMD_NetCDF_2025
106,Imphal East Corridor,Manipur,24.81,93.93,0.0,17.96,IMD_NetCDF_2025
107,Imphal East Corridor,Manipur,24.81,93.93,2.28,20.24,IMD_NetCDF_2025
108,Imphal East Corridor,Manipur,24.81,93.93,11.34,13.62,IMD_NetCDF_2025
109,Imphal East Corridor,Manipur,24.81,93.93,1.32,14.94,IMD_NetCDF_2025
110,Imphal East Corridor,Manipur,24.81,93.93,9.84,22.5,IMD_NetCDF_2025
111,Imphal East Corridor,Manipur,24.81,93.93,3.3,14.46,IMD_NetCDF_2025
112,Imphal East Corridor,Manipur,24.81,93.93,0.48,13.63,IMD_NetCDF_2025
113,Imphal East Corridor,Manipur,24.81,93.93,4.43,8.22,IMD_NetCDF_2025
114,Imphal East Corridor,Manipur,24.81,93.93,0.0,4.91,IMD_NetCDF_2025
115,Imphal East Corridor,Manipur,24.81,93.93,0.0,4.43,IMD_NetCDF_2025
116,Imphal East Corridor,Manipur,24.81,93.93,0.41,0.41,IMD_NetCDF_2025
117,Imphal East Corridor,Manipur,24.81,93.93,0.0,0.41,IMD_NetCDF_2025
118,Imphal East Corridor,Manipur,24.81,93.93,0.0,0.41,IMD_NetCDF_2025
119,Imphal East Corridor,Manipur,24.81,93.93,7.97,7.97,IMD_NetCDF_2025
120,Imphal East Corridor,Manipur,24.81,93.93,0.44,8.4,IMD_NetCDF_2025
121,Imphal East Corridor,Manipur,24.81,93.93,1.62,10.03,IMD_NetCDF_2025
122,Imphal East Corridor,Manipur,24.81,93.93,6.17,8.23,IMD_NetCDF_2025
123,Imphal East Corridor,Manipur,24.81,93.93,6.15,13.95,IMD_NetCDF_2025
124,Imphal East Corridor,Manipur,24.81,93.93,0.1,12.42,IMD_NetCDF_2025
125,Imphal East Corridor,Manipur,24.81,93.93,0.36,6.61,IMD_NetCDF_2025
126,Imphal East Corridor,Manipur,24.81,93.93,1.1,1.56,IMD_NetCDF_2025
127,Imphal East Corridor,Manipur,24.81,93.93,0.0,1.46,IMD_NetCDF_2025
128,Imphal East Corridor,Manipur,24.81,93.93,0.0,1.1,IMD_NetCDF_2025
129,Imphal East Corridor,Manipur,24.81,93.93,0.25,0.25,IMD_NetCDF_2025
130,Imphal East Corridor,Manipur,24.81,93.93,1.16,1.42,IMD_NetCDF_2025
131,Imphal East Corridor,Manipur,24.81,93.93,1.06,2.48,IMD_NetCDF_2025
132,Imphal East Corridor,Manipur,24.81,93.93,2.28,4.51,IMD_NetCDF_2025
133,Imphal East Corridor,Manipur,24.81,93.93,3.7,7.04,IMD_NetCDF_2025
134,Imphal East Corridor,Manipur,24.81,93.93,4.52,10.51,IMD_NetCDF_2025
135,Imphal East Corridor,Manipur,24.81,93.93,0.16,8.38,IMD_NetCDF_2025
136,Imphal East Corridor,Manipur,24.81,93.93,5.88,10.56,IMD_NetCDF_2025
137,Imphal East Corridor,Manipur,24.81,93.93,6.28,12.31,IMD_NetCDF_2025
138,Imphal East Corridor,Manipur,24.81,93.93,0.76,12.91,IMD_NetCDF_2025
139,Imphal East Corridor,Manipur,24.81,93.93,0.0,7.04,IMD_NetCDF_2025
140,Imphal East Corridor,Manipur,24.81,93.93,1.29,2.05,IMD_NetCDF_2025
141,Imphal East Corridor,Manipur,24.81,93.93,6.12,7.4,IMD_NetCDF_2025
142,Imphal East Corridor,Manipur,24.81,93.93,9.1,16.5,IMD_NetCDF_2025
143,Imphal East Corridor,Manipur,24.81,93.93,0.29,15.5,IMD_NetCDF_2025
144,Imphal East Corridor,Manipur,24.81,93.93,0.42,9.81,IMD_NetCDF_2025
145,Imphal East Corridor,Manipur,24.81,93.93,15.03,15.74,IMD_NetCDF_2025
146,Imphal East Corridor,Manipur,24.81,93.93,20.35,35.8,IMD_NetCDF_2025
147,Imphal East Corridor,Manipur,24.81,93.93,1.25,36.63,IMD_NetCDF_2025
148,Imphal East Corridor,Manipur,24.81,93.93,4.77,26.38,IMD_NetCDF_2025
149,Imphal East Corridor,Manipur,24.81,93.93,51.81,57.84,IMD_NetCDF_2025
150,Imphal East Corridor,Manipur,24.81,93.93,62.14,118.73,IMD_NetCDF_2025
151,Imphal East Corridor,Manipur,24.81,93.93,57.89,171.85,IMD_NetCDF_2025
152,Imphal East Corridor,Manipur,24.81,93.93,35.14,155.17,IMD_NetCDF_2025
153,Imphal East Corridor,Manipur,24.81,93.93,9.3,102.33,IMD_NetCDF_2025
154,Imphal East Corridor,Manipur,24.81,93.93,6.51,50.95,IMD_NetCDF_2025
155,Imphal East Corridor,Manipur,24.81,93.93,5.38,21.19,IMD_NetCDF_2025
156,Imphal East Corridor,Manipur,24.81,93.93,4.33,16.22,IMD_NetCDF_2025
157,Imphal East Corridor,Manipur,24.81,93.93,0.52,10.23,IMD_NetCDF_2025
158,Imphal East Corridor,Manipur,24.81,93.93,0.0,4.85,IMD_NetCDF_2025
159,Imphal East Corridor,Manipur,24.81,93.93,0.0,0.52,IMD_NetCDF_2025
160,Imphal East Corridor,Manipur,24.81,93.93,0.1,0.1,IMD_NetCDF_2025
161,Imphal East Corridor,Manipur,24.81,93.93,2.51,2.61,IMD_NetCDF_2025
162,Imphal East Corridor,Manipur,24.81,93.93,0.0,2.61,IMD_NetCDF_2025
163,Imphal East Corridor,Manipur,24.81,93.93,0.0,2.51,IMD_NetCDF_2025
164,Imphal East Corridor,Manipur,24.81,93.93,0.0,0.0,IMD_NetCDF_2025
165,Imphal East Corridor,Manipur,24.81,93.93,0.0,0.0,IMD_NetCDF_2025
166,Imphal East Corridor,Manipur,24.81,93.93,0.45,0.45,IMD_NetCDF_2025
167,Imphal East Corridor,Manipur,24.81,93.93,9.41,9.86,IMD_NetCDF_2025
168,Imphal East Corridor,Manipur,24.81,93.93,26.94,36.8,IMD_NetCDF_2025
169,Imphal East Corridor,Manipur,24.81,93.93,3.03,39.38,IMD_NetCDF_2025
170,Imphal East Corridor,Manipur,24.81,93.93,12.48,42.46,IMD_NetCDF_2025
171,Imphal East Corridor,Manipur,24.81,93.93,2.6,18.12,IMD_NetCDF_2025
172,Imphal East Corridor,Manipur,24.81,93.93,3.87,18.96,IMD_NetCDF_2025
173,Imphal East Corridor,Manipur,24.81,93.93,28.55,35.03,IMD_NetCDF_2025
174,Imphal East Corridor,Manipur,24.81,93.93,22.08,54.5,IMD_NetCDF_2025
175,Imphal East Corridor,Manipur,24.81,93.93,28.26,78.9,IMD_NetCDF_2025
176,Imphal East Corridor,Manipur,24.81,93.93,36.29,86.63,IMD_NetCDF_2025
177,Imphal East Corridor,Manipur,24.81,93.93,4.93,69.48,IMD_NetCDF_2025
178,Imphal East Corridor,Manipur,24.81,93.93,4.37,45.6,IMD_NetCDF_2025
179,Imphal East Corridor,Manipur,24.81,93.93,0.0,9.3,IMD_NetCDF_2025
180,Imphal East Corridor,Manipur,24.81,93.93,8.27,12.65,IMD_NetCDF_2025
181,Imphal East Corridor,Manipur,24.81,93.93,2.89,11.17,IMD_NetCDF_2025
182,Imphal East Corridor,Manipur,24.81,93.93,1.07,12.24,IMD_NetCDF_2025
183,Imphal East Corridor,Manipur,24.81,93.93,3.65,7.62,IMD_NetCDF_2025
184,Imphal East Corridor,Manipur,24.81,93.93,4.57,9.29,IMD_NetCDF_2025
185,Imphal East Corridor,Manipur,24.81,93.93,6.26,14.47,IMD_NetCDF_2025
186,Imphal East Corridor,Manipur,24.81,93.93,21.63,32.45,IMD_NetCDF_2025
187,Imphal East Corridor,Manipur,24.81,93.93,2.73,30.62,IMD_NetCDF_2025
188,Imphal East Corridor,Manipur,24.81,93.93,15.75,40.11,IMD_NetCDF_2025
189,Imphal East Corridor,Manipur,24.81,93.93,25.02,43.5,IMD_NetCDF_2025
190,Imphal East Corridor,Manipur,24.81,93.93,12.49,53.26,IMD_NetCDF_2025
191,Imphal East Corridor,Manipur,24.81,93.93,8.29,45.8,IMD_NetCDF_2025
192,Imphal East Corridor,Manipur,24.81,93.93,1.77,22.55,IMD_NetCDF_2025
193,Imphal East Corridor,Manipur,24.81,93.93,2.7,12.76,IMD_NetCDF_2025
194,Imphal East Corridor,Manipur,24.81,93.93,3.32,7.79,IMD_NetCDF_2025
195,Imphal East Corridor,Manipur,24.81,93.93,4.92,10.95,IMD_NetCDF_2025
196,Imphal East Corridor,Manipur,24.81,93.93,1.89,10.13,IMD_NetCDF_2025
197,Imphal East Corridor,Manipur,24.81,93.93,3.23,10.04,IMD_NetCDF_2025
198,Imphal East Corridor,Manipur,24.81,93.93,1.07,6.19,IMD_NetCDF_2025
199,Imphal East Corridor,Manipur,24.81,93.93,11.29,15.59,IMD_NetCDF_2025
200,Imphal East Corridor,Manipur,24.81,93.93,5.24,17.6,IMD_NetCDF_2025
201,Imphal East Corridor,Manipur,24.81,93.93,7.27,23.8,IMD_NetCDF_2025
202,Imphal East Corridor,Manipur,24.81,93.93,2.25,14.76,IMD_NetCDF_2025
203,Imphal East Corridor,Manipur,24.81,93.93,0.0,9.52,IMD_NetCDF_2025
204,Imphal East Corridor,Manipur,24.81,93.93,0.0,2.25,IMD_NetCDF_2025
205,Imphal East Corridor,Manipur,24.81,93.93,10.58,10.58,IMD_NetCDF_2025
206,Imphal East Corridor,Manipur,24.81,93.93,10.16,20.75,IMD_NetCDF_2025
207,Imphal East Corridor,Manipur,24.81,93.93,8.99,29.74,IMD_NetCDF_2025
208,Imphal East Corridor,Manipur,24.81,93.93,13.67,32.82,IMD_NetCDF_2025
209,Imphal East Corridor,Manipur,24.81,93.93,29.16,51.82,IMD_NetCDF_2025
210,Imphal East Corridor,Manipur,24.81,93.93,7.86,50.68,IMD_NetCDF_2025
211,Imphal East Corridor,Manipur,24.81,93.93,1.24,38.25,IMD_NetCDF_2025
212,Imphal East Corridor,Manipur,24.81,93.93,1.79,10.89,IMD_NetCDF_2025
213,Imphal East Corridor,Manipur,24.81,93.93,10.29,13.32,IMD_NetCDF_2025
214,Imphal East Corridor,Manipur,24.81,93.93,1.65,13.74,IMD_NetCDF_2025
215,Imphal East Corridor,Manipur,24.81,93.93,3.07,15.02,IMD_NetCDF_2025
216,Imphal East Corridor,Manipur,24.81,93.93,0.7,5.43,IMD_NetCDF_2025
217,Imphal East Corridor,Manipur,24.81,93.93,3.27,7.04,IMD_NetCDF_2025
218,Imphal East Corridor,Manipur,24.81,93.93,0.46,4.43,IMD_NetCDF_2025
219,Imphal East Corridor,Manipur,24.81,93.93,13.31,17.04,IMD_NetCDF_2025
220,Imphal East Corridor,Manipur,24.81,93.93,36.59,50.35,IMD_NetCDF_2025
221,Imphal East Corridor,Manipur,24.81,93.93,6.95,56.85,IMD_NetCDF_2025
222,Imphal East Corridor,Manipur,24.81,93.93,1.47,45.01,IMD_NetCDF_2025
223,Imphal East Corridor,Manipur,24.81,93.93,0.0,8.42,IMD_NetCDF_2025
224,Imphal East Corridor,Manipur,24.81,93.93,2.4,3.87,IMD_NetCDF_2025
225,Imphal East Corridor,Manipur,24.81,93.93,8.14,10.54,IMD_NetCDF_2025
226,Imphal East Corridor,Manipur,24.81,93.93,4.83,15.37,IMD_NetCDF_2025
227,Imphal East Corridor,Manipur,24.81,93.93,30.05,43.02,IMD_NetCDF_2025
228,Imphal East Corridor,Manipur,24.81,93.93,22.69,57.56,IMD_NetCDF_2025
229,Imphal East Corridor,Manipur,24.81,93.93,17.91,70.64,IMD_NetCDF_2025
230,Imphal East Corridor,Manipur,24.81,93.93,15.67,56.27,IMD_NetCDF_2025
231,Imphal East Corridor,Manipur,24.81,93.93,0.0,33.58,IMD_NetCDF_2025
232,Imphal East Corridor,Manipur,24.81,93.93,11.07,26.74,IMD_NetCDF_2025
233,Imphal East Corridor,Manipur,24.81,93.93,4.72,15.78,IMD_NetCDF_2025
234,Imphal East Corridor,Manipur,24.81,93.93,15.24,31.02,IMD_NetCDF_2025
235,Imphal East Corridor,Manipur,24.81,93.93,11.32,31.28,IMD_NetCDF_2025
236,Imphal East Corridor,Manipur,24.81,93.93,7.51,34.07,IMD_NetCDF_2025
237,Imphal East Corridor,Manipur,24.81,93.93,8.72,27.56,IMD_NetCDF_2025
238,Imphal East Corridor,Manipur,24.81,93.93,0.1,16.33,IMD_NetCDF_2025
239,Imphal East Corridor,Manipur,24.81,93.93,0.0,8.82,IMD_NetCDF_2025
240,Imphal East Corridor,Manipur,24.81,93.93,8.38,8.48,IMD_NetCDF_2025
241,Imphal East Corridor,Manipur,24.81,93.93,4.16,12.54,IMD_NetCDF_2025
242,Imphal East Corridor,Manipur,24.81,93.93,22.97,35.5,IMD_NetCDF_2025
243,Imphal East Corridor,Manipur,24.81,93.93,0.0,27.13,IMD_NetCDF_2025
244,Imphal East Corridor,Manipur,24.81,93.93,0.0,22.97,IMD_NetCDF_2025
245,Imphal East Corridor,Manipur,24.81,93.93,20.91,20.91,IMD_NetCDF_2025
246,Imphal East Corridor,Manipur,24.81,93.93,0.52,21.43,IMD_NetCDF_2025
247,Imphal East Corridor,Manipur,24.81,93.93,0.0,21.43,IMD_NetCDF_2025
248,Imphal East Corridor,Manipur,24.81,93.93,0.0,0.52,IMD_NetCDF_2025
249,Imphal East Corridor,Manipur,24.81,93.93,14.71,14.71,IMD_NetCDF_2025
250,Imphal East Corridor,Manipur,24.81,93.93,0.37,15.08,IMD_NetCDF_2025
251,Imphal East Corridor,Manipur,24.81,93.93,0.52,15.59,IMD_NetCDF_2025
252,Imphal East Corridor,Manipur,24.81,93.93,2.47,3.36,IMD_NetCDF_2025
253,Imphal East Corridor,Manipur,24.81,93.93,0.0,2.98,IMD_NetCDF_2025
254,Imphal East Corridor,Manipur,24.81,93.93,12.54,15.01,IMD_NetCDF_2025
255,Imphal East Corridor,Manipur,24.81,93.93,8.23,20.77,IMD_NetCDF_2025
256,Imphal East Corridor,Manipur,24.81,93.93,19.38,40.15,IMD_NetCDF_2025
257,Imphal East Corridor,Manipur,24.81,93.93,41.5,69.11,IMD_NetCDF_2025
258,Imphal East Corridor,Manipur,24.81,93.93,21.22,82.09,IMD_NetCDF_2025
259,Imphal East Corridor,Manipur,24.81,93.93,42.16,104.88,IMD_NetCDF_2025
260,Imphal East Corridor,Manipur,24.81,93.93,7.51,70.89,IMD_NetCDF_2025
261,Imphal East Corridor,Manipur,24.81,93.93,3.07,52.74,IMD_NetCDF_2025
262,Imphal East Corridor,Manipur,24.81,93.93,0.34,10.92,IMD_NetCDF_2025
263,Imphal East Corridor,Manipur,24.81,93.93,0.16,3.57,IMD_NetCDF_2025
264,Imphal East Corridor,Manipur,24.81,93.93,0.0,0.5,IMD_NetCDF_2025
265,Imphal East Corridor,Manipur,24.81,93.93,0.76,0.92,IMD_NetCDF_2025
266,Imphal East Corridor,Manipur,24.81,93.93,0.0,0.76,IMD_NetCDF_2025
267,Imphal East Corridor,Manipur,24.81,93.93,0.0,0.76,IMD_NetCDF_2025
268,Imphal East Corridor,Manipur,24.81,93.93,0.0,0.0,IMD_NetCDF_2025
269,Imphal East Corridor,Manipur,24.81,93.93,0.0,0.0,IMD_NetCDF_2025
270,Imphal East Corridor,Manipur,24.81,93.93,2.65,2.65,IMD_NetCDF_2025
271,Imphal East Corridor,Manipur,24.81,93.93,0.0,2.65,IMD_NetCDF_2025
272,Imphal East Corridor,Manipur,24.81,93.93,4.5,7.15,IMD_NetCDF_2025
273,Imphal East Corridor,Manipur,24.81,93.93,1.08,5.59,IMD_NetCDF_2025
274,Imphal East Corridor,Manipur,24.81,93.93,0.33,5.92,IMD_NetCDF_2025
275,Imphal East Corridor,Manipur,24.81,93.93,8.25,9.67,IMD_NetCDF_2025
276,Imphal East Corridor,Manipur,24.81,93.93,18.73,27.31,IMD_NetCDF_2025
277,Imphal East Corridor,Manipur,24.81,93.93,0.0,26.98,IMD_NetCDF_2025
278,Imphal East Corridor,Manipur,24.81,93.93,0.0,18.73,IMD_NetCDF_2025
279,Imphal East Corridor,Manipur,24.81,93.93,0.0,0.0,IMD_NetCDF_2025
280,Imphal East Corridor,Manipur,24.81,93.93,0.0,0.0,IMD_NetCDF_2025
281,Imphal East Corridor,Manipur,24.81,93.93,0.51,0.51,IMD_NetCDF_2025
282,Imphal East Corridor,Manipur,24.81,93.93,0.86,1.37,IMD_NetCDF_2025
283,Imphal East Corridor,Manipur,24.81,93.93,9.32,10.69,IMD_NetCDF_2025
284,Imphal East Corridor,Manipur,24.81,93.93,6.71,16.89,IMD_NetCDF_2025
285,Imphal East Corridor,Manipur,24.81,93.93,3.05,19.08,IMD_NetCDF_2025
286,Imphal East Corridor,Manipur,24.81,93.93,1.53,11.29,IMD_NetCDF_2025
287,Imphal East Corridor,Manipur,24.81,93.93,0.65,5.23,IMD_NetCDF_2025
288,Imphal East Corridor,Manipur,24.81,93.93,0.0,2.19,IMD_NetCDF_2025
289,Imphal East Corridor,Manipur,24.81,93.93,3.54,4.19,IMD_NetCDF_2025
290,Imphal East Corridor,Manipur,24.81,93.93,0.0,3.54,IMD_NetCDF_2025
291,Imphal East Corridor,Manipur,24.81,93.93,0.0,3.54,IMD_NetCDF_2025
292,Imphal East Corridor,Manipur,24.81,93.93,0.0,0.0,IMD_NetCDF_2025
293,Imphal East Corridor,Manipur,24.81,93.93,0.0,0.0,IMD_NetCDF_2025
294,Imphal East Corridor,Manipur,24.81,93.93,0.0,0.0,IMD_NetCDF_2025
295,Imphal East Corridor,Manipur,24.81,93.93,0.0,0.0,IMD_NetCDF_2025
296,Imphal East Corridor,Manipur,24.81,93.93,0.0,0.0,IMD_NetCDF_2025
297,Imphal East Corridor,Manipur,24.81,93.93,0.0,0.0,IMD_NetCDF_2025
298,Imphal East Corridor,Manipur,24.81,93.93,0.0,0.0,IMD_NetCDF_2025
299,Imphal East Corridor,Manipur,24.81,93.93,0.0,0.0,IMD_NetCDF_2025
300,Imphal East Corridor,Manipur,24.81,93.93,0.0,0.0,IMD_NetCDF_2025
301,Imphal East Corridor,Manipur,24.81,93.93,0.0,0.0,IMD_NetCDF_2025
302,Imphal East Corridor,Manipur,24.81,93.93,0.0,0.0,IMD_NetCDF_2025
303,Imphal East Corridor,Manipur,24.81,93.93,0.0,0.0,IMD_NetCDF_2025
304,Imphal East Corridor,Manipur,24.81,93.93,0.0,0.0,IMD_NetCDF_2025
305,Imphal East Corridor,Manipur,24.81,93.93,0.0,0.0,IMD_NetCDF_2025
306,Imphal East Corridor,Manipur,24.81,93.93,5.59,5.59,IMD_NetCDF_2025
307,Imphal East Corridor,Manipur,24.81,93.93,1.7,7.29,IMD_NetCDF_2025
308,Imphal East Corridor,Manipur,24.81,93.93,0.0,7.29,IMD_NetCDF_2025
309,Imphal East Corridor,Manipur,24.81,93.93,9.19,10.9,IMD_NetCDF_2025
310,Imphal East Corridor,Manipur,24.81,93.93,2.78,11.98,IMD_NetCDF_2025
311,Imphal East Corridor,Manipur,24.81,93.93,7.17,19.15,IMD_NetCDF_2025
312,Imphal East Corridor,Manipur,24.81,93.93,0.0,9.96,IMD_NetCDF_2025
313,Imphal East Corridor,Manipur,24.81,93.93,0.0,7.17,IMD_NetCDF_2025
314,Imphal East Corridor,Manipur,24.81,93.93,0.0,0.0,IMD_NetCDF_2025
315,Imphal East Corridor,Manipur,24.81,93.93,0.0,0.0,IMD_NetCDF_2025
316,Imphal East Corridor,Manipur,24.81,93.93,0.0,0.0,IMD_NetCDF_2025
317,Imphal East Corridor,Manipur,24.81,93.93,0.0,0.0,IMD_NetCDF_2025
318,Imphal East Corridor,Manipur,24.81,93.93,0.0,0.0,IMD_NetCDF_2025
319,Imphal East Corridor,Manipur,24.81,93.93,0.0,0.0,IMD_NetCDF_2025
320,Imphal East Corridor,Manipur,24.81,93.93,0.0,0.0,IMD_NetCDF_2025
321,Imphal East Corridor,Manipur,24.81,93.93,0.0,0.0,IMD_NetCDF_2025
322,Imphal East Corridor,Manipur,24.81,93.93,0.0,0.0,IMD_NetCDF_2025
323,Imphal East Corridor,Manipur,24.81,93.93,0.0,0.0,IMD_NetCDF_2025
324,Imphal East Corridor,Manipur,24.81,93.93,0.0,0.0,IMD_NetCDF_2025
325,Imphal East Corridor,Manipur,24.81,93.93,0.0,0.0,IMD_NetCDF_2025
326,Imphal East Corridor,Manipur,24.81,93.93,0.0,0.0,IMD_NetCDF_2025
327,Imphal East Corridor,Manipur,24.81,93.93,0.0,0.0,IMD_NetCDF_2025
328,Imphal East Corridor,Manipur,24.81,93.93,0.0,0.0,IMD_NetCDF_2025
329,Imphal East Corridor,Manipur,24.81,93.93,0.0,0.0,IMD_NetCDF_2025
330,Imphal East Corridor,Manipur,24.81,93.93,0.0,0.0,IMD_NetCDF_2025
331,Imphal East Corridor,Manipur,24.81,93.93,0.0,0.0,IMD_NetCDF_2025
332,Imphal East Corridor,Manipur,24.81,93.93,0.0,0.0,IMD_NetCDF_2025
333,Imphal East Corridor,Manipur,24.81,93.93,0.0,0.0,IMD_NetCDF_2025
334,Imphal East Corridor,Manipur,24.81,93.93,0.0,0.0,IMD_NetCDF_2025
335,Imphal East Corridor,Manipur,24.81,93.93,0.0,0.0,IMD_NetCDF_2025
336,Imphal East Corridor,Manipur,24.81,93.93,0.0,0.0,IMD_NetCDF_2025
337,Imphal East Corridor,Manipur,24.81,93.93,0.0,0.0,IMD_NetCDF_2025
338,Imphal East Corridor,Manipur,24.81,93.93,0.0,0.0,IMD_NetCDF_2025
339,Imphal East Corridor,Manipur,24.81,93.93,0.0,0.0,IMD_NetCDF_2025
340,Imphal East Corridor,Manipur,24.81,93.93,0.0,0.0,IMD_NetCDF_2025
341,Imphal East Corridor,Manipur,24.81,93.93,0.0,0.0,IMD_NetCDF_2025
342,Imphal East Corridor,Manipur,24.81,93.93,0.0,0.0,IMD_NetCDF_2025
343,Imphal East Corridor,Manipur,24.81,93.93,0.0,0.0,IMD_NetCDF_2025
344,Imphal East Corridor,Manipur,24.81,93.93,0.0,0.0,IMD_NetCDF_2025
345,Imphal East Corridor,Manipur,24.81,93.93,0.0,0.0,IMD_NetCDF_2025
346,Imphal East Corridor,Manipur,24.81,93.93,0.0,0.0,IMD_NetCDF_2025
347,Imphal East Corridor,Manipur,24.81,93.93,0.0,0.0,IMD_NetCDF_2025
348,Imphal East Corridor,Manipur,24.81,93.93,0.0,0.0,IMD_NetCDF_2025
349,Imphal East Corridor,Manipur,24.81,93.93,0.0,0.0,IMD_NetCDF_2025
350,Imphal East Corridor,Manipur,24.81,93.93,0.0,0.0,IMD_NetCDF_2025
351,Imphal East Corridor,Manipur,24.81,93.93,0.0,0.0,IMD_NetCDF_2025
352,Imphal East Corridor,Manipur,24.81,93.93,0.0,0.0,IMD_NetCDF_2025
353,Imphal East Corridor,Manipur,24.81,93.93,0.0,0.0,IMD_NetCDF_2025
354,Imphal East Corridor,Manipur,24.81,93.93,0.0,0.0,IMD_NetCDF_2025
355,Imphal East Corridor,Manipur,24.81,93.93,0.0,0.0,IMD_NetCDF_2025
356,Imphal East Corridor,Manipur,24.81,93.93,0.0,0.0,IMD_NetCDF_2025
357,Imphal East Corridor,Manipur,24.81,93.93,0.0,0.0,IMD_NetCDF_2025
358,Imphal East Corridor,Manipur,24.81,93.93,0.0,0.0,IMD_NetCDF_2025
359,Imphal East Corridor,Manipur,24.81,93.93,0.0,0.0,IMD_NetCDF_2025
360,Imphal East Corridor,Manipur,24.81,93.93,0.0,0.0,IMD_NetCDF_2025
361,Imphal East Corridor,Manipur,24.81,93.93,0.0,0.0,IMD_NetCDF_2025
362,Imphal East Corridor,Manipur,24.81,93.93,0.0,0.0,IMD_NetCDF_2025
363,Imphal East Corridor,Manipur,24.81,93.93,0.0,0.0,IMD_NetCDF_2025
364,Imphal East Corridor,Manipur,24.81,93.93,0.0,0.0,IMD_NetCDF_2025
365,Imphal East Corridor,Manipur,24.81,93.93,0.0,0.0,IMD_NetCDF_2025
1,Papum Pare (Itanagar),Arunachal Pradesh,27.1,93.62,0.0,0.0,IMD_NetCDF_2025
2,Papum Pare (Itanagar),Arunachal Pradesh,27.1,93.62,0.0,0.0,IMD_NetCDF_2025
3,Papum Pare (Itanagar),Arunachal Pradesh,27.1,93.62,0.0,0.0,IMD_NetCDF_2025
4,Papum Pare (Itanagar),Arunachal Pradesh,27.1,93.62,0.0,0.0,IMD_NetCDF_2025
5,Papum Pare (Itanagar),Arunachal Pradesh,27.1,93.62,0.0,0.0,IMD_NetCDF_2025
6,Papum Pare (Itanagar),Arunachal Pradesh,27.1,93.62,0.0,0.0,IMD_NetCDF_2025
7,Papum Pare (Itanagar),Arunachal Pradesh,27.1,93.62,0.0,0.0,IMD_NetCDF_2025
8,Papum Pare (Itanagar),Arunachal Pradesh,27.1,93.62,25.03,25.03,IMD_NetCDF_2025
9,Papum Pare (Itanagar),Arunachal Pradesh,27.1,93.62,0.0,25.03,IMD_NetCDF_2025
10,Papum Pare (Itanagar),Arunachal Pradesh,27.1,93.62,0.0,25.03,IMD_NetCDF_2025
11,Papum Pare (Itanagar),Arunachal Pradesh,27.1,93.62,0.0,0.0,IMD_NetCDF_2025
12,Papum Pare (Itanagar),Arunachal Pradesh,27.1,93.62,0.0,0.0,IMD_NetCDF_2025
13,Papum Pare (Itanagar),Arunachal Pradesh,27.1,93.62,0.0,0.0,IMD_NetCDF_2025
14,Papum Pare (Itanagar),Arunachal Pradesh,27.1,93.62,1.83,1.83,IMD_NetCDF_2025
15,Papum Pare (Itanagar),Arunachal Pradesh,27.1,93.62,0.0,1.83,IMD_NetCDF_2025
16,Papum Pare (Itanagar),Arunachal Pradesh,27.1,93.62,0.0,1.83,IMD_NetCDF_2025
17,Papum Pare (Itanagar),Arunachal Pradesh,27.1,93.62,0.0,0.0,IMD_NetCDF_2025
18,Papum Pare (Itanagar),Arunachal Pradesh,27.1,93.62,0.0,0.0,IMD_NetCDF_2025
19,Papum Pare (Itanagar),Arunachal Pradesh,27.1,93.62,0.0,0.0,IMD_NetCDF_2025
20,Papum Pare (Itanagar),Arunachal Pradesh,27.1,93.62,0.0,0.0,IMD_NetCDF_2025
21,Papum Pare (Itanagar),Arunachal Pradesh,27.1,93.62,0.0,0.0,IMD_NetCDF_2025
22,Papum Pare (Itanagar),Arunachal Pradesh,27.1,93.62,0.0,0.0,IMD_NetCDF_2025
23,Papum Pare (Itanagar),Arunachal Pradesh,27.1,93.62,0.0,0.0,IMD_NetCDF_2025
24,Papum Pare (Itanagar),Arunachal Pradesh,27.1,93.62,0.0,0.0,IMD_NetCDF_2025
25,Papum Pare (Itanagar),Arunachal Pradesh,27.1,93.62,0.24,0.24,IMD_NetCDF_2025
26,Papum Pare (Itanagar),Arunachal Pradesh,27.1,93.62,0.0,0.24,IMD_NetCDF_2025
27,Papum Pare (Itanagar),Arunachal Pradesh,27.1,93.62,0.0,0.24,IMD_NetCDF_2025
28,Papum Pare (Itanagar),Arunachal Pradesh,27.1,93.62,0.0,0.0,IMD_NetCDF_2025
29,Papum Pare (Itanagar),Arunachal Pradesh,27.1,93.62,0.0,0.0,IMD_NetCDF_2025
30,Papum Pare (Itanagar),Arunachal Pradesh,27.1,93.62,2.66,2.66,IMD_NetCDF_2025
31,Papum Pare (Itanagar),Arunachal Pradesh,27.1,93.62,4.19,6.84,IMD_NetCDF_2025
32,Papum Pare (Itanagar),Arunachal Pradesh,27.1,93.62,0.0,6.84,IMD_NetCDF_2025
33,Papum Pare (Itanagar),Arunachal Pradesh,27.1,93.62,0.0,4.19,IMD_NetCDF_2025
34,Papum Pare (Itanagar),Arunachal Pradesh,27.1,93.62,0.0,0.0,IMD_NetCDF_2025
35,Papum Pare (Itanagar),Arunachal Pradesh,27.1,93.62,0.0,0.0,IMD_NetCDF_2025
36,Papum Pare (Itanagar),Arunachal Pradesh,27.1,93.62,0.0,0.0,IMD_NetCDF_2025
37,Papum Pare (Itanagar),Arunachal Pradesh,27.1,93.62,0.27,0.27,IMD_NetCDF_2025
38,Papum Pare (Itanagar),Arunachal Pradesh,27.1,93.62,0.5,0.77,IMD_NetCDF_2025
39,Papum Pare (Itanagar),Arunachal Pradesh,27.1,93.62,0.0,0.77,IMD_NetCDF_2025
40,Papum Pare (Itanagar),Arunachal Pradesh,27.1,93.62,0.0,0.5,IMD_NetCDF_2025
41,Papum Pare (Itanagar),Arunachal Pradesh,27.1,93.62,0.0,0.0,IMD_NetCDF_2025
42,Papum Pare (Itanagar),Arunachal Pradesh,27.1,93.62,34.95,34.95,IMD_NetCDF_2025
43,Papum Pare (Itanagar),Arunachal Pradesh,27.1,93.62,9.44,44.39,IMD_NetCDF_2025
44,Papum Pare (Itanagar),Arunachal Pradesh,27.1,93.62,4.0,48.39,IMD_NetCDF_2025
45,Papum Pare (Itanagar),Arunachal Pradesh,27.1,93.62,0.0,13.44,IMD_NetCDF_2025
46,Papum Pare (Itanagar),Arunachal Pradesh,27.1,93.62,0.0,4.0,IMD_NetCDF_2025
47,Papum Pare (Itanagar),Arunachal Pradesh,27.1,93.62,0.0,0.0,IMD_NetCDF_2025
48,Papum Pare (Itanagar),Arunachal Pradesh,27.1,93.62,0.85,0.85,IMD_NetCDF_2025
49,Papum Pare (Itanagar),Arunachal Pradesh,27.1,93.62,0.0,0.85,IMD_NetCDF_2025
50,Papum Pare (Itanagar),Arunachal Pradesh,27.1,93.62,0.0,0.85,IMD_NetCDF_2025
51,Papum Pare (Itanagar),Arunachal Pradesh,27.1,93.62,0.0,0.0,IMD_NetCDF_2025
52,Papum Pare (Itanagar),Arunachal Pradesh,27.1,93.62,0.0,0.0,IMD_NetCDF_2025
53,Papum Pare (Itanagar),Arunachal Pradesh,27.1,93.62,1.17,1.17,IMD_NetCDF_2025
54,Papum Pare (Itanagar),Arunachal Pradesh,27.1,93.62,0.0,1.17,IMD_NetCDF_2025
55,Papum Pare (Itanagar),Arunachal Pradesh,27.1,93.62,0.65,1.82,IMD_NetCDF_2025
56,Papum Pare (Itanagar),Arunachal Pradesh,27.1,93.62,0.73,1.38,IMD_NetCDF_2025
57,Papum Pare (Itanagar),Arunachal Pradesh,27.1,93.62,0.19,1.58,IMD_NetCDF_2025
58,Papum Pare (Itanagar),Arunachal Pradesh,27.1,93.62,0.0,0.93,IMD_NetCDF_2025
59,Papum Pare (Itanagar),Arunachal Pradesh,27.1,93.62,0.0,0.19,IMD_NetCDF_2025
60,Papum Pare (Itanagar),Arunachal Pradesh,27.1,93.62,2.26,2.26,IMD_NetCDF_2025
61,Papum Pare (Itanagar),Arunachal Pradesh,27.1,93.62,14.0,16.25,IMD_NetCDF_2025
62,Papum Pare (Itanagar),Arunachal Pradesh,27.1,93.62,1.44,17.69,IMD_NetCDF_2025
63,Papum Pare (Itanagar),Arunachal Pradesh,27.1,93.62,0.0,15.44,IMD_NetCDF_2025
64,Papum Pare (Itanagar),Arunachal Pradesh,27.1,93.62,0.0,1.44,IMD_NetCDF_2025
65,Papum Pare (Itanagar),Arunachal Pradesh,27.1,93.62,0.75,0.75,IMD_NetCDF_2025
66,Papum Pare (Itanagar),Arunachal Pradesh,27.1,93.62,0.0,0.75,IMD_NetCDF_2025
67,Papum Pare (Itanagar),Arunachal Pradesh,27.1,93.62,0.0,0.75,IMD_NetCDF_2025
68,Papum Pare (Itanagar),Arunachal Pradesh,27.1,93.62,1.78,1.78,IMD_NetCDF_2025
69,Papum Pare (Itanagar),Arunachal Pradesh,27.1,93.62,0.0,1.78,IMD_NetCDF_2025
70,Papum Pare (Itanagar),Arunachal Pradesh,27.1,93.62,0.0,1.78,IMD_NetCDF_2025
71,Papum Pare (Itanagar),Arunachal Pradesh,27.1,93.62,3.99,3.99,IMD_NetCDF_2025
72,Papum Pare (Itanagar),Arunachal Pradesh,27.1,93.62,12.47,16.47,IMD_NetCDF_2025
73,Papum Pare (Itanagar),Arunachal Pradesh,27.1,93.62,27.26,43.73,IMD_NetCDF_2025
74,Papum Pare (Itanagar),Arunachal Pradesh,27.1,93.62,3.58,43.31,IMD_NetCDF_2025
75,Papum Pare (Itanagar),Arunachal Pradesh,27.1,93.62,6.55,37.39,IMD_NetCDF_2025
76,Papum Pare (Itanagar),Arunachal Pradesh,27.1,93.62,6.81,16.95,IMD_NetCDF_2025
77,Papum Pare (Itanagar),Arunachal Pradesh,27.1,93.62,0.0,13.36,IMD_NetCDF_2025
78,Papum Pare (Itanagar),Arunachal Pradesh,27.1,93.62,0.0,6.81,IMD_NetCDF_2025
79,Papum Pare (Itanagar),Arunachal Pradesh,27.1,93.62,0.0,0.0,IMD_NetCDF_2025
80,Papum Pare (Itanagar),Arunachal Pradesh,27.1,93.62,0.0,0.0,IMD_NetCDF_2025
81,Papum Pare (Itanagar),Arunachal Pradesh,27.1,93.62,0.0,0.0,IMD_NetCDF_2025
82,Papum Pare (Itanagar),Arunachal Pradesh,27.1,93.62,0.0,0.0,IMD_NetCDF_2025
83,Papum Pare (Itanagar),Arunachal Pradesh,27.1,93.62,1.3,1.3,IMD_NetCDF_2025
84,Papum Pare (Itanagar),Arunachal Pradesh,27.1,93.62,0.0,1.3,IMD_NetCDF_2025
85,Papum Pare (Itanagar),Arunachal Pradesh,27.1,93.62,0.0,1.3,IMD_NetCDF_2025
86,Papum Pare (Itanagar),Arunachal Pradesh,27.1,93.62,0.0,0.0,IMD_NetCDF_2025
87,Papum Pare (Itanagar),Arunachal Pradesh,27.1,93.62,0.0,0.0,IMD_NetCDF_2025
88,Papum Pare (Itanagar),Arunachal Pradesh,27.1,93.62,2.55,2.55,IMD_NetCDF_2025
89,Papum Pare (Itanagar),Arunachal Pradesh,27.1,93.62,0.11,2.66,IMD_NetCDF_2025
90,Papum Pare (Itanagar),Arunachal Pradesh,27.1,93.62,0.0,2.66,IMD_NetCDF_2025
91,Papum Pare (Itanagar),Arunachal Pradesh,27.1,93.62,0.0,0.11,IMD_NetCDF_2025
92,Papum Pare (Itanagar),Arunachal Pradesh,27.1,93.62,0.0,0.0,IMD_NetCDF_2025
93,Papum Pare (Itanagar),Arunachal Pradesh,27.1,93.62,0.0,0.0,IMD_NetCDF_2025
94,Papum Pare (Itanagar),Arunachal Pradesh,27.1,93.62,0.0,0.0,IMD_NetCDF_2025
95,Papum Pare (Itanagar),Arunachal Pradesh,27.1,93.62,0.0,0.0,IMD_NetCDF_2025
96,Papum Pare (Itanagar),Arunachal Pradesh,27.1,93.62,2.31,2.31,IMD_NetCDF_2025
97,Papum Pare (Itanagar),Arunachal Pradesh,27.1,93.62,0.0,2.31,IMD_NetCDF_2025
98,Papum Pare (Itanagar),Arunachal Pradesh,27.1,93.62,0.0,2.31,IMD_NetCDF_2025
99,Papum Pare (Itanagar),Arunachal Pradesh,27.1,93.62,0.16,0.16,IMD_NetCDF_2025
100,Papum Pare (Itanagar),Arunachal Pradesh,27.1,93.62,3.53,3.69,IMD_NetCDF_2025
101,Papum Pare (Itanagar),Arunachal Pradesh,27.1,93.62,2.15,5.84,IMD_NetCDF_2025
102,Papum Pare (Itanagar),Arunachal Pradesh,27.1,93.62,0.2,5.87,IMD_NetCDF_2025
103,Papum Pare (Itanagar),Arunachal Pradesh,27.1,93.62,0.0,2.34,IMD_NetCDF_2025
104,Papum Pare (Itanagar),Arunachal Pradesh,27.1,93.62,0.0,0.2,IMD_NetCDF_2025
105,Papum Pare (Itanagar),Arunachal Pradesh,27.1,93.62,0.0,0.0,IMD_NetCDF_2025
106,Papum Pare (Itanagar),Arunachal Pradesh,27.1,93.62,0.0,0.0,IMD_NetCDF_2025
107,Papum Pare (Itanagar),Arunachal Pradesh,27.1,93.62,2.2,2.2,IMD_NetCDF_2025
108,Papum Pare (Itanagar),Arunachal Pradesh,27.1,93.62,0.0,2.2,IMD_NetCDF_2025
109,Papum Pare (Itanagar),Arunachal Pradesh,27.1,93.62,0.0,2.2,IMD_NetCDF_2025
110,Papum Pare (Itanagar),Arunachal Pradesh,27.1,93.62,27.01,27.01,IMD_NetCDF_2025
111,Papum Pare (Itanagar),Arunachal Pradesh,27.1,93.62,4.34,31.35,IMD_NetCDF_2025
112,Papum Pare (Itanagar),Arunachal Pradesh,27.1,93.62,38.2,69.55,IMD_NetCDF_2025
113,Papum Pare (Itanagar),Arunachal Pradesh,27.1,93.62,32.52,75.06,IMD_NetCDF_2025
114,Papum Pare (Itanagar),Arunachal Pradesh,27.1,93.62,41.14,111.86,IMD_NetCDF_2025
115,Papum Pare (Itanagar),Arunachal Pradesh,27.1,93.62,2.25,75.91,IMD_NetCDF_2025
116,Papum Pare (Itanagar),Arunachal Pradesh,27.1,93.62,12.41,55.8,IMD_NetCDF_2025
117,Papum Pare (Itanagar),Arunachal Pradesh,27.1,93.62,16.01,30.67,IMD_NetCDF_2025
118,Papum Pare (Itanagar),Arunachal Pradesh,27.1,93.62,0.0,28.42,IMD_NetCDF_2025
119,Papum Pare (Itanagar),Arunachal Pradesh,27.1,93.62,5.97,21.98,IMD_NetCDF_2025
120,Papum Pare (Itanagar),Arunachal Pradesh,27.1,93.62,0.41,6.38,IMD_NetCDF_2025
121,Papum Pare (Itanagar),Arunachal Pradesh,27.1,93.62,0.0,6.38,IMD_NetCDF_2025
122,Papum Pare (Itanagar),Arunachal Pradesh,27.1,93.62,0.0,0.41,IMD_NetCDF_2025
123,Papum Pare (Itanagar),Arunachal Pradesh,27.1,93.62,0.0,0.0,IMD_NetCDF_2025
124,Papum Pare (Itanagar),Arunachal Pradesh,27.1,93.62,0.0,0.0,IMD_NetCDF_2025
125,Papum Pare (Itanagar),Arunachal Pradesh,27.1,93.62,3.42,3.42,IMD_NetCDF_2025
126,Papum Pare (Itanagar),Arunachal Pradesh,27.1,93.62,6.9,10.32,IMD_NetCDF_2025
127,Papum Pare (Itanagar),Arunachal Pradesh,27.1,93.62,2.59,12.91,IMD_NetCDF_2025
128,Papum Pare (Itanagar),Arunachal Pradesh,27.1,93.62,11.61,21.1,IMD_NetCDF_2025
129,Papum Pare (Itanagar),Arunachal Pradesh,27.1,93.62,0.0,14.2,IMD_NetCDF_2025
130,Papum Pare (Itanagar),Arunachal Pradesh,27.1,93.62,0.0,11.61,IMD_NetCDF_2025
131,Papum Pare (Itanagar),Arunachal Pradesh,27.1,93.62,12.6,12.6,IMD_NetCDF_2025
132,Papum Pare (Itanagar),Arunachal Pradesh,27.1,93.62,0.15,12.75,IMD_NetCDF_2025
133,Papum Pare (Itanagar),Arunachal Pradesh,27.1,93.62,9.87,22.63,IMD_NetCDF_2025
134,Papum Pare (Itanagar),Arunachal Pradesh,27.1,93.62,56.58,66.61,IMD_NetCDF_2025
135,Papum Pare (Itanagar),Arunachal Pradesh,27.1,93.62,54.31,120.77,IMD_NetCDF_2025
136,Papum Pare (Itanagar),Arunachal Pradesh,27.1,93.62,4.57,115.46,IMD_NetCDF_2025
137,Papum Pare (Itanagar),Arunachal Pradesh,27.1,93.62,29.09,87.97,IMD_NetCDF_2025
138,Papum Pare (Itanagar),Arunachal Pradesh,27.1,93.62,5.8,39.46,IMD_NetCDF_2025
139,Papum Pare (Itanagar),Arunachal Pradesh,27.1,93.62,7.47,42.36,IMD_NetCDF_2025
140,Papum Pare (Itanagar),Arunachal Pradesh,27.1,93.62,0.0,13.27,IMD_NetCDF_2025
141,Papum Pare (Itanagar),Arunachal Pradesh,27.1,93.62,11.55,19.02,IMD_NetCDF_2025
142,Papum Pare (Itanagar),Arunachal Pradesh,27.1,93.62,3.61,15.16,IMD_NetCDF_2025
143,Papum Pare (Itanagar),Arunachal Pradesh,27.1,93.62,0.0,15.16,IMD_NetCDF_2025
144,Papum Pare (Itanagar),Arunachal Pradesh,27.1,93.62,0.0,3.61,IMD_NetCDF_2025
145,Papum Pare (Itanagar),Arunachal Pradesh,27.1,93.62,0.0,0.0,IMD_NetCDF_2025
146,Papum Pare (Itanagar),Arunachal Pradesh,27.1,93.62,3.78,3.78,IMD_NetCDF_2025
147,Papum Pare (Itanagar),Arunachal Pradesh,27.1,93.62,1.98,5.76,IMD_NetCDF_2025
148,Papum Pare (Itanagar),Arunachal Pradesh,27.1,93.62,0.65,6.41,IMD_NetCDF_2025
149,Papum Pare (Itanagar),Arunachal Pradesh,27.1,93.62,6.66,9.29,IMD_NetCDF_2025
150,Papum Pare (Itanagar),Arunachal Pradesh,27.1,93.62,25.09,32.4,IMD_NetCDF_2025
151,Papum Pare (Itanagar),Arunachal Pradesh,27.1,93.62,136.16,167.91,IMD_NetCDF_2025
152,Papum Pare (Itanagar),Arunachal Pradesh,27.1,93.62,2.81,164.06,IMD_NetCDF_2025
153,Papum Pare (Itanagar),Arunachal Pradesh,27.1,93.62,11.89,150.86,IMD_NetCDF_2025
154,Papum Pare (Itanagar),Arunachal Pradesh,27.1,93.62,10.27,24.98,IMD_NetCDF_2025
155,Papum Pare (Itanagar),Arunachal Pradesh,27.1,93.62,7.26,29.43,IMD_NetCDF_2025
156,Papum Pare (Itanagar),Arunachal Pradesh,27.1,93.62,2.97,20.5,IMD_NetCDF_2025
157,Papum Pare (Itanagar),Arunachal Pradesh,27.1,93.62,10.56,20.78,IMD_NetCDF_2025
158,Papum Pare (Itanagar),Arunachal Pradesh,27.1,93.62,0.0,13.52,IMD_NetCDF_2025
159,Papum Pare (Itanagar),Arunachal Pradesh,27.1,93.62,0.0,10.56,IMD_NetCDF_2025
160,Papum Pare (Itanagar),Arunachal Pradesh,27.1,93.62,0.0,0.0,IMD_NetCDF_2025
161,Papum Pare (Itanagar),Arunachal Pradesh,27.1,93.62,0.0,0.0,IMD_NetCDF_2025
162,Papum Pare (Itanagar),Arunachal Pradesh,27.1,93.62,0.23,0.23,IMD_NetCDF_2025
163,Papum Pare (Itanagar),Arunachal Pradesh,27.1,93.62,0.0,0.23,IMD_NetCDF_2025
164,Papum Pare (Itanagar),Arunachal Pradesh,27.1,93.62,0.0,0.23,IMD_NetCDF_2025
165,Papum Pare (Itanagar),Arunachal Pradesh,27.1,93.62,0.0,0.0,IMD_NetCDF_2025
166,Papum Pare (Itanagar),Arunachal Pradesh,27.1,93.62,0.13,0.13,IMD_NetCDF_2025
167,Papum Pare (Itanagar),Arunachal Pradesh,27.1,93.62,43.7,43.83,IMD_NetCDF_2025
168,Papum Pare (Itanagar),Arunachal Pradesh,27.1,93.62,51.69,95.53,IMD_NetCDF_2025
169,Papum Pare (Itanagar),Arunachal Pradesh,27.1,93.62,19.9,115.29,IMD_NetCDF_2025
170,Papum Pare (Itanagar),Arunachal Pradesh,27.1,93.62,7.78,79.37,IMD_NetCDF_2025
171,Papum Pare (Itanagar),Arunachal Pradesh,27.1,93.62,2.46,30.14,IMD_NetCDF_2025
172,Papum Pare (Itanagar),Arunachal Pradesh,27.1,93.62,4.48,14.72,IMD_NetCDF_2025
173,Papum Pare (Itanagar),Arunachal Pradesh,27.1,93.62,13.75,20.7,IMD_NetCDF_2025
174,Papum Pare (Itanagar),Arunachal Pradesh,27.1,93.62,32.9,51.13,IMD_NetCDF_2025
175,Papum Pare (Itanagar),Arunachal Pradesh,27.1,93.62,11.46,58.11,IMD_NetCDF_2025
176,Papum Pare (Itanagar),Arunachal Pradesh,27.1,93.62,35.08,79.44,IMD_NetCDF_2025
177,Papum Pare (Itanagar),Arunachal Pradesh,27.1,93.62,0.0,46.54,IMD_NetCDF_2025
178,Papum Pare (Itanagar),Arunachal Pradesh,27.1,93.62,0.0,35.08,IMD_NetCDF_2025
179,Papum Pare (Itanagar),Arunachal Pradesh,27.1,93.62,0.59,0.59,IMD_NetCDF_2025
180,Papum Pare (Itanagar),Arunachal Pradesh,27.1,93.62,13.75,14.35,IMD_NetCDF_2025
181,Papum Pare (Itanagar),Arunachal Pradesh,27.1,93.62,4.69,19.04,IMD_NetCDF_2025
182,Papum Pare (Itanagar),Arunachal Pradesh,27.1,93.62,7.24,25.69,IMD_NetCDF_2025
183,Papum Pare (Itanagar),Arunachal Pradesh,27.1,93.62,11.35,23.28,IMD_NetCDF_2025
184,Papum Pare (Itanagar),Arunachal Pradesh,27.1,93.62,1.6,20.19,IMD_NetCDF_2025
185,Papum Pare (Itanagar),Arunachal Pradesh,27.1,93.62,19.27,32.22,IMD_NetCDF_2025
186,Papum Pare (Itanagar),Arunachal Pradesh,27.1,93.62,21.63,42.5,IMD_NetCDF_2025
187,Papum Pare (Itanagar),Arunachal Pradesh,27.1,93.62,16.17,57.07,IMD_NetCDF_2025
188,Papum Pare (Itanagar),Arunachal Pradesh,27.1,93.62,0.36,38.16,IMD_NetCDF_2025
189,Papum Pare (Itanagar),Arunachal Pradesh,27.1,93.62,0.0,16.53,IMD_NetCDF_2025
190,Papum Pare (Itanagar),Arunachal Pradesh,27.1,93.62,0.0,0.36,IMD_NetCDF_2025
191,Papum Pare (Itanagar),Arunachal Pradesh,27.1,93.62,0.0,0.0,IMD_NetCDF_2025
192,Papum Pare (Itanagar),Arunachal Pradesh,27.1,93.62,0.0,0.0,IMD_NetCDF_2025
193,Papum Pare (Itanagar),Arunachal Pradesh,27.1,93.62,0.0,0.0,IMD_NetCDF_2025
194,Papum Pare (Itanagar),Arunachal Pradesh,27.1,93.62,0.0,0.0,IMD_NetCDF_2025
195,Papum Pare (Itanagar),Arunachal Pradesh,27.1,93.62,0.0,0.0,IMD_NetCDF_2025
196,Papum Pare (Itanagar),Arunachal Pradesh,27.1,93.62,3.08,3.08,IMD_NetCDF_2025
197,Papum Pare (Itanagar),Arunachal Pradesh,27.1,93.62,9.35,12.43,IMD_NetCDF_2025
198,Papum Pare (Itanagar),Arunachal Pradesh,27.1,93.62,0.3,12.72,IMD_NetCDF_2025
199,Papum Pare (Itanagar),Arunachal Pradesh,27.1,93.62,0.2,9.85,IMD_NetCDF_2025
200,Papum Pare (Itanagar),Arunachal Pradesh,27.1,93.62,0.0,0.5,IMD_NetCDF_2025
201,Papum Pare (Itanagar),Arunachal Pradesh,27.1,93.62,0.2,0.41,IMD_NetCDF_2025
202,Papum Pare (Itanagar),Arunachal Pradesh,27.1,93.62,0.0,0.2,IMD_NetCDF_2025
203,Papum Pare (Itanagar),Arunachal Pradesh,27.1,93.62,0.57,0.77,IMD_NetCDF_2025
204,Papum Pare (Itanagar),Arunachal Pradesh,27.1,93.62,0.0,0.57,IMD_NetCDF_2025
205,Papum Pare (Itanagar),Arunachal Pradesh,27.1,93.62,0.0,0.57,IMD_NetCDF_2025
206,Papum Pare (Itanagar),Arunachal Pradesh,27.1,93.62,16.0,16.0,IMD_NetCDF_2025
207,Papum Pare (Itanagar),Arunachal Pradesh,27.1,93.62,5.8,21.8,IMD_NetCDF_2025
208,Papum Pare (Itanagar),Arunachal Pradesh,27.1,93.62,15.0,36.79,IMD_NetCDF_2025
209,Papum Pare (Itanagar),Arunachal Pradesh,27.1,93.62,5.34,26.14,IMD_NetCDF_2025
210,Papum Pare (Itanagar),Arunachal Pradesh,27.1,93.62,4.89,25.23,IMD_NetCDF_2025
211,Papum Pare (Itanagar),Arunachal Pradesh,27.1,93.62,0.0,10.23,IMD_NetCDF_2025
212,Papum Pare (Itanagar),Arunachal Pradesh,27.1,93.62,0.0,4.89,IMD_NetCDF_2025
213,Papum Pare (Itanagar),Arunachal Pradesh,27.1,93.62,4.26,4.26,IMD_NetCDF_2025
214,Papum Pare (Itanagar),Arunachal Pradesh,27.1,93.62,20.32,24.58,IMD_NetCDF_2025
215,Papum Pare (Itanagar),Arunachal Pradesh,27.1,93.62,2.67,27.25,IMD_NetCDF_2025
216,Papum Pare (Itanagar),Arunachal Pradesh,27.1,93.62,0.85,23.84,IMD_NetCDF_2025
217,Papum Pare (Itanagar),Arunachal Pradesh,27.1,93.62,0.17,3.68,IMD_NetCDF_2025
218,Papum Pare (Itanagar),Arunachal Pradesh,27.1,93.62,0.0,1.01,IMD_NetCDF_2025
219,Papum Pare (Itanagar),Arunachal Pradesh,27.1,93.62,0.66,0.83,IMD_NetCDF_2025
220,Papum Pare (Itanagar),Arunachal Pradesh,27.1,93.62,20.73,21.39,IMD_NetCDF_2025
221,Papum Pare (Itanagar),Arunachal Pradesh,27.1,93.62,0.78,22.17,IMD_NetCDF_2025
222,Papum Pare (Itanagar),Arunachal Pradesh,27.1,93.62,1.02,22.53,IMD_NetCDF_2025
223,Papum Pare (Itanagar),Arunachal Pradesh,27.1,93.62,7.77,9.57,IMD_NetCDF_2025
224,Papum Pare (Itanagar),Arunachal Pradesh,27.1,93.62,6.21,15.0,IMD_NetCDF_2025
225,Papum Pare (Itanagar),Arunachal Pradesh,27.1,93.62,78.13,92.12,IMD_NetCDF_2025
226,Papum Pare (Itanagar),Arunachal Pradesh,27.1,93.62,1.51,85.86,IMD_NetCDF_2025
227,Papum Pare (Itanagar),Arunachal Pradesh,27.1,93.62,0.0,79.65,IMD_NetCDF_2025
228,Papum Pare (Itanagar),Arunachal Pradesh,27.1,93.62,0.0,1.51,IMD_NetCDF_2025
229,Papum Pare (Itanagar),Arunachal Pradesh,27.1,93.62,10.25,10.25,IMD_NetCDF_2025
230,Papum Pare (Itanagar),Arunachal Pradesh,27.1,93.62,0.0,10.25,IMD_NetCDF_2025
231,Papum Pare (Itanagar),Arunachal Pradesh,27.1,93.62,23.14,33.39,IMD_NetCDF_2025
232,Papum Pare (Itanagar),Arunachal Pradesh,27.1,93.62,5.11,28.25,IMD_NetCDF_2025
233,Papum Pare (Itanagar),Arunachal Pradesh,27.1,93.62,40.69,68.94,IMD_NetCDF_2025
234,Papum Pare (Itanagar),Arunachal Pradesh,27.1,93.62,7.62,53.42,IMD_NetCDF_2025
235,Papum Pare (Itanagar),Arunachal Pradesh,27.1,93.62,22.6,70.91,IMD_NetCDF_2025
236,Papum Pare (Itanagar),Arunachal Pradesh,27.1,93.62,0.0,30.22,IMD_NetCDF_2025
237,Papum Pare (Itanagar),Arunachal Pradesh,27.1,93.62,3.48,26.08,IMD_NetCDF_2025
238,Papum Pare (Itanagar),Arunachal Pradesh,27.1,93.62,0.1,3.58,IMD_NetCDF_2025
239,Papum Pare (Itanagar),Arunachal Pradesh,27.1,93.62,0.35,3.93,IMD_NetCDF_2025
240,Papum Pare (Itanagar),Arunachal Pradesh,27.1,93.62,16.53,16.99,IMD_NetCDF_2025
241,Papum Pare (Itanagar),Arunachal Pradesh,27.1,93.62,14.2,31.09,IMD_NetCDF_2025
242,Papum Pare (Itanagar),Arunachal Pradesh,27.1,93.62,27.0,57.73,IMD_NetCDF_2025
243,Papum Pare (Itanagar),Arunachal Pradesh,27.1,93.62,0.32,41.52,IMD_NetCDF_2025
244,Papum Pare (Itanagar),Arunachal Pradesh,27.1,93.62,0.0,27.32,IMD_NetCDF_2025
245,Papum Pare (Itanagar),Arunachal Pradesh,27.1,93.62,0.0,0.32,IMD_NetCDF_2025
246,Papum Pare (Itanagar),Arunachal Pradesh,27.1,93.62,0.0,0.0,IMD_NetCDF_2025
247,Papum Pare (Itanagar),Arunachal Pradesh,27.1,93.62,0.28,0.28,IMD_NetCDF_2025
248,Papum Pare (Itanagar),Arunachal Pradesh,27.1,93.62,9.53,9.81,IMD_NetCDF_2025
249,Papum Pare (Itanagar),Arunachal Pradesh,27.1,93.62,7.64,17.45,IMD_NetCDF_2025
250,Papum Pare (Itanagar),Arunachal Pradesh,27.1,93.62,0.0,17.17,IMD_NetCDF_2025
251,Papum Pare (Itanagar),Arunachal Pradesh,27.1,93.62,0.66,8.3,IMD_NetCDF_2025
252,Papum Pare (Itanagar),Arunachal Pradesh,27.1,93.62,0.56,1.22,IMD_NetCDF_2025
253,Papum Pare (Itanagar),Arunachal Pradesh,27.1,93.62,6.16,7.38,IMD_NetCDF_2025
254,Papum Pare (Itanagar),Arunachal Pradesh,27.1,93.62,24.59,31.32,IMD_NetCDF_2025
255,Papum Pare (Itanagar),Arunachal Pradesh,27.1,93.62,0.0,30.76,IMD_NetCDF_2025
256,Papum Pare (Itanagar),Arunachal Pradesh,27.1,93.62,4.35,28.95,IMD_NetCDF_2025
257,Papum Pare (Itanagar),Arunachal Pradesh,27.1,93.62,9.91,14.27,IMD_NetCDF_2025
258,Papum Pare (Itanagar),Arunachal Pradesh,27.1,93.62,20.9,35.17,IMD_NetCDF_2025
259,Papum Pare (Itanagar),Arunachal Pradesh,27.1,93.62,2.41,33.23,IMD_NetCDF_2025
260,Papum Pare (Itanagar),Arunachal Pradesh,27.1,93.62,4.58,27.9,IMD_NetCDF_2025
261,Papum Pare (Itanagar),Arunachal Pradesh,27.1,93.62,4.21,11.21,IMD_NetCDF_2025
262,Papum Pare (Itanagar),Arunachal Pradesh,27.1,93.62,1.58,10.37,IMD_NetCDF_2025
263,Papum Pare (Itanagar),Arunachal Pradesh,27.1,93.62,0.0,5.79,IMD_NetCDF_2025
264,Papum Pare (Itanagar),Arunachal Pradesh,27.1,93.62,0.0,1.58,IMD_NetCDF_2025
265,Papum Pare (Itanagar),Arunachal Pradesh,27.1,93.62,0.0,0.0,IMD_NetCDF_2025
266,Papum Pare (Itanagar),Arunachal Pradesh,27.1,93.62,11.67,11.67,IMD_NetCDF_2025
267,Papum Pare (Itanagar),Arunachal Pradesh,27.1,93.62,0.0,11.67,IMD_NetCDF_2025
268,Papum Pare (Itanagar),Arunachal Pradesh,27.1,93.62,9.84,21.51,IMD_NetCDF_2025
269,Papum Pare (Itanagar),Arunachal Pradesh,27.1,93.62,0.0,9.84,IMD_NetCDF_2025
270,Papum Pare (Itanagar),Arunachal Pradesh,27.1,93.62,12.7,22.54,IMD_NetCDF_2025
271,Papum Pare (Itanagar),Arunachal Pradesh,27.1,93.62,0.0,12.7,IMD_NetCDF_2025
272,Papum Pare (Itanagar),Arunachal Pradesh,27.1,93.62,0.0,12.7,IMD_NetCDF_2025
273,Papum Pare (Itanagar),Arunachal Pradesh,27.1,93.62,0.0,0.0,IMD_NetCDF_2025
274,Papum Pare (Itanagar),Arunachal Pradesh,27.1,93.62,11.45,11.45,IMD_NetCDF_2025
275,Papum Pare (Itanagar),Arunachal Pradesh,27.1,93.62,0.31,11.76,IMD_NetCDF_2025
276,Papum Pare (Itanagar),Arunachal Pradesh,27.1,93.62,21.33,33.09,IMD_NetCDF_2025
277,Papum Pare (Itanagar),Arunachal Pradesh,27.1,93.62,20.8,42.43,IMD_NetCDF_2025
278,Papum Pare (Itanagar),Arunachal Pradesh,27.1,93.62,5.39,47.51,IMD_NetCDF_2025
279,Papum Pare (Itanagar),Arunachal Pradesh,27.1,93.62,22.09,48.27,IMD_NetCDF_2025
280,Papum Pare (Itanagar),Arunachal Pradesh,27.1,93.62,0.0,27.48,IMD_NetCDF_2025
281,Papum Pare (Itanagar),Arunachal Pradesh,27.1,93.62,6.14,28.23,IMD_NetCDF_2025
282,Papum Pare (Itanagar),Arunachal Pradesh,27.1,93.62,1.44,7.58,IMD_NetCDF_2025
283,Papum Pare (Itanagar),Arunachal Pradesh,27.1,93.62,11.39,18.98,IMD_NetCDF_2025
284,Papum Pare (Itanagar),Arunachal Pradesh,27.1,93.62,12.71,25.55,IMD_NetCDF_2025
285,Papum Pare (Itanagar),Arunachal Pradesh,27.1,93.62,7.5,31.61,IMD_NetCDF_2025
286,Papum Pare (Itanagar),Arunachal Pradesh,27.1,93.62,0.0,20.21,IMD_NetCDF_2025
287,Papum Pare (Itanagar),Arunachal Pradesh,27.1,93.62,0.0,7.5,IMD_NetCDF_2025
288,Papum Pare (Itanagar),Arunachal Pradesh,27.1,93.62,0.0,0.0,IMD_NetCDF_2025
289,Papum Pare (Itanagar),Arunachal Pradesh,27.1,93.62,0.0,0.0,IMD_NetCDF_2025
290,Papum Pare (Itanagar),Arunachal Pradesh,27.1,93.62,0.0,0.0,IMD_NetCDF_2025
291,Papum Pare (Itanagar),Arunachal Pradesh,27.1,93.62,0.0,0.0,IMD_NetCDF_2025
292,Papum Pare (Itanagar),Arunachal Pradesh,27.1,93.62,0.0,0.0,IMD_NetCDF_2025
293,Papum Pare (Itanagar),Arunachal Pradesh,27.1,93.62,0.0,0.0,IMD_NetCDF_2025
294,Papum Pare (Itanagar),Arunachal Pradesh,27.1,93.62,0.0,0.0,IMD_NetCDF_2025
295,Papum Pare (Itanagar),Arunachal Pradesh,27.1,93.62,0.0,0.0,IMD_NetCDF_2025
296,Papum Pare (Itanagar),Arunachal Pradesh,27.1,93.62,0.0,0.0,IMD_NetCDF_2025
297,Papum Pare (Itanagar),Arunachal Pradesh,27.1,93.62,0.0,0.0,IMD_NetCDF_2025
298,Papum Pare (Itanagar),Arunachal Pradesh,27.1,93.62,1.92,1.92,IMD_NetCDF_2025
299,Papum Pare (Itanagar),Arunachal Pradesh,27.1,93.62,0.0,1.92,IMD_NetCDF_2025
300,Papum Pare (Itanagar),Arunachal Pradesh,27.1,93.62,0.0,1.92,IMD_NetCDF_2025
301,Papum Pare (Itanagar),Arunachal Pradesh,27.1,93.62,0.0,0.0,IMD_NetCDF_2025
302,Papum Pare (Itanagar),Arunachal Pradesh,27.1,93.62,0.0,0.0,IMD_NetCDF_2025
303,Papum Pare (Itanagar),Arunachal Pradesh,27.1,93.62,0.52,0.52,IMD_NetCDF_2025
304,Papum Pare (Itanagar),Arunachal Pradesh,27.1,93.62,0.46,0.98,IMD_NetCDF_2025
305,Papum Pare (Itanagar),Arunachal Pradesh,27.1,93.62,5.61,6.6,IMD_NetCDF_2025
306,Papum Pare (Itanagar),Arunachal Pradesh,27.1,93.62,6.58,12.65,IMD_NetCDF_2025
307,Papum Pare (Itanagar),Arunachal Pradesh,27.1,93.62,0.72,12.91,IMD_NetCDF_2025
308,Papum Pare (Itanagar),Arunachal Pradesh,27.1,93.62,0.0,7.3,IMD_NetCDF_2025
309,Papum Pare (Itanagar),Arunachal Pradesh,27.1,93.62,0.0,0.72,IMD_NetCDF_2025
310,Papum Pare (Itanagar),Arunachal Pradesh,27.1,93.62,0.0,0.0,IMD_NetCDF_2025
311,Papum Pare (Itanagar),Arunachal Pradesh,27.1,93.62,0.0,0.0,IMD_NetCDF_2025
312,Papum Pare (Itanagar),Arunachal Pradesh,27.1,93.62,0.0,0.0,IMD_NetCDF_2025
313,Papum Pare (Itanagar),Arunachal Pradesh,27.1,93.62,0.0,0.0,IMD_NetCDF_2025
314,Papum Pare (Itanagar),Arunachal Pradesh,27.1,93.62,0.0,0.0,IMD_NetCDF_2025
315,Papum Pare (Itanagar),Arunachal Pradesh,27.1,93.62,0.0,0.0,IMD_NetCDF_2025
316,Papum Pare (Itanagar),Arunachal Pradesh,27.1,93.62,0.0,0.0,IMD_NetCDF_2025
317,Papum Pare (Itanagar),Arunachal Pradesh,27.1,93.62,0.0,0.0,IMD_NetCDF_2025
318,Papum Pare (Itanagar),Arunachal Pradesh,27.1,93.62,0.0,0.0,IMD_NetCDF_2025
319,Papum Pare (Itanagar),Arunachal Pradesh,27.1,93.62,0.0,0.0,IMD_NetCDF_2025
320,Papum Pare (Itanagar),Arunachal Pradesh,27.1,93.62,0.0,0.0,IMD_NetCDF_2025
321,Papum Pare (Itanagar),Arunachal Pradesh,27.1,93.62,0.0,0.0,IMD_NetCDF_2025
322,Papum Pare (Itanagar),Arunachal Pradesh,27.1,93.62,0.0,0.0,IMD_NetCDF_2025
323,Papum Pare (Itanagar),Arunachal Pradesh,27.1,93.62,0.0,0.0,IMD_NetCDF_2025
324,Papum Pare (Itanagar),Arunachal Pradesh,27.1,93.62,0.0,0.0,IMD_NetCDF_2025
325,Papum Pare (Itanagar),Arunachal Pradesh,27.1,93.62,0.0,0.0,IMD_NetCDF_2025
326,Papum Pare (Itanagar),Arunachal Pradesh,27.1,93.62,0.0,0.0,IMD_NetCDF_2025
327,Papum Pare (Itanagar),Arunachal Pradesh,27.1,93.62,0.0,0.0,IMD_NetCDF_2025
328,Papum Pare (Itanagar),Arunachal Pradesh,27.1,93.62,0.47,0.47,IMD_NetCDF_2025
329,Papum Pare (Itanagar),Arunachal Pradesh,27.1,93.62,0.0,0.47,IMD_NetCDF_2025
330,Papum Pare (Itanagar),Arunachal Pradesh,27.1,93.62,0.0,0.47,IMD_NetCDF_2025
331,Papum Pare (Itanagar),Arunachal Pradesh,27.1,93.62,0.0,0.0,IMD_NetCDF_2025
332,Papum Pare (Itanagar),Arunachal Pradesh,27.1,93.62,0.0,0.0,IMD_NetCDF_2025
333,Papum Pare (Itanagar),Arunachal Pradesh,27.1,93.62,0.0,0.0,IMD_NetCDF_2025
334,Papum Pare (Itanagar),Arunachal Pradesh,27.1,93.62,0.0,0.0,IMD_NetCDF_2025
335,Papum Pare (Itanagar),Arunachal Pradesh,27.1,93.62,0.0,0.0,IMD_NetCDF_2025
336,Papum Pare (Itanagar),Arunachal Pradesh,27.1,93.62,0.0,0.0,IMD_NetCDF_2025
337,Papum Pare (Itanagar),Arunachal Pradesh,27.1,93.62,0.0,0.0,IMD_NetCDF_2025
338,Papum Pare (Itanagar),Arunachal Pradesh,27.1,93.62,0.0,0.0,IMD_NetCDF_2025
339,Papum Pare (Itanagar),Arunachal Pradesh,27.1,93.62,0.0,0.0,IMD_NetCDF_2025
340,Papum Pare (Itanagar),Arunachal Pradesh,27.1,93.62,0.0,0.0,IMD_NetCDF_2025
341,Papum Pare (Itanagar),Arunachal Pradesh,27.1,93.62,0.0,0.0,IMD_NetCDF_2025
342,Papum Pare (Itanagar),Arunachal Pradesh,27.1,93.62,0.0,0.0,IMD_NetCDF_2025
343,Papum Pare (Itanagar),Arunachal Pradesh,27.1,93.62,0.0,0.0,IMD_NetCDF_2025
344,Papum Pare (Itanagar),Arunachal Pradesh,27.1,93.62,0.0,0.0,IMD_NetCDF_2025
345,Papum Pare (Itanagar),Arunachal Pradesh,27.1,93.62,0.0,0.0,IMD_NetCDF_2025
346,Papum Pare (Itanagar),Arunachal Pradesh,27.1,93.62,0.0,0.0,IMD_NetCDF_2025
347,Papum Pare (Itanagar),Arunachal Pradesh,27.1,93.62,0.0,0.0,IMD_NetCDF_2025
348,Papum Pare (Itanagar),Arunachal Pradesh,27.1,93.62,0.0,0.0,IMD_NetCDF_2025
349,Papum Pare (Itanagar),Arunachal Pradesh,27.1,93.62,0.0,0.0,IMD_NetCDF_2025
350,Papum Pare (Itanagar),Arunachal Pradesh,27.1,93.62,0.0,0.0,IMD_NetCDF_2025
351,Papum Pare (Itanagar),Arunachal Pradesh,27.1,93.62,0.0,0.0,IMD_NetCDF_2025
352,Papum Pare (Itanagar),Arunachal Pradesh,27.1,93.62,0.0,0.0,IMD_NetCDF_2025
353,Papum Pare (Itanagar),Arunachal Pradesh,27.1,93.62,0.0,0.0,IMD_NetCDF_2025
354,Papum Pare (Itanagar),Arunachal Pradesh,27.1,93.62,0.0,0.0,IMD_NetCDF_2025
355,Papum Pare (Itanagar),Arunachal Pradesh,27.1,93.62,0.0,0.0,IMD_NetCDF_2025
356,Papum Pare (Itanagar),Arunachal Pradesh,27.1,93.62,0.0,0.0,IMD_NetCDF_2025
357,Papum Pare (Itanagar),Arunachal Pradesh,27.1,93.62,0.0,0.0,IMD_NetCDF_2025
358,Papum Pare (Itanagar),Arunachal Pradesh,27.1,93.62,0.0,0.0,IMD_NetCDF_2025
359,Papum Pare (Itanagar),Arunachal Pradesh,27.1,93.62,0.0,0.0,IMD_NetCDF_2025
360,Papum Pare (Itanagar),Arunachal Pradesh,27.1,93.62,0.0,0.0,IMD_NetCDF_2025
361,Papum Pare (Itanagar),Arunachal Pradesh,27.1,93.62,0.0,0.0,IMD_NetCDF_2025
362,Papum Pare (Itanagar),Arunachal Pradesh,27.1,93.62,0.0,0.0,IMD_NetCDF_2025
363,Papum Pare (Itanagar),Arunachal Pradesh,27.1,93.62,0.0,0.0,IMD_NetCDF_2025
364,Papum Pare (Itanagar),Arunachal Pradesh,27.1,93.62,0.0,0.0,IMD_NetCDF_2025
365,Papum Pare (Itanagar),Arunachal Pradesh,27.1,93.62,0.0,0.0,IMD_NetCDF_2025
1,Tawang High Altitude,Arunachal Pradesh,27.58,91.86,0.0,0.0,IMD_NetCDF_2025
2,Tawang High Altitude,Arunachal Pradesh,27.58,91.86,0.0,0.0,IMD_NetCDF_2025
3,Tawang High Altitude,Arunachal Pradesh,27.58,91.86,0.0,0.0,IMD_NetCDF_2025
4,Tawang High Altitude,Arunachal Pradesh,27.58,91.86,0.0,0.0,IMD_NetCDF_2025
5,Tawang High Altitude,Arunachal Pradesh,27.58,91.86,0.0,0.0,IMD_NetCDF_2025
6,Tawang High Altitude,Arunachal Pradesh,27.58,91.86,0.0,0.0,IMD_NetCDF_2025
7,Tawang High Altitude,Arunachal Pradesh,27.58,91.86,0.0,0.0,IMD_NetCDF_2025
8,Tawang High Altitude,Arunachal Pradesh,27.58,91.86,0.18,0.18,IMD_NetCDF_2025
9,Tawang High Altitude,Arunachal Pradesh,27.58,91.86,0.0,0.18,IMD_NetCDF_2025
10,Tawang High Altitude,Arunachal Pradesh,27.58,91.86,0.0,0.18,IMD_NetCDF_2025
11,Tawang High Altitude,Arunachal Pradesh,27.58,91.86,0.0,0.0,IMD_NetCDF_2025
12,Tawang High Altitude,Arunachal Pradesh,27.58,91.86,0.0,0.0,IMD_NetCDF_2025
13,Tawang High Altitude,Arunachal Pradesh,27.58,91.86,0.0,0.0,IMD_NetCDF_2025
14,Tawang High Altitude,Arunachal Pradesh,27.58,91.86,0.0,0.0,IMD_NetCDF_2025
15,Tawang High Altitude,Arunachal Pradesh,27.58,91.86,0.0,0.0,IMD_NetCDF_2025
16,Tawang High Altitude,Arunachal Pradesh,27.58,91.86,0.0,0.0,IMD_NetCDF_2025
17,Tawang High Altitude,Arunachal Pradesh,27.58,91.86,0.0,0.0,IMD_NetCDF_2025
18,Tawang High Altitude,Arunachal Pradesh,27.58,91.86,0.0,0.0,IMD_NetCDF_2025
19,Tawang High Altitude,Arunachal Pradesh,27.58,91.86,0.0,0.0,IMD_NetCDF_2025
20,Tawang High Altitude,Arunachal Pradesh,27.58,91.86,0.0,0.0,IMD_NetCDF_2025
21,Tawang High Altitude,Arunachal Pradesh,27.58,91.86,0.0,0.0,IMD_NetCDF_2025
22,Tawang High Altitude,Arunachal Pradesh,27.58,91.86,0.33,0.33,IMD_NetCDF_2025
23,Tawang High Altitude,Arunachal Pradesh,27.58,91.86,0.0,0.33,IMD_NetCDF_2025
24,Tawang High Altitude,Arunachal Pradesh,27.58,91.86,0.0,0.33,IMD_NetCDF_2025
25,Tawang High Altitude,Arunachal Pradesh,27.58,91.86,0.0,0.0,IMD_NetCDF_2025
26,Tawang High Altitude,Arunachal Pradesh,27.58,91.86,0.47,0.47,IMD_NetCDF_2025
27,Tawang High Altitude,Arunachal Pradesh,27.58,91.86,0.0,0.47,IMD_NetCDF_2025
28,Tawang High Altitude,Arunachal Pradesh,27.58,91.86,0.0,0.47,IMD_NetCDF_2025
29,Tawang High Altitude,Arunachal Pradesh,27.58,91.86,0.0,0.0,IMD_NetCDF_2025
30,Tawang High Altitude,Arunachal Pradesh,27.58,91.86,0.23,0.23,IMD_NetCDF_2025
31,Tawang High Altitude,Arunachal Pradesh,27.58,91.86,0.0,0.23,IMD_NetCDF_2025
32,Tawang High Altitude,Arunachal Pradesh,27.58,91.86,0.33,0.56,IMD_NetCDF_2025
33,Tawang High Altitude,Arunachal Pradesh,27.58,91.86,0.82,1.15,IMD_NetCDF_2025
34,Tawang High Altitude,Arunachal Pradesh,27.58,91.86,0.0,1.15,IMD_NetCDF_2025
35,Tawang High Altitude,Arunachal Pradesh,27.58,91.86,0.0,0.82,IMD_NetCDF_2025
36,Tawang High Altitude,Arunachal Pradesh,27.58,91.86,0.0,0.0,IMD_NetCDF_2025
37,Tawang High Altitude,Arunachal Pradesh,27.58,91.86,0.0,0.0,IMD_NetCDF_2025
38,Tawang High Altitude,Arunachal Pradesh,27.58,91.86,0.0,0.0,IMD_NetCDF_2025
39,Tawang High Altitude,Arunachal Pradesh,27.58,91.86,0.0,0.0,IMD_NetCDF_2025
40,Tawang High Altitude,Arunachal Pradesh,27.58,91.86,0.0,0.0,IMD_NetCDF_2025
41,Tawang High Altitude,Arunachal Pradesh,27.58,91.86,0.0,0.0,IMD_NetCDF_2025
42,Tawang High Altitude,Arunachal Pradesh,27.58,91.86,0.1,0.1,IMD_NetCDF_2025
43,Tawang High Altitude,Arunachal Pradesh,27.58,91.86,0.15,0.25,IMD_NetCDF_2025
44,Tawang High Altitude,Arunachal Pradesh,27.58,91.86,0.0,0.25,IMD_NetCDF_2025
45,Tawang High Altitude,Arunachal Pradesh,27.58,91.86,0.0,0.15,IMD_NetCDF_2025
46,Tawang High Altitude,Arunachal Pradesh,27.58,91.86,0.24,0.24,IMD_NetCDF_2025
47,Tawang High Altitude,Arunachal Pradesh,27.58,91.86,0.0,0.24,IMD_NetCDF_2025
48,Tawang High Altitude,Arunachal Pradesh,27.58,91.86,0.44,0.68,IMD_NetCDF_2025
49,Tawang High Altitude,Arunachal Pradesh,27.58,91.86,0.3,0.74,IMD_NetCDF_2025
50,Tawang High Altitude,Arunachal Pradesh,27.58,91.86,0.0,0.74,IMD_NetCDF_2025
51,Tawang High Altitude,Arunachal Pradesh,27.58,91.86,0.15,0.44,IMD_NetCDF_2025
52,Tawang High Altitude,Arunachal Pradesh,27.58,91.86,0.44,0.59,IMD_NetCDF_2025
53,Tawang High Altitude,Arunachal Pradesh,27.58,91.86,0.0,0.59,IMD_NetCDF_2025
54,Tawang High Altitude,Arunachal Pradesh,27.58,91.86,0.0,0.44,IMD_NetCDF_2025
55,Tawang High Altitude,Arunachal Pradesh,27.58,91.86,0.0,0.0,IMD_NetCDF_2025
56,Tawang High Altitude,Arunachal Pradesh,27.58,91.86,0.0,0.0,IMD_NetCDF_2025
57,Tawang High Altitude,Arunachal Pradesh,27.58,91.86,0.0,0.0,IMD_NetCDF_2025
58,Tawang High Altitude,Arunachal Pradesh,27.58,91.86,0.0,0.0,IMD_NetCDF_2025
59,Tawang High Altitude,Arunachal Pradesh,27.58,91.86,0.0,0.0,IMD_NetCDF_2025
60,Tawang High Altitude,Arunachal Pradesh,27.58,91.86,4.32,4.32,IMD_NetCDF_2025
61,Tawang High Altitude,Arunachal Pradesh,27.58,91.86,9.86,14.18,IMD_NetCDF_2025
62,Tawang High Altitude,Arunachal Pradesh,27.58,91.86,0.0,14.18,IMD_NetCDF_2025
63,Tawang High Altitude,Arunachal Pradesh,27.58,91.86,2.16,12.02,IMD_NetCDF_2025
64,Tawang High Altitude,Arunachal Pradesh,27.58,91.86,3.51,5.67,IMD_NetCDF_2025
65,Tawang High Altitude,Arunachal Pradesh,27.58,91.86,3.78,9.46,IMD_NetCDF_2025
66,Tawang High Altitude,Arunachal Pradesh,27.58,91.86,0.0,7.29,IMD_NetCDF_2025
67,Tawang High Altitude,Arunachal Pradesh,27.58,91.86,1.62,5.4,IMD_NetCDF_2025
68,Tawang High Altitude,Arunachal Pradesh,27.58,91.86,3.4,5.02,IMD_NetCDF_2025
69,Tawang High Altitude,Arunachal Pradesh,27.58,91.86,0.0,5.02,IMD_NetCDF_2025
70,Tawang High Altitude,Arunachal Pradesh,27.58,91.86,0.0,3.4,IMD_NetCDF_2025
71,Tawang High Altitude,Arunachal Pradesh,27.58,91.86,7.47,7.47,IMD_NetCDF_2025
72,Tawang High Altitude,Arunachal Pradesh,27.58,91.86,12.8,20.27,IMD_NetCDF_2025
73,Tawang High Altitude,Arunachal Pradesh,27.58,91.86,3.09,23.36,IMD_NetCDF_2025
74,Tawang High Altitude,Arunachal Pradesh,27.58,91.86,9.32,25.21,IMD_NetCDF_2025
75,Tawang High Altitude,Arunachal Pradesh,27.58,91.86,5.5,17.91,IMD_NetCDF_2025
76,Tawang High Altitude,Arunachal Pradesh,27.58,91.86,16.94,31.76,IMD_NetCDF_2025
77,Tawang High Altitude,Arunachal Pradesh,27.58,91.86,1.52,23.95,IMD_NetCDF_2025
78,Tawang High Altitude,Arunachal Pradesh,27.58,91.86,0.0,18.45,IMD_NetCDF_2025
79,Tawang High Altitude,Arunachal Pradesh,27.58,91.86,0.0,1.52,IMD_NetCDF_2025
80,Tawang High Altitude,Arunachal Pradesh,27.58,91.86,12.7,12.7,IMD_NetCDF_2025
81,Tawang High Altitude,Arunachal Pradesh,27.58,91.86,13.52,26.22,IMD_NetCDF_2025
82,Tawang High Altitude,Arunachal Pradesh,27.58,91.86,0.0,26.22,IMD_NetCDF_2025
83,Tawang High Altitude,Arunachal Pradesh,27.58,91.86,0.0,13.52,IMD_NetCDF_2025
84,Tawang High Altitude,Arunachal Pradesh,27.58,91.86,0.0,0.0,IMD_NetCDF_2025
85,Tawang High Altitude,Arunachal Pradesh,27.58,91.86,0.0,0.0,IMD_NetCDF_2025
86,Tawang High Altitude,Arunachal Pradesh,27.58,91.86,0.0,0.0,IMD_NetCDF_2025
87,Tawang High Altitude,Arunachal Pradesh,27.58,91.86,0.0,0.0,IMD_NetCDF_2025
88,Tawang High Altitude,Arunachal Pradesh,27.58,91.86,5.59,5.59,IMD_NetCDF_2025
89,Tawang High Altitude,Arunachal Pradesh,27.58,91.86,4.29,9.88,IMD_NetCDF_2025
90,Tawang High Altitude,Arunachal Pradesh,27.58,91.86,0.0,9.88,IMD_NetCDF_2025
91,Tawang High Altitude,Arunachal Pradesh,27.58,91.86,0.0,4.29,IMD_NetCDF_2025
92,Tawang High Altitude,Arunachal Pradesh,27.58,91.86,0.0,0.0,IMD_NetCDF_2025
93,Tawang High Altitude,Arunachal Pradesh,27.58,91.86,0.0,0.0,IMD_NetCDF_2025
94,Tawang High Altitude,Arunachal Pradesh,27.58,91.86,0.0,0.0,IMD_NetCDF_2025
95,Tawang High Altitude,Arunachal Pradesh,27.58,91.86,0.0,0.0,IMD_NetCDF_2025
96,Tawang High Altitude,Arunachal Pradesh,27.58,91.86,5.65,5.65,IMD_NetCDF_2025
97,Tawang High Altitude,Arunachal Pradesh,27.58,91.86,9.17,14.83,IMD_NetCDF_2025
98,Tawang High Altitude,Arunachal Pradesh,27.58,91.86,0.0,14.83,IMD_NetCDF_2025
99,Tawang High Altitude,Arunachal Pradesh,27.58,91.86,1.14,10.32,IMD_NetCDF_2025
100,Tawang High Altitude,Arunachal Pradesh,27.58,91.86,0.0,1.14,IMD_NetCDF_2025
101,Tawang High Altitude,Arunachal Pradesh,27.58,91.86,2.24,3.38,IMD_NetCDF_2025
102,Tawang High Altitude,Arunachal Pradesh,27.58,91.86,0.0,2.24,IMD_NetCDF_2025
103,Tawang High Altitude,Arunachal Pradesh,27.58,91.86,0.0,2.24,IMD_NetCDF_2025
104,Tawang High Altitude,Arunachal Pradesh,27.58,91.86,3.08,3.08,IMD_NetCDF_2025
105,Tawang High Altitude,Arunachal Pradesh,27.58,91.86,0.0,3.08,IMD_NetCDF_2025
106,Tawang High Altitude,Arunachal Pradesh,27.58,91.86,0.0,3.08,IMD_NetCDF_2025
107,Tawang High Altitude,Arunachal Pradesh,27.58,91.86,2.79,2.79,IMD_NetCDF_2025
108,Tawang High Altitude,Arunachal Pradesh,27.58,91.86,2.79,5.57,IMD_NetCDF_2025
109,Tawang High Altitude,Arunachal Pradesh,27.58,91.86,5.75,11.32,IMD_NetCDF_2025
110,Tawang High Altitude,Arunachal Pradesh,27.58,91.86,1.5,10.03,IMD_NetCDF_2025
111,Tawang High Altitude,Arunachal Pradesh,27.58,91.86,4.79,12.03,IMD_NetCDF_2025
112,Tawang High Altitude,Arunachal Pradesh,27.58,91.86,0.19,6.47,IMD_NetCDF_2025
113,Tawang High Altitude,Arunachal Pradesh,27.58,91.86,7.09,12.06,IMD_NetCDF_2025
114,Tawang High Altitude,Arunachal Pradesh,27.58,91.86,36.33,43.6,IMD_NetCDF_2025
115,Tawang High Altitude,Arunachal Pradesh,27.58,91.86,8.85,52.27,IMD_NetCDF_2025
116,Tawang High Altitude,Arunachal Pradesh,27.58,91.86,2.44,47.62,IMD_NetCDF_2025
117,Tawang High Altitude,Arunachal Pradesh,27.58,91.86,4.49,15.78,IMD_NetCDF_2025
118,Tawang High Altitude,Arunachal Pradesh,27.58,91.86,4.38,11.32,IMD_NetCDF_2025
119,Tawang High Altitude,Arunachal Pradesh,27.58,91.86,3.42,12.3,IMD_NetCDF_2025
120,Tawang High Altitude,Arunachal Pradesh,27.58,91.86,3.99,11.8,IMD_NetCDF_2025
121,Tawang High Altitude,Arunachal Pradesh,27.58,91.86,0.4,7.82,IMD_NetCDF_2025
122,Tawang High Altitude,Arunachal Pradesh,27.58,91.86,2.14,6.53,IMD_NetCDF_2025
123,Tawang High Altitude,Arunachal Pradesh,27.58,91.86,1.97,4.51,IMD_NetCDF_2025
124,Tawang High Altitude,Arunachal Pradesh,27.58,91.86,0.0,4.11,IMD_NetCDF_2025
125,Tawang High Altitude,Arunachal Pradesh,27.58,91.86,5.27,7.24,IMD_NetCDF_2025
126,Tawang High Altitude,Arunachal Pradesh,27.58,91.86,7.79,13.06,IMD_NetCDF_2025
127,Tawang High Altitude,Arunachal Pradesh,27.58,91.86,0.22,13.28,IMD_NetCDF_2025
128,Tawang High Altitude,Arunachal Pradesh,27.58,91.86,1.02,9.03,IMD_NetCDF_2025
129,Tawang High Altitude,Arunachal Pradesh,27.58,91.86,0.0,1.24,IMD_NetCDF_2025
130,Tawang High Altitude,Arunachal Pradesh,27.58,91.86,0.66,1.68,IMD_NetCDF_2025
131,Tawang High Altitude,Arunachal Pradesh,27.58,91.86,3.37,4.04,IMD_NetCDF_2025
132,Tawang High Altitude,Arunachal Pradesh,27.58,91.86,0.15,4.19,IMD_NetCDF_2025
133,Tawang High Altitude,Arunachal Pradesh,27.58,91.86,17.55,21.08,IMD_NetCDF_2025
134,Tawang High Altitude,Arunachal Pradesh,27.58,91.86,14.86,32.57,IMD_NetCDF_2025
135,Tawang High Altitude,Arunachal Pradesh,27.58,91.86,4.51,36.93,IMD_NetCDF_2025
136,Tawang High Altitude,Arunachal Pradesh,27.58,91.86,45.12,64.5,IMD_NetCDF_2025
137,Tawang High Altitude,Arunachal Pradesh,27.58,91.86,15.04,64.67,IMD_NetCDF_2025
138,Tawang High Altitude,Arunachal Pradesh,27.58,91.86,5.01,65.17,IMD_NetCDF_2025
139,Tawang High Altitude,Arunachal Pradesh,27.58,91.86,4.31,24.36,IMD_NetCDF_2025
140,Tawang High Altitude,Arunachal Pradesh,27.58,91.86,1.74,11.07,IMD_NetCDF_2025
141,Tawang High Altitude,Arunachal Pradesh,27.58,91.86,0.51,6.57,IMD_NetCDF_2025
142,Tawang High Altitude,Arunachal Pradesh,27.58,91.86,9.78,12.04,IMD_NetCDF_2025
143,Tawang High Altitude,Arunachal Pradesh,27.58,91.86,3.3,13.59,IMD_NetCDF_2025
144,Tawang High Altitude,Arunachal Pradesh,27.58,91.86,7.0,20.08,IMD_NetCDF_2025
145,Tawang High Altitude,Arunachal Pradesh,27.58,91.86,3.89,14.18,IMD_NetCDF_2025
146,Tawang High Altitude,Arunachal Pradesh,27.58,91.86,8.4,19.28,IMD_NetCDF_2025
147,Tawang High Altitude,Arunachal Pradesh,27.58,91.86,2.86,15.14,IMD_NetCDF_2025
148,Tawang High Altitude,Arunachal Pradesh,27.58,91.86,0.51,11.76,IMD_NetCDF_2025
149,Tawang High Altitude,Arunachal Pradesh,27.58,91.86,9.77,13.14,IMD_NetCDF_2025
150,Tawang High Altitude,Arunachal Pradesh,27.58,91.86,18.06,28.34,IMD_NetCDF_2025
151,Tawang High Altitude,Arunachal Pradesh,27.58,91.86,77.11,104.94,IMD_NetCDF_2025
152,Tawang High Altitude,Arunachal Pradesh,27.58,91.86,6.89,102.05,IMD_NetCDF_2025
153,Tawang High Altitude,Arunachal Pradesh,27.58,91.86,14.79,98.79,IMD_NetCDF_2025
154,Tawang High Altitude,Arunachal Pradesh,27.58,91.86,1.43,23.11,IMD_NetCDF_2025
155,Tawang High Altitude,Arunachal Pradesh,27.58,91.86,2.02,18.25,IMD_NetCDF_2025
156,Tawang High Altitude,Arunachal Pradesh,27.58,91.86,1.69,5.15,IMD_NetCDF_2025
157,Tawang High Altitude,Arunachal Pradesh,27.58,91.86,6.03,9.75,IMD_NetCDF_2025
158,Tawang High Altitude,Arunachal Pradesh,27.58,91.86,0.0,7.72,IMD_NetCDF_2025
159,Tawang High Altitude,Arunachal Pradesh,27.58,91.86,0.16,6.19,IMD_NetCDF_2025
160,Tawang High Altitude,Arunachal Pradesh,27.58,91.86,0.0,0.16,IMD_NetCDF_2025
161,Tawang High Altitude,Arunachal Pradesh,27.58,91.86,0.0,0.16,IMD_NetCDF_2025
162,Tawang High Altitude,Arunachal Pradesh,27.58,91.86,0.0,0.0,IMD_NetCDF_2025
163,Tawang High Altitude,Arunachal Pradesh,27.58,91.86,0.66,0.66,IMD_NetCDF_2025
164,Tawang High Altitude,Arunachal Pradesh,27.58,91.86,0.0,0.66,IMD_NetCDF_2025
165,Tawang High Altitude,Arunachal Pradesh,27.58,91.86,0.0,0.66,IMD_NetCDF_2025
166,Tawang High Altitude,Arunachal Pradesh,27.58,91.86,4.17,4.17,IMD_NetCDF_2025
167,Tawang High Altitude,Arunachal Pradesh,27.58,91.86,10.68,14.84,IMD_NetCDF_2025
168,Tawang High Altitude,Arunachal Pradesh,27.58,91.86,6.69,21.54,IMD_NetCDF_2025
169,Tawang High Altitude,Arunachal Pradesh,27.58,91.86,13.91,31.28,IMD_NetCDF_2025
170,Tawang High Altitude,Arunachal Pradesh,27.58,91.86,33.03,53.63,IMD_NetCDF_2025
171,Tawang High Altitude,Arunachal Pradesh,27.58,91.86,9.89,56.82,IMD_NetCDF_2025
172,Tawang High Altitude,Arunachal Pradesh,27.58,91.86,8.18,51.1,IMD_NetCDF_2025
173,Tawang High Altitude,Arunachal Pradesh,27.58,91.86,6.76,24.82,IMD_NetCDF_2025
174,Tawang High Altitude,Arunachal Pradesh,27.58,91.86,6.82,21.76,IMD_NetCDF_2025
175,Tawang High Altitude,Arunachal Pradesh,27.58,91.86,29.31,42.88,IMD_NetCDF_2025
176,Tawang High Altitude,Arunachal Pradesh,27.58,91.86,6.27,42.39,IMD_NetCDF_2025
177,Tawang High Altitude,Arunachal Pradesh,27.58,91.86,6.97,42.55,IMD_NetCDF_2025
178,Tawang High Altitude,Arunachal Pradesh,27.58,91.86,3.41,16.65,IMD_NetCDF_2025
179,Tawang High Altitude,Arunachal Pradesh,27.58,91.86,2.12,12.51,IMD_NetCDF_2025
180,Tawang High Altitude,Arunachal Pradesh,27.58,91.86,0.84,6.38,IMD_NetCDF_2025
181,Tawang High Altitude,Arunachal Pradesh,27.58,91.86,0.2,3.17,IMD_NetCDF_2025
182,Tawang High Altitude,Arunachal Pradesh,27.58,91.86,8.46,9.51,IMD_NetCDF_2025
183,Tawang High Altitude,Arunachal Pradesh,27.58,91.86,1.12,9.79,IMD_NetCDF_2025
184,Tawang High Altitude,Arunachal Pradesh,27.58,91.86,5.64,15.22,IMD_NetCDF_2025
185,Tawang High Altitude,Arunachal Pradesh,27.58,91.86,13.76,20.52,IMD_NetCDF_2025
186,Tawang High Altitude,Arunachal Pradesh,27.58,91.86,2.15,21.55,IMD_NetCDF_2025
187,Tawang High Altitude,Arunachal Pradesh,27.58,91.86,8.9,24.81,IMD_NetCDF_2025
188,Tawang High Altitude,Arunachal Pradesh,27.58,91.86,13.12,24.17,IMD_NetCDF_2025
189,Tawang High Altitude,Arunachal Pradesh,27.58,91.86,10.87,32.9,IMD_NetCDF_2025
190,Tawang High Altitude,Arunachal Pradesh,27.58,91.86,5.48,29.47,IMD_NetCDF_2025
191,Tawang High Altitude,Arunachal Pradesh,27.58,91.86,0.49,16.84,IMD_NetCDF_2025
192,Tawang High Altitude,Arunachal Pradesh,27.58,91.86,0.0,5.97,IMD_NetCDF_2025
193,Tawang High Altitude,Arunachal Pradesh,27.58,91.86,1.3,1.78,IMD_NetCDF_2025
194,Tawang High Altitude,Arunachal Pradesh,27.58,91.86,2.75,4.05,IMD_NetCDF_2025
195,Tawang High Altitude,Arunachal Pradesh,27.58,91.86,2.91,6.96,IMD_NetCDF_2025
196,Tawang High Altitude,Arunachal Pradesh,27.58,91.86,4.83,10.5,IMD_NetCDF_2025
197,Tawang High Altitude,Arunachal Pradesh,27.58,91.86,9.75,17.5,IMD_NetCDF_2025
198,Tawang High Altitude,Arunachal Pradesh,27.58,91.86,14.09,28.67,IMD_NetCDF_2025
199,Tawang High Altitude,Arunachal Pradesh,27.58,91.86,0.2,24.04,IMD_NetCDF_2025
200,Tawang High Altitude,Arunachal Pradesh,27.58,91.86,0.0,14.29,IMD_NetCDF_2025
201,Tawang High Altitude,Arunachal Pradesh,27.58,91.86,11.56,11.76,IMD_NetCDF_2025
202,Tawang High Altitude,Arunachal Pradesh,27.58,91.86,10.78,22.35,IMD_NetCDF_2025
203,Tawang High Altitude,Arunachal Pradesh,27.58,91.86,6.09,28.44,IMD_NetCDF_2025
204,Tawang High Altitude,Arunachal Pradesh,27.58,91.86,11.82,28.7,IMD_NetCDF_2025
205,Tawang High Altitude,Arunachal Pradesh,27.58,91.86,19.59,37.5,IMD_NetCDF_2025
206,Tawang High Altitude,Arunachal Pradesh,27.58,91.86,2.02,33.43,IMD_NetCDF_2025
207,Tawang High Altitude,Arunachal Pradesh,27.58,91.86,4.79,26.41,IMD_NetCDF_2025
208,Tawang High Altitude,Arunachal Pradesh,27.58,91.86,2.4,9.22,IMD_NetCDF_2025
209,Tawang High Altitude,Arunachal Pradesh,27.58,91.86,24.41,31.61,IMD_NetCDF_2025
210,Tawang High Altitude,Arunachal Pradesh,27.58,91.86,5.35,32.16,IMD_NetCDF_2025
211,Tawang High Altitude,Arunachal Pradesh,27.58,91.86,7.45,37.21,IMD_NetCDF_2025
212,Tawang High Altitude,Arunachal Pradesh,27.58,91.86,5.99,18.79,IMD_NetCDF_2025
213,Tawang High Altitude,Arunachal Pradesh,27.58,91.86,0.41,13.85,IMD_NetCDF_2025
214,Tawang High Altitude,Arunachal Pradesh,27.58,91.86,4.12,10.53,IMD_NetCDF_2025
215,Tawang High Altitude,Arunachal Pradesh,27.58,91.86,2.46,6.99,IMD_NetCDF_2025
216,Tawang High Altitude,Arunachal Pradesh,27.58,91.86,5.51,12.09,IMD_NetCDF_2025
217,Tawang High Altitude,Arunachal Pradesh,27.58,91.86,3.98,11.94,IMD_NetCDF_2025
218,Tawang High Altitude,Arunachal Pradesh,27.58,91.86,3.56,13.04,IMD_NetCDF_2025
219,Tawang High Altitude,Arunachal Pradesh,27.58,91.86,4.61,12.14,IMD_NetCDF_2025
220,Tawang High Altitude,Arunachal Pradesh,27.58,91.86,17.57,25.74,IMD_NetCDF_2025
221,Tawang High Altitude,Arunachal Pradesh,27.58,91.86,7.12,29.29,IMD_NetCDF_2025
222,Tawang High Altitude,Arunachal Pradesh,27.58,91.86,3.4,28.08,IMD_NetCDF_2025
223,Tawang High Altitude,Arunachal Pradesh,27.58,91.86,22.06,32.57,IMD_NetCDF_2025
224,Tawang High Altitude,Arunachal Pradesh,27.58,91.86,8.69,34.14,IMD_NetCDF_2025
225,Tawang High Altitude,Arunachal Pradesh,27.58,91.86,12.25,42.99,IMD_NetCDF_2025
226,Tawang High Altitude,Arunachal Pradesh,27.58,91.86,16.93,37.86,IMD_NetCDF_2025
227,Tawang High Altitude,Arunachal Pradesh,27.58,91.86,2.26,31.43,IMD_NetCDF_2025
228,Tawang High Altitude,Arunachal Pradesh,27.58,91.86,7.45,26.63,IMD_NetCDF_2025
229,Tawang High Altitude,Arunachal Pradesh,27.58,91.86,1.79,11.49,IMD_NetCDF_2025
230,Tawang High Altitude,Arunachal Pradesh,27.58,91.86,9.88,19.11,IMD_NetCDF_2025
231,Tawang High Altitude,Arunachal Pradesh,27.58,91.86,1.74,13.4,IMD_NetCDF_2025
232,Tawang High Altitude,Arunachal Pradesh,27.58,91.86,6.48,18.1,IMD_NetCDF_2025
233,Tawang High Altitude,Arunachal Pradesh,27.58,91.86,2.32,10.54,IMD_NetCDF_2025
234,Tawang High Altitude,Arunachal Pradesh,27.58,91.86,4.64,13.44,IMD_NetCDF_2025
235,Tawang High Altitude,Arunachal Pradesh,27.58,91.86,3.72,10.68,IMD_NetCDF_2025
236,Tawang High Altitude,Arunachal Pradesh,27.58,91.86,5.02,13.38,IMD_NetCDF_2025
237,Tawang High Altitude,Arunachal Pradesh,27.58,91.86,13.78,22.52,IMD_NetCDF_2025
238,Tawang High Altitude,Arunachal Pradesh,27.58,91.86,19.63,38.43,IMD_NetCDF_2025
239,Tawang High Altitude,Arunachal Pradesh,27.58,91.86,4.01,37.43,IMD_NetCDF_2025
240,Tawang High Altitude,Arunachal Pradesh,27.58,91.86,8.47,32.11,IMD_NetCDF_2025
241,Tawang High Altitude,Arunachal Pradesh,27.58,91.86,5.88,18.36,IMD_NetCDF_2025
242,Tawang High Altitude,Arunachal Pradesh,27.58,91.86,8.04,22.38,IMD_NetCDF_2025
243,Tawang High Altitude,Arunachal Pradesh,27.58,91.86,15.87,29.78,IMD_NetCDF_2025
244,Tawang High Altitude,Arunachal Pradesh,27.58,91.86,29.39,53.29,IMD_NetCDF_2025
245,Tawang High Altitude,Arunachal Pradesh,27.58,91.86,6.17,51.43,IMD_NetCDF_2025
246,Tawang High Altitude,Arunachal Pradesh,27.58,91.86,9.7,45.27,IMD_NetCDF_2025
247,Tawang High Altitude,Arunachal Pradesh,27.58,91.86,0.37,16.24,IMD_NetCDF_2025
248,Tawang High Altitude,Arunachal Pradesh,27.58,91.86,0.49,10.56,IMD_NetCDF_2025
249,Tawang High Altitude,Arunachal Pradesh,27.58,91.86,7.62,8.47,IMD_NetCDF_2025
250,Tawang High Altitude,Arunachal Pradesh,27.58,91.86,5.89,13.99,IMD_NetCDF_2025
251,Tawang High Altitude,Arunachal Pradesh,27.58,91.86,18.86,32.37,IMD_NetCDF_2025
252,Tawang High Altitude,Arunachal Pradesh,27.58,91.86,2.56,27.31,IMD_NetCDF_2025
253,Tawang High Altitude,Arunachal Pradesh,27.58,91.86,14.44,35.86,IMD_NetCDF_2025
254,Tawang High Altitude,Arunachal Pradesh,27.58,91.86,9.39,26.39,IMD_NetCDF_2025
255,Tawang High Altitude,Arunachal Pradesh,27.58,91.86,0.14,23.97,IMD_NetCDF_2025
256,Tawang High Altitude,Arunachal Pradesh,27.58,91.86,16.08,25.61,IMD_NetCDF_2025
257,Tawang High Altitude,Arunachal Pradesh,27.58,91.86,16.28,32.5,IMD_NetCDF_2025
258,Tawang High Altitude,Arunachal Pradesh,27.58,91.86,19.98,52.34,IMD_NetCDF_2025
259,Tawang High Altitude,Arunachal Pradesh,27.58,91.86,7.83,44.09,IMD_NetCDF_2025
260,Tawang High Altitude,Arunachal Pradesh,27.58,91.86,8.93,36.74,IMD_NetCDF_2025
261,Tawang High Altitude,Arunachal Pradesh,27.58,91.86,1.48,18.24,IMD_NetCDF_2025
262,Tawang High Altitude,Arunachal Pradesh,27.58,91.86,6.98,17.38,IMD_NetCDF_2025
263,Tawang High Altitude,Arunachal Pradesh,27.58,91.86,2.13,10.59,IMD_NetCDF_2025
264,Tawang High Altitude,Arunachal Pradesh,27.58,91.86,3.08,12.18,IMD_NetCDF_2025
265,Tawang High Altitude,Arunachal Pradesh,27.58,91.86,2.6,7.81,IMD_NetCDF_2025
266,Tawang High Altitude,Arunachal Pradesh,27.58,91.86,0.0,5.68,IMD_NetCDF_2025
267,Tawang High Altitude,Arunachal Pradesh,27.58,91.86,0.0,2.6,IMD_NetCDF_2025
268,Tawang High Altitude,Arunachal Pradesh,27.58,91.86,14.84,14.84,IMD_NetCDF_2025
269,Tawang High Altitude,Arunachal Pradesh,27.58,91.86,13.12,27.96,IMD_NetCDF_2025
270,Tawang High Altitude,Arunachal Pradesh,27.58,91.86,13.12,41.08,IMD_NetCDF_2025
271,Tawang High Altitude,Arunachal Pradesh,27.58,91.86,7.04,33.29,IMD_NetCDF_2025
272,Tawang High Altitude,Arunachal Pradesh,27.58,91.86,18.99,39.15,IMD_NetCDF_2025
273,Tawang High Altitude,Arunachal Pradesh,27.58,91.86,25.77,51.8,IMD_NetCDF_2025
274,Tawang High Altitude,Arunachal Pradesh,27.58,91.86,18.64,63.4,IMD_NetCDF_2025
275,Tawang High Altitude,Arunachal Pradesh,27.58,91.86,5.87,50.29,IMD_NetCDF_2025
276,Tawang High Altitude,Arunachal Pradesh,27.58,91.86,3.3,27.81,IMD_NetCDF_2025
277,Tawang High Altitude,Arunachal Pradesh,27.58,91.86,4.77,13.94,IMD_NetCDF_2025
278,Tawang High Altitude,Arunachal Pradesh,27.58,91.86,14.41,22.48,IMD_NetCDF_2025
279,Tawang High Altitude,Arunachal Pradesh,27.58,91.86,9.13,28.31,IMD_NetCDF_2025
280,Tawang High Altitude,Arunachal Pradesh,27.58,91.86,0.71,24.25,IMD_NetCDF_2025
281,Tawang High Altitude,Arunachal Pradesh,27.58,91.86,0.67,10.5,IMD_NetCDF_2025
282,Tawang High Altitude,Arunachal Pradesh,27.58,91.86,0.0,1.37,IMD_NetCDF_2025
283,Tawang High Altitude,Arunachal Pradesh,27.58,91.86,0.26,0.93,IMD_NetCDF_2025
284,Tawang High Altitude,Arunachal Pradesh,27.58,91.86,0.18,0.45,IMD_NetCDF_2025
285,Tawang High Altitude,Arunachal Pradesh,27.58,91.86,0.27,0.72,IMD_NetCDF_2025
286,Tawang High Altitude,Arunachal Pradesh,27.58,91.86,0.0,0.46,IMD_NetCDF_2025
287,Tawang High Altitude,Arunachal Pradesh,27.58,91.86,0.0,0.27,IMD_NetCDF_2025
288,Tawang High Altitude,Arunachal Pradesh,27.58,91.86,0.0,0.0,IMD_NetCDF_2025
289,Tawang High Altitude,Arunachal Pradesh,27.58,91.86,0.0,0.0,IMD_NetCDF_2025
290,Tawang High Altitude,Arunachal Pradesh,27.58,91.86,0.0,0.0,IMD_NetCDF_2025
291,Tawang High Altitude,Arunachal Pradesh,27.58,91.86,0.0,0.0,IMD_NetCDF_2025
292,Tawang High Altitude,Arunachal Pradesh,27.58,91.86,0.0,0.0,IMD_NetCDF_2025
293,Tawang High Altitude,Arunachal Pradesh,27.58,91.86,0.0,0.0,IMD_NetCDF_2025
294,Tawang High Altitude,Arunachal Pradesh,27.58,91.86,0.0,0.0,IMD_NetCDF_2025
295,Tawang High Altitude,Arunachal Pradesh,27.58,91.86,0.0,0.0,IMD_NetCDF_2025
296,Tawang High Altitude,Arunachal Pradesh,27.58,91.86,0.0,0.0,IMD_NetCDF_2025
297,Tawang High Altitude,Arunachal Pradesh,27.58,91.86,0.0,0.0,IMD_NetCDF_2025
298,Tawang High Altitude,Arunachal Pradesh,27.58,91.86,0.0,0.0,IMD_NetCDF_2025
299,Tawang High Altitude,Arunachal Pradesh,27.58,91.86,0.0,0.0,IMD_NetCDF_2025
300,Tawang High Altitude,Arunachal Pradesh,27.58,91.86,0.0,0.0,IMD_NetCDF_2025
301,Tawang High Altitude,Arunachal Pradesh,27.58,91.86,0.0,0.0,IMD_NetCDF_2025
302,Tawang High Altitude,Arunachal Pradesh,27.58,91.86,0.0,0.0,IMD_NetCDF_2025
303,Tawang High Altitude,Arunachal Pradesh,27.58,91.86,5.93,5.93,IMD_NetCDF_2025
304,Tawang High Altitude,Arunachal Pradesh,27.58,91.86,22.01,27.94,IMD_NetCDF_2025
305,Tawang High Altitude,Arunachal Pradesh,27.58,91.86,28.14,56.08,IMD_NetCDF_2025
306,Tawang High Altitude,Arunachal Pradesh,27.58,91.86,17.31,67.46,IMD_NetCDF_2025
307,Tawang High Altitude,Arunachal Pradesh,27.58,91.86,6.02,51.47,IMD_NetCDF_2025
308,Tawang High Altitude,Arunachal Pradesh,27.58,91.86,0.0,23.33,IMD_NetCDF_2025
309,Tawang High Altitude,Arunachal Pradesh,27.58,91.86,0.0,6.02,IMD_NetCDF_2025
310,Tawang High Altitude,Arunachal Pradesh,27.58,91.86,0.0,0.0,IMD_NetCDF_2025
311,Tawang High Altitude,Arunachal Pradesh,27.58,91.86,0.0,0.0,IMD_NetCDF_2025
312,Tawang High Altitude,Arunachal Pradesh,27.58,91.86,0.0,0.0,IMD_NetCDF_2025
313,Tawang High Altitude,Arunachal Pradesh,27.58,91.86,0.0,0.0,IMD_NetCDF_2025
314,Tawang High Altitude,Arunachal Pradesh,27.58,91.86,0.0,0.0,IMD_NetCDF_2025
315,Tawang High Altitude,Arunachal Pradesh,27.58,91.86,0.0,0.0,IMD_NetCDF_2025
316,Tawang High Altitude,Arunachal Pradesh,27.58,91.86,0.0,0.0,IMD_NetCDF_2025
317,Tawang High Altitude,Arunachal Pradesh,27.58,91.86,0.0,0.0,IMD_NetCDF_2025
318,Tawang High Altitude,Arunachal Pradesh,27.58,91.86,0.0,0.0,IMD_NetCDF_2025
319,Tawang High Altitude,Arunachal Pradesh,27.58,91.86,0.0,0.0,IMD_NetCDF_2025
320,Tawang High Altitude,Arunachal Pradesh,27.58,91.86,0.0,0.0,IMD_NetCDF_2025
321,Tawang High Altitude,Arunachal Pradesh,27.58,91.86,0.0,0.0,IMD_NetCDF_2025
322,Tawang High Altitude,Arunachal Pradesh,27.58,91.86,0.0,0.0,IMD_NetCDF_2025
323,Tawang High Altitude,Arunachal Pradesh,27.58,91.86,0.0,0.0,IMD_NetCDF_2025
324,Tawang High Altitude,Arunachal Pradesh,27.58,91.86,0.0,0.0,IMD_NetCDF_2025
325,Tawang High Altitude,Arunachal Pradesh,27.58,91.86,0.0,0.0,IMD_NetCDF_2025
326,Tawang High Altitude,Arunachal Pradesh,27.58,91.86,0.0,0.0,IMD_NetCDF_2025
327,Tawang High Altitude,Arunachal Pradesh,27.58,91.86,0.0,0.0,IMD_NetCDF_2025
328,Tawang High Altitude,Arunachal Pradesh,27.58,91.86,0.44,0.44,IMD_NetCDF_2025
329,Tawang High Altitude,Arunachal Pradesh,27.58,91.86,0.0,0.44,IMD_NetCDF_2025
330,Tawang High Altitude,Arunachal Pradesh,27.58,91.86,0.0,0.44,IMD_NetCDF_2025
331,Tawang High Altitude,Arunachal Pradesh,27.58,91.86,0.0,0.0,IMD_NetCDF_2025
332,Tawang High Altitude,Arunachal Pradesh,27.58,91.86,0.0,0.0,IMD_NetCDF_2025
333,Tawang High Altitude,Arunachal Pradesh,27.58,91.86,0.0,0.0,IMD_NetCDF_2025
334,Tawang High Altitude,Arunachal Pradesh,27.58,91.86,0.0,0.0,IMD_NetCDF_2025
335,Tawang High Altitude,Arunachal Pradesh,27.58,91.86,0.0,0.0,IMD_NetCDF_2025
336,Tawang High Altitude,Arunachal Pradesh,27.58,91.86,2.74,2.74,IMD_NetCDF_2025
337,Tawang High Altitude,Arunachal Pradesh,27.58,91.86,0.0,2.74,IMD_NetCDF_2025
338,Tawang High Altitude,Arunachal Pradesh,27.58,91.86,0.0,2.74,IMD_NetCDF_2025
339,Tawang High Altitude,Arunachal Pradesh,27.58,91.86,0.0,0.0,IMD_NetCDF_2025
340,Tawang High Altitude,Arunachal Pradesh,27.58,91.86,0.0,0.0,IMD_NetCDF_2025
341,Tawang High Altitude,Arunachal Pradesh,27.58,91.86,0.0,0.0,IMD_NetCDF_2025
342,Tawang High Altitude,Arunachal Pradesh,27.58,91.86,0.0,0.0,IMD_NetCDF_2025
343,Tawang High Altitude,Arunachal Pradesh,27.58,91.86,0.0,0.0,IMD_NetCDF_2025
344,Tawang High Altitude,Arunachal Pradesh,27.58,91.86,0.0,0.0,IMD_NetCDF_2025
345,Tawang High Altitude,Arunachal Pradesh,27.58,91.86,0.0,0.0,IMD_NetCDF_2025
346,Tawang High Altitude,Arunachal Pradesh,27.58,91.86,0.0,0.0,IMD_NetCDF_2025
347,Tawang High Altitude,Arunachal Pradesh,27.58,91.86,0.0,0.0,IMD_NetCDF_2025
348,Tawang High Altitude,Arunachal Pradesh,27.58,91.86,0.0,0.0,IMD_NetCDF_2025
349,Tawang High Altitude,Arunachal Pradesh,27.58,91.86,0.0,0.0,IMD_NetCDF_2025
350,Tawang High Altitude,Arunachal Pradesh,27.58,91.86,0.0,0.0,IMD_NetCDF_2025
351,Tawang High Altitude,Arunachal Pradesh,27.58,91.86,0.0,0.0,IMD_NetCDF_2025
352,Tawang High Altitude,Arunachal Pradesh,27.58,91.86,0.0,0.0,IMD_NetCDF_2025
353,Tawang High Altitude,Arunachal Pradesh,27.58,91.86,0.0,0.0,IMD_NetCDF_2025
354,Tawang High Altitude,Arunachal Pradesh,27.58,91.86,0.0,0.0,IMD_NetCDF_2025
355,Tawang High Altitude,Arunachal Pradesh,27.58,91.86,0.0,0.0,IMD_NetCDF_2025
356,Tawang High Altitude,Arunachal Pradesh,27.58,91.86,0.0,0.0,IMD_NetCDF_2025
357,Tawang High Altitude,Arunachal Pradesh,27.58,91.86,0.0,0.0,IMD_NetCDF_2025
358,Tawang High Altitude,Arunachal Pradesh,27.58,91.86,0.97,0.97,IMD_NetCDF_2025
359,Tawang High Altitude,Arunachal Pradesh,27.58,91.86,0.0,0.97,IMD_NetCDF_2025
360,Tawang High Altitude,Arunachal Pradesh,27.58,91.86,0.32,1.29,IMD_NetCDF_2025
361,Tawang High Altitude,Arunachal Pradesh,27.58,91.86,0.0,0.32,IMD_NetCDF_2025
362,Tawang High Altitude,Arunachal Pradesh,27.58,91.86,0.0,0.32,IMD_NetCDF_2025
363,Tawang High Altitude,Arunachal Pradesh,27.58,91.86,3.08,3.08,IMD_NetCDF_2025
364,Tawang High Altitude,Arunachal Pradesh,27.58,91.86,0.0,3.08,IMD_NetCDF_2025
365,Tawang High Altitude,Arunachal Pradesh,27.58,91.86,0.0,3.08,IMD_NetCDF_2025
1,West Tripura (Agartala),Tripura,23.83,91.28,0.0,0.0,IMD_NetCDF_2025
2,West Tripura (Agartala),Tripura,23.83,91.28,0.0,0.0,IMD_NetCDF_2025
3,West Tripura (Agartala),Tripura,23.83,91.28,0.0,0.0,IMD_NetCDF_2025
4,West Tripura (Agartala),Tripura,23.83,91.28,0.0,0.0,IMD_NetCDF_2025
5,West Tripura (Agartala),Tripura,23.83,91.28,0.0,0.0,IMD_NetCDF_2025
6,West Tripura (Agartala),Tripura,23.83,91.28,0.0,0.0,IMD_NetCDF_2025
7,West Tripura (Agartala),Tripura,23.83,91.28,0.0,0.0,IMD_NetCDF_2025
8,West Tripura (Agartala),Tripura,23.83,91.28,1.6,1.6,IMD_NetCDF_2025
9,West Tripura (Agartala),Tripura,23.83,91.28,0.0,1.6,IMD_NetCDF_2025
10,West Tripura (Agartala),Tripura,23.83,91.28,0.0,1.6,IMD_NetCDF_2025
11,West Tripura (Agartala),Tripura,23.83,91.28,0.0,0.0,IMD_NetCDF_2025
12,West Tripura (Agartala),Tripura,23.83,91.28,0.0,0.0,IMD_NetCDF_2025
13,West Tripura (Agartala),Tripura,23.83,91.28,0.0,0.0,IMD_NetCDF_2025
14,West Tripura (Agartala),Tripura,23.83,91.28,0.26,0.26,IMD_NetCDF_2025
15,West Tripura (Agartala),Tripura,23.83,91.28,0.0,0.26,IMD_NetCDF_2025
16,West Tripura (Agartala),Tripura,23.83,91.28,0.0,0.26,IMD_NetCDF_2025
17,West Tripura (Agartala),Tripura,23.83,91.28,0.0,0.0,IMD_NetCDF_2025
18,West Tripura (Agartala),Tripura,23.83,91.28,0.0,0.0,IMD_NetCDF_2025
19,West Tripura (Agartala),Tripura,23.83,91.28,0.0,0.0,IMD_NetCDF_2025
20,West Tripura (Agartala),Tripura,23.83,91.28,0.0,0.0,IMD_NetCDF_2025
21,West Tripura (Agartala),Tripura,23.83,91.28,0.0,0.0,IMD_NetCDF_2025
22,West Tripura (Agartala),Tripura,23.83,91.28,0.0,0.0,IMD_NetCDF_2025
23,West Tripura (Agartala),Tripura,23.83,91.28,0.0,0.0,IMD_NetCDF_2025
24,West Tripura (Agartala),Tripura,23.83,91.28,0.0,0.0,IMD_NetCDF_2025
25,West Tripura (Agartala),Tripura,23.83,91.28,0.0,0.0,IMD_NetCDF_2025
26,West Tripura (Agartala),Tripura,23.83,91.28,0.0,0.0,IMD_NetCDF_2025
27,West Tripura (Agartala),Tripura,23.83,91.28,0.0,0.0,IMD_NetCDF_2025
28,West Tripura (Agartala),Tripura,23.83,91.28,0.0,0.0,IMD_NetCDF_2025
29,West Tripura (Agartala),Tripura,23.83,91.28,0.0,0.0,IMD_NetCDF_2025
30,West Tripura (Agartala),Tripura,23.83,91.28,0.0,0.0,IMD_NetCDF_2025
31,West Tripura (Agartala),Tripura,23.83,91.28,1.08,1.08,IMD_NetCDF_2025
32,West Tripura (Agartala),Tripura,23.83,91.28,0.0,1.08,IMD_NetCDF_2025
33,West Tripura (Agartala),Tripura,23.83,91.28,0.0,1.08,IMD_NetCDF_2025
34,West Tripura (Agartala),Tripura,23.83,91.28,0.0,0.0,IMD_NetCDF_2025
35,West Tripura (Agartala),Tripura,23.83,91.28,0.0,0.0,IMD_NetCDF_2025
36,West Tripura (Agartala),Tripura,23.83,91.28,0.0,0.0,IMD_NetCDF_2025
37,West Tripura (Agartala),Tripura,23.83,91.28,0.0,0.0,IMD_NetCDF_2025
38,West Tripura (Agartala),Tripura,23.83,91.28,0.0,0.0,IMD_NetCDF_2025
39,West Tripura (Agartala),Tripura,23.83,91.28,0.0,0.0,IMD_NetCDF_2025
40,West Tripura (Agartala),Tripura,23.83,91.28,0.0,0.0,IMD_NetCDF_2025
41,West Tripura (Agartala),Tripura,23.83,91.28,0.0,0.0,IMD_NetCDF_2025
42,West Tripura (Agartala),Tripura,23.83,91.28,0.0,0.0,IMD_NetCDF_2025
43,West Tripura (Agartala),Tripura,23.83,91.28,0.31,0.31,IMD_NetCDF_2025
44,West Tripura (Agartala),Tripura,23.83,91.28,0.1,0.41,IMD_NetCDF_2025
45,West Tripura (Agartala),Tripura,23.83,91.28,2.78,3.19,IMD_NetCDF_2025
46,West Tripura (Agartala),Tripura,23.83,91.28,0.62,3.5,IMD_NetCDF_2025
47,West Tripura (Agartala),Tripura,23.83,91.28,0.0,3.4,IMD_NetCDF_2025
48,West Tripura (Agartala),Tripura,23.83,91.28,0.0,0.62,IMD_NetCDF_2025
49,West Tripura (Agartala),Tripura,23.83,91.28,0.1,0.1,IMD_NetCDF_2025
50,West Tripura (Agartala),Tripura,23.83,91.28,0.35,0.46,IMD_NetCDF_2025
51,West Tripura (Agartala),Tripura,23.83,91.28,0.26,0.72,IMD_NetCDF_2025
52,West Tripura (Agartala),Tripura,23.83,91.28,0.0,0.61,IMD_NetCDF_2025
53,West Tripura (Agartala),Tripura,23.83,91.28,0.21,0.46,IMD_NetCDF_2025
54,West Tripura (Agartala),Tripura,23.83,91.28,0.0,0.21,IMD_NetCDF_2025
55,West Tripura (Agartala),Tripura,23.83,91.28,0.0,0.21,IMD_NetCDF_2025
56,West Tripura (Agartala),Tripura,23.83,91.28,0.0,0.0,IMD_NetCDF_2025
57,West Tripura (Agartala),Tripura,23.83,91.28,0.0,0.0,IMD_NetCDF_2025
58,West Tripura (Agartala),Tripura,23.83,91.28,0.0,0.0,IMD_NetCDF_2025
59,West Tripura (Agartala),Tripura,23.83,91.28,0.0,0.0,IMD_NetCDF_2025
60,West Tripura (Agartala),Tripura,23.83,91.28,0.26,0.26,IMD_NetCDF_2025
61,West Tripura (Agartala),Tripura,23.83,91.28,3.14,3.4,IMD_NetCDF_2025
62,West Tripura (Agartala),Tripura,23.83,91.28,11.39,14.79,IMD_NetCDF_2025
63,West Tripura (Agartala),Tripura,23.83,91.28,0.31,14.84,IMD_NetCDF_2025
64,West Tripura (Agartala),Tripura,23.83,91.28,0.0,11.7,IMD_NetCDF_2025
65,West Tripura (Agartala),Tripura,23.83,91.28,0.0,0.31,IMD_NetCDF_2025
66,West Tripura (Agartala),Tripura,23.83,91.28,0.0,0.0,IMD_NetCDF_2025
67,West Tripura (Agartala),Tripura,23.83,91.28,0.0,0.0,IMD_NetCDF_2025
68,West Tripura (Agartala),Tripura,23.83,91.28,0.0,0.0,IMD_NetCDF_2025
69,West Tripura (Agartala),Tripura,23.83,91.28,0.0,0.0,IMD_NetCDF_2025
70,West Tripura (Agartala),Tripura,23.83,91.28,0.0,0.0,IMD_NetCDF_2025
71,West Tripura (Agartala),Tripura,23.83,91.28,0.57,0.57,IMD_NetCDF_2025
72,West Tripura (Agartala),Tripura,23.83,91.28,3.25,3.81,IMD_NetCDF_2025
73,West Tripura (Agartala),Tripura,23.83,91.28,13.6,17.41,IMD_NetCDF_2025
74,West Tripura (Agartala),Tripura,23.83,91.28,9.07,25.91,IMD_NetCDF_2025
75,West Tripura (Agartala),Tripura,23.83,91.28,1.18,23.85,IMD_NetCDF_2025
76,West Tripura (Agartala),Tripura,23.83,91.28,22.48,32.73,IMD_NetCDF_2025
77,West Tripura (Agartala),Tripura,23.83,91.28,4.17,27.84,IMD_NetCDF_2025
78,West Tripura (Agartala),Tripura,23.83,91.28,2.89,29.54,IMD_NetCDF_2025
79,West Tripura (Agartala),Tripura,23.83,91.28,0.0,7.06,IMD_NetCDF_2025
80,West Tripura (Agartala),Tripura,23.83,91.28,0.0,2.89,IMD_NetCDF_2025
81,West Tripura (Agartala),Tripura,23.83,91.28,3.09,3.09,IMD_NetCDF_2025
82,West Tripura (Agartala),Tripura,23.83,91.28,1.08,4.17,IMD_NetCDF_2025
83,West Tripura (Agartala),Tripura,23.83,91.28,0.0,4.17,IMD_NetCDF_2025
84,West Tripura (Agartala),Tripura,23.83,91.28,0.0,1.08,IMD_NetCDF_2025
85,West Tripura (Agartala),Tripura,23.83,91.28,0.0,0.0,IMD_NetCDF_2025
86,West Tripura (Agartala),Tripura,23.83,91.28,0.0,0.0,IMD_NetCDF_2025
87,West Tripura (Agartala),Tripura,23.83,91.28,0.0,0.0,IMD_NetCDF_2025
88,West Tripura (Agartala),Tripura,23.83,91.28,0.0,0.0,IMD_NetCDF_2025
89,West Tripura (Agartala),Tripura,23.83,91.28,0.0,0.0,IMD_NetCDF_2025
90,West Tripura (Agartala),Tripura,23.83,91.28,0.0,0.0,IMD_NetCDF_2025
91,West Tripura (Agartala),Tripura,23.83,91.28,0.31,0.31,IMD_NetCDF_2025
92,West Tripura (Agartala),Tripura,23.83,91.28,3.4,3.71,IMD_NetCDF_2025
93,West Tripura (Agartala),Tripura,23.83,91.28,3.66,7.37,IMD_NetCDF_2025
94,West Tripura (Agartala),Tripura,23.83,91.28,0.36,7.42,IMD_NetCDF_2025
95,West Tripura (Agartala),Tripura,23.83,91.28,0.0,4.02,IMD_NetCDF_2025
96,West Tripura (Agartala),Tripura,23.83,91.28,1.55,1.91,IMD_NetCDF_2025
97,West Tripura (Agartala),Tripura,23.83,91.28,0.0,1.55,IMD_NetCDF_2025
98,West Tripura (Agartala),Tripura,23.83,91.28,0.0,1.55,IMD_NetCDF_2025
99,West Tripura (Agartala),Tripura,23.83,91.28,0.84,0.84,IMD_NetCDF_2025
100,West Tripura (Agartala),Tripura,23.83,91.28,0.0,0.84,IMD_NetCDF_2025
101,West Tripura (Agartala),Tripura,23.83,91.28,0.47,1.31,IMD_NetCDF_2025
102,West Tripura (Agartala),Tripura,23.83,91.28,0.0,0.47,IMD_NetCDF_2025
103,West Tripura (Agartala),Tripura,23.83,91.28,0.0,0.47,IMD_NetCDF_2025
104,West Tripura (Agartala),Tripura,23.83,91.28,0.52,0.52,IMD_NetCDF_2025
105,West Tripura (Agartala),Tripura,23.83,91.28,0.0,0.52,IMD_NetCDF_2025
106,West Tripura (Agartala),Tripura,23.83,91.28,2.45,2.96,IMD_NetCDF_2025
107,West Tripura (Agartala),Tripura,23.83,91.28,2.06,4.51,IMD_NetCDF_2025
108,West Tripura (Agartala),Tripura,23.83,91.28,23.43,27.94,IMD_NetCDF_2025
109,West Tripura (Agartala),Tripura,23.83,91.28,5.31,30.81,IMD_NetCDF_2025
110,West Tripura (Agartala),Tripura,23.83,91.28,0.48,29.22,IMD_NetCDF_2025
111,West Tripura (Agartala),Tripura,23.83,91.28,10.75,16.54,IMD_NetCDF_2025
112,West Tripura (Agartala),Tripura,23.83,91.28,0.34,11.57,IMD_NetCDF_2025
113,West Tripura (Agartala),Tripura,23.83,91.28,20.78,31.87,IMD_NetCDF_2025
114,West Tripura (Agartala),Tripura,23.83,91.28,12.85,33.97,IMD_NetCDF_2025
115,West Tripura (Agartala),Tripura,23.83,91.28,1.36,34.99,IMD_NetCDF_2025
116,West Tripura (Agartala),Tripura,23.83,91.28,0.0,14.21,IMD_NetCDF_2025
117,West Tripura (Agartala),Tripura,23.83,91.28,5.02,6.38,IMD_NetCDF_2025
118,West Tripura (Agartala),Tripura,23.83,91.28,0.3,5.32,IMD_NetCDF_2025
119,West Tripura (Agartala),Tripura,23.83,91.28,6.22,11.54,IMD_NetCDF_2025
120,West Tripura (Agartala),Tripura,23.83,91.28,0.38,6.9,IMD_NetCDF_2025
121,West Tripura (Agartala),Tripura,23.83,91.28,0.0,6.6,IMD_NetCDF_2025
122,West Tripura (Agartala),Tripura,23.83,91.28,8.54,8.92,IMD_NetCDF_2025
123,West Tripura (Agartala),Tripura,23.83,91.28,0.3,8.84,IMD_NetCDF_2025
124,West Tripura (Agartala),Tripura,23.83,91.28,3.96,12.8,IMD_NetCDF_2025
125,West Tripura (Agartala),Tripura,23.83,91.28,0.0,4.26,IMD_NetCDF_2025
126,West Tripura (Agartala),Tripura,23.83,91.28,15.87,19.82,IMD_NetCDF_2025
127,West Tripura (Agartala),Tripura,23.83,91.28,3.22,19.09,IMD_NetCDF_2025
128,West Tripura (Agartala),Tripura,23.83,91.28,18.14,37.22,IMD_NetCDF_2025
129,West Tripura (Agartala),Tripura,23.83,91.28,0.0,21.35,IMD_NetCDF_2025
130,West Tripura (Agartala),Tripura,23.83,91.28,6.12,24.25,IMD_NetCDF_2025
131,West Tripura (Agartala),Tripura,23.83,91.28,6.05,12.16,IMD_NetCDF_2025
132,West Tripura (Agartala),Tripura,23.83,91.28,30.77,42.93,IMD_NetCDF_2025
133,West Tripura (Agartala),Tripura,23.83,91.28,7.73,44.54,IMD_NetCDF_2025
134,West Tripura (Agartala),Tripura,23.83,91.28,1.98,40.48,IMD_NetCDF_2025
135,West Tripura (Agartala),Tripura,23.83,91.28,0.15,9.86,IMD_NetCDF_2025
136,West Tripura (Agartala),Tripura,23.83,91.28,0.81,2.95,IMD_NetCDF_2025
137,West Tripura (Agartala),Tripura,23.83,91.28,14.02,14.99,IMD_NetCDF_2025
138,West Tripura (Agartala),Tripura,23.83,91.28,19.44,34.28,IMD_NetCDF_2025
139,West Tripura (Agartala),Tripura,23.83,91.28,3.24,36.71,IMD_NetCDF_2025
140,West Tripura (Agartala),Tripura,23.83,91.28,2.31,24.99,IMD_NetCDF_2025
141,West Tripura (Agartala),Tripura,23.83,91.28,13.71,19.25,IMD_NetCDF_2025
142,West Tripura (Agartala),Tripura,23.83,91.28,6.08,22.1,IMD_NetCDF_2025
143,West Tripura (Agartala),Tripura,23.83,91.28,10.2,29.99,IMD_NetCDF_2025
144,West Tripura (Agartala),Tripura,23.83,91.28,0.0,16.29,IMD_NetCDF_2025
145,West Tripura (Agartala),Tripura,23.83,91.28,0.3,10.51,IMD_NetCDF_2025
146,West Tripura (Agartala),Tripura,23.83,91.28,17.17,17.47,IMD_NetCDF_2025
147,West Tripura (Agartala),Tripura,23.83,91.28,12.74,30.21,IMD_NetCDF_2025
148,West Tripura (Agartala),Tripura,23.83,91.28,1.36,31.27,IMD_NetCDF_2025
149,West Tripura (Agartala),Tripura,23.83,91.28,6.52,20.62,IMD_NetCDF_2025
150,West Tripura (Agartala),Tripura,23.83,91.28,62.09,69.97,IMD_NetCDF_2025
151,West Tripura (Agartala),Tripura,23.83,91.28,32.04,100.65,IMD_NetCDF_2025
152,West Tripura (Agartala),Tripura,23.83,91.28,36.64,130.77,IMD_NetCDF_2025
153,West Tripura (Agartala),Tripura,23.83,91.28,20.15,88.82,IMD_NetCDF_2025
154,West Tripura (Agartala),Tripura,23.83,91.28,48.95,105.74,IMD_NetCDF_2025
155,West Tripura (Agartala),Tripura,23.83,91.28,9.11,78.2,IMD_NetCDF_2025
156,West Tripura (Agartala),Tripura,23.83,91.28,0.36,58.42,IMD_NetCDF_2025
157,West Tripura (Agartala),Tripura,23.83,91.28,5.36,14.83,IMD_NetCDF_2025
158,West Tripura (Agartala),Tripura,23.83,91.28,2.6,8.32,IMD_NetCDF_2025
159,West Tripura (Agartala),Tripura,23.83,91.28,9.55,17.51,IMD_NetCDF_2025
160,West Tripura (Agartala),Tripura,23.83,91.28,11.04,23.18,IMD_NetCDF_2025
161,West Tripura (Agartala),Tripura,23.83,91.28,5.22,25.81,IMD_NetCDF_2025
162,West Tripura (Agartala),Tripura,23.83,91.28,3.83,20.09,IMD_NetCDF_2025
163,West Tripura (Agartala),Tripura,23.83,91.28,4.12,13.18,IMD_NetCDF_2025
164,West Tripura (Agartala),Tripura,23.83,91.28,0.27,8.23,IMD_NetCDF_2025
165,West Tripura (Agartala),Tripura,23.83,91.28,8.59,12.99,IMD_NetCDF_2025
166,West Tripura (Agartala),Tripura,23.83,91.28,8.54,17.4,IMD_NetCDF_2025
167,West Tripura (Agartala),Tripura,23.83,91.28,0.5,17.63,IMD_NetCDF_2025
168,West Tripura (Agartala),Tripura,23.83,91.28,17.06,26.1,IMD_NetCDF_2025
169,West Tripura (Agartala),Tripura,23.83,91.28,4.91,22.47,IMD_NetCDF_2025
170,West Tripura (Agartala),Tripura,23.83,91.28,12.09,34.06,IMD_NetCDF_2025
171,West Tripura (Agartala),Tripura,23.83,91.28,10.02,27.02,IMD_NetCDF_2025
172,West Tripura (Agartala),Tripura,23.83,91.28,9.72,31.83,IMD_NetCDF_2025
173,West Tripura (Agartala),Tripura,23.83,91.28,0.21,19.95,IMD_NetCDF_2025
174,West Tripura (Agartala),Tripura,23.83,91.28,0.7,10.63,IMD_NetCDF_2025
175,West Tripura (Agartala),Tripura,23.83,91.28,0.21,1.12,IMD_NetCDF_2025
176,West Tripura (Agartala),Tripura,23.83,91.28,5.09,6.0,IMD_NetCDF_2025
177,West Tripura (Agartala),Tripura,23.83,91.28,2.77,8.07,IMD_NetCDF_2025
178,West Tripura (Agartala),Tripura,23.83,91.28,5.05,12.91,IMD_NetCDF_2025
179,West Tripura (Agartala),Tripura,23.83,91.28,1.18,9.01,IMD_NetCDF_2025
180,West Tripura (Agartala),Tripura,23.83,91.28,0.24,6.47,IMD_NetCDF_2025
181,West Tripura (Agartala),Tripura,23.83,91.28,4.04,5.45,IMD_NetCDF_2025
182,West Tripura (Agartala),Tripura,23.83,91.28,1.52,5.79,IMD_NetCDF_2025
183,West Tripura (Agartala),Tripura,23.83,91.28,12.67,18.22,IMD_NetCDF_2025
184,West Tripura (Agartala),Tripura,23.83,91.28,0.39,14.57,IMD_NetCDF_2025
185,West Tripura (Agartala),Tripura,23.83,91.28,0.55,13.6,IMD_NetCDF_2025
186,West Tripura (Agartala),Tripura,23.83,91.28,2.25,3.18,IMD_NetCDF_2025
187,West Tripura (Agartala),Tripura,23.83,91.28,2.09,4.88,IMD_NetCDF_2025
188,West Tripura (Agartala),Tripura,23.83,91.28,2.84,7.17,IMD_NetCDF_2025
189,West Tripura (Agartala),Tripura,23.83,91.28,31.32,36.25,IMD_NetCDF_2025
190,West Tripura (Agartala),Tripura,23.83,91.28,142.79,176.95,IMD_NetCDF_2025
191,West Tripura (Agartala),Tripura,23.83,91.28,34.04,208.15,IMD_NetCDF_2025
192,West Tripura (Agartala),Tripura,23.83,91.28,2.16,178.99,IMD_NetCDF_2025
193,West Tripura (Agartala),Tripura,23.83,91.28,0.0,36.2,IMD_NetCDF_2025
194,West Tripura (Agartala),Tripura,23.83,91.28,3.0,5.16,IMD_NetCDF_2025
195,West Tripura (Agartala),Tripura,23.83,91.28,34.51,37.51,IMD_NetCDF_2025
196,West Tripura (Agartala),Tripura,23.83,91.28,14.48,51.99,IMD_NetCDF_2025
197,West Tripura (Agartala),Tripura,23.83,91.28,3.38,52.37,IMD_NetCDF_2025
198,West Tripura (Agartala),Tripura,23.83,91.28,0.96,18.81,IMD_NetCDF_2025
199,West Tripura (Agartala),Tripura,23.83,91.28,20.43,24.76,IMD_NetCDF_2025
200,West Tripura (Agartala),Tripura,23.83,91.28,1.61,22.99,IMD_NetCDF_2025
201,West Tripura (Agartala),Tripura,23.83,91.28,44.67,66.71,IMD_NetCDF_2025
202,West Tripura (Agartala),Tripura,23.83,91.28,8.75,55.03,IMD_NetCDF_2025
203,West Tripura (Agartala),Tripura,23.83,91.28,9.18,62.61,IMD_NetCDF_2025
204,West Tripura (Agartala),Tripura,23.83,91.28,5.35,23.28,IMD_NetCDF_2025
205,West Tripura (Agartala),Tripura,23.83,91.28,25.19,39.72,IMD_NetCDF_2025
206,West Tripura (Agartala),Tripura,23.83,91.28,2.39,32.93,IMD_NetCDF_2025
207,West Tripura (Agartala),Tripura,23.83,91.28,1.13,28.71,IMD_NetCDF_2025
208,West Tripura (Agartala),Tripura,23.83,91.28,11.62,15.14,IMD_NetCDF_2025
209,West Tripura (Agartala),Tripura,23.83,91.28,18.61,31.36,IMD_NetCDF_2025
210,West Tripura (Agartala),Tripura,23.83,91.28,1.18,31.41,IMD_NetCDF_2025
211,West Tripura (Agartala),Tripura,23.83,91.28,1.3,21.09,IMD_NetCDF_2025
212,West Tripura (Agartala),Tripura,23.83,91.28,6.81,9.29,IMD_NetCDF_2025
213,West Tripura (Agartala),Tripura,23.83,91.28,2.47,10.58,IMD_NetCDF_2025
214,West Tripura (Agartala),Tripura,23.83,91.28,5.68,14.96,IMD_NetCDF_2025
215,West Tripura (Agartala),Tripura,23.83,91.28,0.4,8.55,IMD_NetCDF_2025
216,West Tripura (Agartala),Tripura,23.83,91.28,29.68,35.76,IMD_NetCDF_2025
217,West Tripura (Agartala),Tripura,23.83,91.28,36.21,66.29,IMD_NetCDF_2025
218,West Tripura (Agartala),Tripura,23.83,91.28,22.12,88.0,IMD_NetCDF_2025
219,West Tripura (Agartala),Tripura,23.83,91.28,15.53,73.86,IMD_NetCDF_2025
220,West Tripura (Agartala),Tripura,23.83,91.28,5.61,43.26,IMD_NetCDF_2025
221,West Tripura (Agartala),Tripura,23.83,91.28,1.03,22.18,IMD_NetCDF_2025
222,West Tripura (Agartala),Tripura,23.83,91.28,0.49,7.13,IMD_NetCDF_2025
223,West Tripura (Agartala),Tripura,23.83,91.28,0.0,1.52,IMD_NetCDF_2025
224,West Tripura (Agartala),Tripura,23.83,91.28,0.0,0.49,IMD_NetCDF_2025
225,West Tripura (Agartala),Tripura,23.83,91.28,21.13,21.13,IMD_NetCDF_2025
226,West Tripura (Agartala),Tripura,23.83,91.28,11.9,33.02,IMD_NetCDF_2025
227,West Tripura (Agartala),Tripura,23.83,91.28,5.98,39.0,IMD_NetCDF_2025
228,West Tripura (Agartala),Tripura,23.83,91.28,43.13,61.01,IMD_NetCDF_2025
229,West Tripura (Agartala),Tripura,23.83,91.28,50.07,99.18,IMD_NetCDF_2025
230,West Tripura (Agartala),Tripura,23.83,91.28,18.95,112.16,IMD_NetCDF_2025
231,West Tripura (Agartala),Tripura,23.83,91.28,12.18,81.2,IMD_NetCDF_2025
232,West Tripura (Agartala),Tripura,23.83,91.28,0.95,32.08,IMD_NetCDF_2025
233,West Tripura (Agartala),Tripura,23.83,91.28,1.48,14.61,IMD_NetCDF_2025
234,West Tripura (Agartala),Tripura,23.83,91.28,3.78,6.21,IMD_NetCDF_2025
235,West Tripura (Agartala),Tripura,23.83,91.28,1.34,6.59,IMD_NetCDF_2025
236,West Tripura (Agartala),Tripura,23.83,91.28,2.98,8.09,IMD_NetCDF_2025
237,West Tripura (Agartala),Tripura,23.83,91.28,0.34,4.65,IMD_NetCDF_2025
238,West Tripura (Agartala),Tripura,23.83,91.28,0.41,3.73,IMD_NetCDF_2025
239,West Tripura (Agartala),Tripura,23.83,91.28,15.21,15.96,IMD_NetCDF_2025
240,West Tripura (Agartala),Tripura,23.83,91.28,0.0,15.63,IMD_NetCDF_2025
241,West Tripura (Agartala),Tripura,23.83,91.28,1.8,17.01,IMD_NetCDF_2025
242,West Tripura (Agartala),Tripura,23.83,91.28,0.0,1.8,IMD_NetCDF_2025
243,West Tripura (Agartala),Tripura,23.83,91.28,9.98,11.78,IMD_NetCDF_2025
244,West Tripura (Agartala),Tripura,23.83,91.28,0.0,9.98,IMD_NetCDF_2025
245,West Tripura (Agartala),Tripura,23.83,91.28,5.2,15.18,IMD_NetCDF_2025
246,West Tripura (Agartala),Tripura,23.83,91.28,6.43,11.64,IMD_NetCDF_2025
247,West Tripura (Agartala),Tripura,23.83,91.28,4.36,16.0,IMD_NetCDF_2025
248,West Tripura (Agartala),Tripura,23.83,91.28,3.98,14.78,IMD_NetCDF_2025
249,West Tripura (Agartala),Tripura,23.83,91.28,0.21,8.55,IMD_NetCDF_2025
250,West Tripura (Agartala),Tripura,23.83,91.28,81.15,85.34,IMD_NetCDF_2025
251,West Tripura (Agartala),Tripura,23.83,91.28,0.0,81.36,IMD_NetCDF_2025
252,West Tripura (Agartala),Tripura,23.83,91.28,0.45,81.6,IMD_NetCDF_2025
253,West Tripura (Agartala),Tripura,23.83,91.28,0.0,0.45,IMD_NetCDF_2025
254,West Tripura (Agartala),Tripura,23.83,91.28,2.54,2.99,IMD_NetCDF_2025
255,West Tripura (Agartala),Tripura,23.83,91.28,12.31,14.85,IMD_NetCDF_2025
256,West Tripura (Agartala),Tripura,23.83,91.28,5.85,20.7,IMD_NetCDF_2025
257,West Tripura (Agartala),Tripura,23.83,91.28,20.04,38.2,IMD_NetCDF_2025
258,West Tripura (Agartala),Tripura,23.83,91.28,25.39,51.29,IMD_NetCDF_2025
259,West Tripura (Agartala),Tripura,23.83,91.28,6.9,52.33,IMD_NetCDF_2025
260,West Tripura (Agartala),Tripura,23.83,91.28,2.95,35.23,IMD_NetCDF_2025
261,West Tripura (Agartala),Tripura,23.83,91.28,2.09,11.93,IMD_NetCDF_2025
262,West Tripura (Agartala),Tripura,23.83,91.28,0.0,5.03,IMD_NetCDF_2025
263,West Tripura (Agartala),Tripura,23.83,91.28,11.69,13.77,IMD_NetCDF_2025
264,West Tripura (Agartala),Tripura,23.83,91.28,0.52,12.2,IMD_NetCDF_2025
265,West Tripura (Agartala),Tripura,23.83,91.28,12.5,24.71,IMD_NetCDF_2025
266,West Tripura (Agartala),Tripura,23.83,91.28,1.47,14.49,IMD_NetCDF_2025
267,West Tripura (Agartala),Tripura,23.83,91.28,0.88,14.85,IMD_NetCDF_2025
268,West Tripura (Agartala),Tripura,23.83,91.28,3.0,5.35,IMD_NetCDF_2025
269,West Tripura (Agartala),Tripura,23.83,91.28,1.32,5.19,IMD_NetCDF_2025
270,West Tripura (Agartala),Tripura,23.83,91.28,0.0,4.31,IMD_NetCDF_2025
271,West Tripura (Agartala),Tripura,23.83,91.28,4.37,5.69,IMD_NetCDF_2025
272,West Tripura (Agartala),Tripura,23.83,91.28,0.53,4.9,IMD_NetCDF_2025
273,West Tripura (Agartala),Tripura,23.83,91.28,0.0,4.9,IMD_NetCDF_2025
274,West Tripura (Agartala),Tripura,23.83,91.28,69.94,70.47,IMD_NetCDF_2025
275,West Tripura (Agartala),Tripura,23.83,91.28,11.07,81.01,IMD_NetCDF_2025
276,West Tripura (Agartala),Tripura,23.83,91.28,13.16,94.17,IMD_NetCDF_2025
277,West Tripura (Agartala),Tripura,23.83,91.28,0.0,24.23,IMD_NetCDF_2025
278,West Tripura (Agartala),Tripura,23.83,91.28,6.85,20.01,IMD_NetCDF_2025
279,West Tripura (Agartala),Tripura,23.83,91.28,0.6,7.44,IMD_NetCDF_2025
280,West Tripura (Agartala),Tripura,23.83,91.28,11.8,19.25,IMD_NetCDF_2025
281,West Tripura (Agartala),Tripura,23.83,91.28,0.0,12.4,IMD_NetCDF_2025
282,West Tripura (Agartala),Tripura,23.83,91.28,18.28,30.08,IMD_NetCDF_2025
283,West Tripura (Agartala),Tripura,23.83,91.28,0.0,18.28,IMD_NetCDF_2025
284,West Tripura (Agartala),Tripura,23.83,91.28,12.73,31.01,IMD_NetCDF_2025
285,West Tripura (Agartala),Tripura,23.83,91.28,12.84,25.57,IMD_NetCDF_2025
286,West Tripura (Agartala),Tripura,23.83,91.28,0.0,25.57,IMD_NetCDF_2025
287,West Tripura (Agartala),Tripura,23.83,91.28,0.0,12.84,IMD_NetCDF_2025
288,West Tripura (Agartala),Tripura,23.83,91.28,0.0,0.0,IMD_NetCDF_2025
289,West Tripura (Agartala),Tripura,23.83,91.28,0.0,0.0,IMD_NetCDF_2025
290,West Tripura (Agartala),Tripura,23.83,91.28,0.72,0.72,IMD_NetCDF_2025
291,West Tripura (Agartala),Tripura,23.83,91.28,0.0,0.72,IMD_NetCDF_2025
292,West Tripura (Agartala),Tripura,23.83,91.28,0.0,0.72,IMD_NetCDF_2025
293,West Tripura (Agartala),Tripura,23.83,91.28,0.0,0.0,IMD_NetCDF_2025
294,West Tripura (Agartala),Tripura,23.83,91.28,0.0,0.0,IMD_NetCDF_2025
295,West Tripura (Agartala),Tripura,23.83,91.28,0.0,0.0,IMD_NetCDF_2025
296,West Tripura (Agartala),Tripura,23.83,91.28,0.0,0.0,IMD_NetCDF_2025
297,West Tripura (Agartala),Tripura,23.83,91.28,13.8,13.8,IMD_NetCDF_2025
298,West Tripura (Agartala),Tripura,23.83,91.28,0.0,13.8,IMD_NetCDF_2025
299,West Tripura (Agartala),Tripura,23.83,91.28,0.0,13.8,IMD_NetCDF_2025
300,West Tripura (Agartala),Tripura,23.83,91.28,0.0,0.0,IMD_NetCDF_2025
301,West Tripura (Agartala),Tripura,23.83,91.28,0.0,0.0,IMD_NetCDF_2025
302,West Tripura (Agartala),Tripura,23.83,91.28,0.0,0.0,IMD_NetCDF_2025
303,West Tripura (Agartala),Tripura,23.83,91.28,5.31,5.31,IMD_NetCDF_2025
304,West Tripura (Agartala),Tripura,23.83,91.28,0.0,5.31,IMD_NetCDF_2025
305,West Tripura (Agartala),Tripura,23.83,91.28,0.0,5.31,IMD_NetCDF_2025
306,West Tripura (Agartala),Tripura,23.83,91.28,0.63,0.63,IMD_NetCDF_2025
307,West Tripura (Agartala),Tripura,23.83,91.28,4.82,5.46,IMD_NetCDF_2025
308,West Tripura (Agartala),Tripura,23.83,91.28,0.0,5.46,IMD_NetCDF_2025
309,West Tripura (Agartala),Tripura,23.83,91.28,12.43,17.26,IMD_NetCDF_2025
310,West Tripura (Agartala),Tripura,23.83,91.28,2.76,15.19,IMD_NetCDF_2025
311,West Tripura (Agartala),Tripura,23.83,91.28,0.0,15.19,IMD_NetCDF_2025
312,West Tripura (Agartala),Tripura,23.83,91.28,0.0,2.76,IMD_NetCDF_2025
313,West Tripura (Agartala),Tripura,23.83,91.28,0.0,0.0,IMD_NetCDF_2025
314,West Tripura (Agartala),Tripura,23.83,91.28,0.0,0.0,IMD_NetCDF_2025
315,West Tripura (Agartala),Tripura,23.83,91.28,0.0,0.0,IMD_NetCDF_2025
316,West Tripura (Agartala),Tripura,23.83,91.28,0.0,0.0,IMD_NetCDF_2025
317,West Tripura (Agartala),Tripura,23.83,91.28,0.0,0.0,IMD_NetCDF_2025
318,West Tripura (Agartala),Tripura,23.83,91.28,0.0,0.0,IMD_NetCDF_2025
319,West Tripura (Agartala),Tripura,23.83,91.28,0.0,0.0,IMD_NetCDF_2025
320,West Tripura (Agartala),Tripura,23.83,91.28,0.0,0.0,IMD_NetCDF_2025
321,West Tripura (Agartala),Tripura,23.83,91.28,0.0,0.0,IMD_NetCDF_2025
322,West Tripura (Agartala),Tripura,23.83,91.28,0.0,0.0,IMD_NetCDF_2025
323,West Tripura (Agartala),Tripura,23.83,91.28,0.0,0.0,IMD_NetCDF_2025
324,West Tripura (Agartala),Tripura,23.83,91.28,0.0,0.0,IMD_NetCDF_2025
325,West Tripura (Agartala),Tripura,23.83,91.28,0.0,0.0,IMD_NetCDF_2025
326,West Tripura (Agartala),Tripura,23.83,91.28,0.0,0.0,IMD_NetCDF_2025
327,West Tripura (Agartala),Tripura,23.83,91.28,0.0,0.0,IMD_NetCDF_2025
328,West Tripura (Agartala),Tripura,23.83,91.28,0.0,0.0,IMD_NetCDF_2025
329,West Tripura (Agartala),Tripura,23.83,91.28,0.0,0.0,IMD_NetCDF_2025
330,West Tripura (Agartala),Tripura,23.83,91.28,0.0,0.0,IMD_NetCDF_2025
331,West Tripura (Agartala),Tripura,23.83,91.28,0.0,0.0,IMD_NetCDF_2025
332,West Tripura (Agartala),Tripura,23.83,91.28,0.0,0.0,IMD_NetCDF_2025
333,West Tripura (Agartala),Tripura,23.83,91.28,0.0,0.0,IMD_NetCDF_2025
334,West Tripura (Agartala),Tripura,23.83,91.28,0.0,0.0,IMD_NetCDF_2025
335,West Tripura (Agartala),Tripura,23.83,91.28,0.0,0.0,IMD_NetCDF_2025
336,West Tripura (Agartala),Tripura,23.83,91.28,0.0,0.0,IMD_NetCDF_2025
337,West Tripura (Agartala),Tripura,23.83,91.28,0.0,0.0,IMD_NetCDF_2025
338,West Tripura (Agartala),Tripura,23.83,91.28,0.0,0.0,IMD_NetCDF_2025
339,West Tripura (Agartala),Tripura,23.83,91.28,0.0,0.0,IMD_NetCDF_2025
340,West Tripura (Agartala),Tripura,23.83,91.28,0.0,0.0,IMD_NetCDF_2025
341,West Tripura (Agartala),Tripura,23.83,91.28,0.0,0.0,IMD_NetCDF_2025
342,West Tripura (Agartala),Tripura,23.83,91.28,0.0,0.0,IMD_NetCDF_2025
343,West Tripura (Agartala),Tripura,23.83,91.28,0.0,0.0,IMD_NetCDF_2025
344,West Tripura (Agartala),Tripura,23.83,91.28,0.0,0.0,IMD_NetCDF_2025
345,West Tripura (Agartala),Tripura,23.83,91.28,0.0,0.0,IMD_NetCDF_2025
346,West Tripura (Agartala),Tripura,23.83,91.28,0.0,0.0,IMD_NetCDF_2025
347,West Tripura (Agartala),Tripura,23.83,91.28,0.0,0.0,IMD_NetCDF_2025
348,West Tripura (Agartala),Tripura,23.83,91.28,0.0,0.0,IMD_NetCDF_2025
349,West Tripura (Agartala),Tripura,23.83,91.28,0.0,0.0,IMD_NetCDF_2025
350,West Tripura (Agartala),Tripura,23.83,91.28,0.0,0.0,IMD_NetCDF_2025
351,West Tripura (Agartala),Tripura,23.83,91.28,0.0,0.0,IMD_NetCDF_2025
352,West Tripura (Agartala),Tripura,23.83,91.28,0.0,0.0,IMD_NetCDF_2025
353,West Tripura (Agartala),Tripura,23.83,91.28,0.0,0.0,IMD_NetCDF_2025
354,West Tripura (Agartala),Tripura,23.83,91.28,0.0,0.0,IMD_NetCDF_2025
355,West Tripura (Agartala),Tripura,23.83,91.28,0.0,0.0,IMD_NetCDF_2025
356,West Tripura (Agartala),Tripura,23.83,91.28,0.0,0.0,IMD_NetCDF_2025
357,West Tripura (Agartala),Tripura,23.83,91.28,0.0,0.0,IMD_NetCDF_2025
358,West Tripura (Agartala),Tripura,23.83,91.28,0.0,0.0,IMD_NetCDF_2025
359,West Tripura (Agartala),Tripura,23.83,91.28,0.0,0.0,IMD_NetCDF_2025
360,West Tripura (Agartala),Tripura,23.83,91.28,0.0,0.0,IMD_NetCDF_2025
361,West Tripura (Agartala),Tripura,23.83,91.28,0.0,0.0,IMD_NetCDF_2025
362,West Tripura (Agartala),Tripura,23.83,91.28,0.0,0.0,IMD_NetCDF_2025
363,West Tripura (Agartala),Tripura,23.83,91.28,0.0,0.0,IMD_NetCDF_2025
364,West Tripura (Agartala),Tripura,23.83,91.28,0.0,0.0,IMD_NetCDF_2025
365,West Tripura (Agartala),Tripura,23.83,91.28,0.0,0.0,IMD_NetCDF_2025
