{
  "type": "FeatureCollection",
  "metadata": {
    "title": "NESAC Historical Landslides (2020-2026)",
    "count": 1364
  },
  "features": [
    {
      "type": "Feature",
      "properties": {
        "event_name": "Mathgharia Landslide",
        "date": "2026-09-01",
        "time": "08:00:00",
        "state": "Assam",
        "district": "Kamrup (m)",
        "source": "NESAC/NERDRR"
      },
      "geometry": {
        "type": "Point",
        "coordinates": [
          91.816734,
          26.1748
        ]
      }
    },
    {
      "type": "Feature",
      "properties": {
        "event_name": "Satgaon Landlside",
        "date": "2026-09-01",
        "time": "06:30:00",
        "state": "Assam",
        "district": "Kamrup (m)",
        "source": "NESAC/NERDRR"
      },
      "geometry": {
        "type": "Point",
        "coordinates": [
          91.849945,
          26.157446
        ]
      }
    },
    {
      "type": "Feature",
      "properties": {
        "event_name": "Dirang  Landslide",
        "date": "2026-08-29",
        "time": "03:00:00",
        "state": "Arunachal Pradesh",
        "district": "West Kameng",
        "source": "NESAC/NERDRR"
      },
      "geometry": {
        "type": "Point",
        "coordinates": [
          92.23291,
          27.377829
        ]
      }
    },
    {
      "type": "Feature",
      "properties": {
        "event_name": "Tandu Landslide",
        "date": "2026-08-28",
        "time": "07:30:00",
        "state": "Assam",
        "district": "Kamrup(m)",
        "source": "NESAC/NERDRR"
      },
      "geometry": {
        "type": "Point",
        "coordinates": [
          91.88774,
          26.052744
        ]
      }
    },
    {
      "type": "Feature",
      "properties": {
        "event_name": "Tuensang Landslide",
        "date": "2026-08-27",
        "time": "08:15:00",
        "state": "Nagaland",
        "district": "Tuensang",
        "source": "NESAC/NERDRR"
      },
      "geometry": {
        "type": "Point",
        "coordinates": [
          94.80994,
          26.231926
        ]
      }
    },
    {
      "type": "Feature",
      "properties": {
        "event_name": "Manikarneswar Landslide",
        "date": "2026-08-24",
        "time": "",
        "state": "Assam",
        "district": "Kamrup",
        "source": "NESAC/NERDRR"
      },
      "geometry": {
        "type": "Point",
        "coordinates": [
          91.74712,
          26.207642
        ]
      }
    },
    {
      "type": "Feature",
      "properties": {
        "event_name": "Krishna Nagar Landslide",
        "date": "2026-08-21",
        "time": "",
        "state": "Assam",
        "district": "Kamrup(m)",
        "source": "NESAC/NERDRR"
      },
      "geometry": {
        "type": "Point",
        "coordinates": [
          91.80249,
          26.160917
        ]
      }
    },
    {
      "type": "Feature",
      "properties": {
        "event_name": "Ganesh Nagar Landslide",
        "date": "2026-08-21",
        "time": "",
        "state": "Assam",
        "district": "Kamrup(m)",
        "source": "NESAC/NERDRR"
      },
      "geometry": {
        "type": "Point",
        "coordinates": [
          91.790924,
          26.194555
        ]
      }
    },
    {
      "type": "Feature",
      "properties": {
        "event_name": "S. Sarania Landslide 2",
        "date": "2026-08-21",
        "time": "",
        "state": "Assam",
        "district": "Kamrup(m)",
        "source": "NESAC/NERDRR"
      },
      "geometry": {
        "type": "Point",
        "coordinates": [
          91.767784,
          26.178778
        ]
      }
    },
    {
      "type": "Feature",
      "properties": {
        "event_name": "S. Sarania Landslide 1",
        "date": "2026-08-21",
        "time": "",
        "state": "Assam",
        "district": "Kamrup(m)",
        "source": "NESAC/NERDRR"
      },
      "geometry": {
        "type": "Point",
        "coordinates": [
          91.76956,
          26.176853
        ]
      }
    },
    {
      "type": "Feature",
      "properties": {
        "event_name": "Ghokuto Landslide",
        "date": "2026-08-19",
        "time": "",
        "state": "Nagaland",
        "district": "Niuland",
        "source": "NESAC/NERDRR"
      },
      "geometry": {
        "type": "Point",
        "coordinates": [
          93.95156,
          25.875906
        ]
      }
    },
    {
      "type": "Feature",
      "properties": {
        "event_name": "Zunheboto Landslide",
        "date": "2026-08-19",
        "time": "",
        "state": "Nagaland",
        "district": "Zunheboto",
        "source": "NESAC/NERDRR"
      },
      "geometry": {
        "type": "Point",
        "coordinates": [
          94.52774,
          26.02183
        ]
      }
    },
    {
      "type": "Feature",
      "properties": {
        "event_name": "Kharghuli Landslide 2",
        "date": "2026-08-15",
        "time": "",
        "state": "Assam",
        "district": "Kamrup(m)",
        "source": "NESAC/NERDRR"
      },
      "geometry": {
        "type": "Point",
        "coordinates": [
          91.776695,
          26.199575
        ]
      }
    },
    {
      "type": "Feature",
      "properties": {
        "event_name": "Nacho Landslide",
        "date": "2026-08-14",
        "time": "",
        "state": "Arunachal Pradesh",
        "district": "Upper Subansiri",
        "source": "NESAC/NERDRR"
      },
      "geometry": {
        "type": "Point",
        "coordinates": [
          93.8919,
          28.2358
        ]
      }
    },
    {
      "type": "Feature",
      "properties": {
        "event_name": "Rimbi Landslide",
        "date": "2026-08-14",
        "time": "",
        "state": "Sikkim",
        "district": "Gyalshing",
        "source": "NESAC/NERDRR"
      },
      "geometry": {
        "type": "Point",
        "coordinates": [
          88.187256,
          27.320515
        ]
      }
    },
    {
      "type": "Feature",
      "properties": {
        "event_name": "Kohima Landslide",
        "date": "2026-08-10",
        "time": "",
        "state": "Nagaland",
        "district": "Kohima",
        "source": "NESAC/NERDRR"
      },
      "geometry": {
        "type": "Point",
        "coordinates": [
          94.098885,
          25.672106
        ]
      }
    },
    {
      "type": "Feature",
      "properties": {
        "event_name": "Mahur Landslide",
        "date": "2026-08-09",
        "time": "",
        "state": "Assam",
        "district": "Dima Hasao",
        "source": "NESAC/NERDRR"
      },
      "geometry": {
        "type": "Point",
        "coordinates": [
          93.12023,
          25.182362
        ]
      }
    },
    {
      "type": "Feature",
      "properties": {
        "event_name": "Geetanagar Landslide",
        "date": "2026-08-09",
        "time": "",
        "state": "Assam",
        "district": "Kamrup(m)",
        "source": "NESAC/NERDRR"
      },
      "geometry": {
        "type": "Point",
        "coordinates": [
          91.79576,
          26.173452
        ]
      }
    },
    {
      "type": "Feature",
      "properties": {
        "event_name": "Burapahar Landlside",
        "date": "2026-08-08",
        "time": "",
        "state": "Assam",
        "district": "Nagaon",
        "source": "NESAC/NERDRR"
      },
      "geometry": {
        "type": "Point",
        "coordinates": [
          93.11382,
          26.574081
        ]
      }
    },
    {
      "type": "Feature",
      "properties": {
        "event_name": "Etsuchukha Landslide 3",
        "date": "2026-08-07",
        "time": "03:50:00",
        "state": "Nagaland",
        "district": "Wokha",
        "source": "NESAC/NERDRR"
      },
      "geometry": {
        "type": "Point",
        "coordinates": [
          94.25631,
          26.100138
        ]
      }
    },
    {
      "type": "Feature",
      "properties": {
        "event_name": "Old Kohima Landslide",
        "date": "2026-08-05",
        "time": "",
        "state": "Nagaland",
        "district": "Kohima",
        "source": "NESAC/NERDRR"
      },
      "geometry": {
        "type": "Point",
        "coordinates": [
          94.06651,
          25.682878
        ]
      }
    },
    {
      "type": "Feature",
      "properties": {
        "event_name": "Shirui Landslide",
        "date": "2026-08-05",
        "time": "",
        "state": "Manipur",
        "district": "Ukhrul",
        "source": "NESAC/NERDRR"
      },
      "geometry": {
        "type": "Point",
        "coordinates": [
          94.45622,
          25.126442
        ]
      }
    },
    {
      "type": "Feature",
      "properties": {
        "event_name": "Kaziranga Landslide",
        "date": "2026-08-05",
        "time": "03:00:00",
        "state": "Assam",
        "district": "Nagaon",
        "source": "NESAC/NERDRR"
      },
      "geometry": {
        "type": "Point",
        "coordinates": [
          93.09878,
          26.574476
        ]
      }
    },
    {
      "type": "Feature",
      "properties": {
        "event_name": "Artang Landlside",
        "date": "2026-08-04",
        "time": "",
        "state": "Nagaland",
        "district": "Mokokchung",
        "source": "NESAC/NERDRR"
      },
      "geometry": {
        "type": "Point",
        "coordinates": [
          94.511505,
          26.314524
        ]
      }
    },
    {
      "type": "Feature",
      "properties": {
        "event_name": "Parsi Parlo Landlside",
        "date": "2026-08-04",
        "time": "15:00:00",
        "state": "Arunachal Pradesh",
        "district": "Kurung Kumey",
        "source": "NESAC/NERDRR"
      },
      "geometry": {
        "type": "Point",
        "coordinates": [
          93.524574,
          27.994583
        ]
      }
    },
    {
      "type": "Feature",
      "properties": {
        "event_name": "Ukhrul Landslide",
        "date": "2026-08-04",
        "time": "00:30:00",
        "state": "Manipur",
        "district": "Ukhrul",
        "source": "NESAC/NERDRR"
      },
      "geometry": {
        "type": "Point",
        "coordinates": [
          94.36435,
          25.097464
        ]
      }
    },
    {
      "type": "Feature",
      "properties": {
        "event_name": "Phesama Landslide",
        "date": "2026-08-04",
        "time": "",
        "state": "Nagaland",
        "district": "Kohima",
        "source": "NESAC/NERDRR"
      },
      "geometry": {
        "type": "Point",
        "coordinates": [
          94.11383,
          25.624
        ]
      }
    },
    {
      "type": "Feature",
      "properties": {
        "event_name": "Bana Landslide",
        "date": "2026-08-04",
        "time": "",
        "state": "Arunachal Pradesh",
        "district": "Pakke Kesang",
        "source": "NESAC/NERDRR"
      },
      "geometry": {
        "type": "Point",
        "coordinates": [
          92.88837,
          27.275171
        ]
      }
    },
    {
      "type": "Feature",
      "properties": {
        "event_name": "Kiphire Landslide",
        "date": "2026-08-02",
        "time": "",
        "state": "Nagaland",
        "district": "Kiphire",
        "source": "NESAC/NERDRR"
      },
      "geometry": {
        "type": "Point",
        "coordinates": [
          94.7723,
          25.894806
        ]
      }
    },
    {
      "type": "Feature",
      "properties": {
        "event_name": "Meluri Landslide",
        "date": "2026-08-01",
        "time": "",
        "state": "Nagaland",
        "district": "Meluri",
        "source": "NESAC/NERDRR"
      },
      "geometry": {
        "type": "Point",
        "coordinates": [
          94.62855,
          25.694445
        ]
      }
    },
    {
      "type": "Feature",
      "properties": {
        "event_name": "Satakha Landslide",
        "date": "2026-08-01",
        "time": "",
        "state": "Nagaland",
        "district": "Zunheboto",
        "source": "NESAC/NERDRR"
      },
      "geometry": {
        "type": "Point",
        "coordinates": [
          94.4541,
          25.884886
        ]
      }
    },
    {
      "type": "Feature",
      "properties": {
        "event_name": "Lumami Landslide",
        "date": "2026-07-31",
        "time": "",
        "state": "Nagaland",
        "district": "Zunheboto",
        "source": "NESAC/NERDRR"
      },
      "geometry": {
        "type": "Point",
        "coordinates": [
          94.47801,
          26.221018
        ]
      }
    },
    {
      "type": "Feature",
      "properties": {
        "event_name": "Penli Ward Landslide",
        "date": "2026-07-29",
        "time": "01:00:00",
        "state": "Nagaland",
        "district": "Mokokchung",
        "source": "NESAC/NERDRR"
      },
      "geometry": {
        "type": "Point",
        "coordinates": [
          94.52092,
          26.320194
        ]
      }
    },
    {
      "type": "Feature",
      "properties": {
        "event_name": "Kisama Landslide",
        "date": "2026-07-27",
        "time": "",
        "state": "Nagaland",
        "district": "Kohima",
        "source": "NESAC/NERDRR"
      },
      "geometry": {
        "type": "Point",
        "coordinates": [
          94.114845,
          25.622572
        ]
      }
    },
    {
      "type": "Feature",
      "properties": {
        "event_name": "Barfung Landslide",
        "date": "2026-07-25",
        "time": "11:50:00",
        "state": "Sikkim",
        "district": "Namchi",
        "source": "NESAC/NERDRR"
      },
      "geometry": {
        "type": "Point",
        "coordinates": [
          88.37496,
          27.307344
        ]
      }
    },
    {
      "type": "Feature",
      "properties": {
        "event_name": "Deorali Landslide",
        "date": "2026-07-25",
        "time": "",
        "state": "Meghalaya",
        "district": "Ri Bhoi",
        "source": "NESAC/NERDRR"
      },
      "geometry": {
        "type": "Point",
        "coordinates": [
          91.82204,
          26.117374
        ]
      }
    },
    {
      "type": "Feature",
      "properties": {
        "event_name": "New Harangajao Landslide",
        "date": "2026-07-24",
        "time": "",
        "state": "Assam",
        "district": "Dima Hasao",
        "source": "NESAC/NERDRR"
      },
      "geometry": {
        "type": "Point",
        "coordinates": [
          92.873634,
          25.113644
        ]
      }
    },
    {
      "type": "Feature",
      "properties": {
        "event_name": "Swargapur Landlside",
        "date": "2026-07-23",
        "time": "",
        "state": "Assam",
        "district": "Kamrup(m)",
        "source": "NESAC/NERDRR"
      },
      "geometry": {
        "type": "Point",
        "coordinates": [
          91.798546,
          26.095118
        ]
      }
    },
    {
      "type": "Feature",
      "properties": {
        "event_name": "Kahilipara Landslide",
        "date": "2026-07-22",
        "time": "11:00:00",
        "state": "Assam",
        "district": "Kamrup(m)",
        "source": "NESAC/NERDRR"
      },
      "geometry": {
        "type": "Point",
        "coordinates": [
          91.76151,
          26.142305
        ]
      }
    },
    {
      "type": "Feature",
      "properties": {
        "event_name": "Mawlai Landslide",
        "date": "2026-07-21",
        "time": "",
        "state": "Meghalaya",
        "district": "East Khasi Hills",
        "source": "NESAC/NERDRR"
      },
      "geometry": {
        "type": "Point",
        "coordinates": [
          91.88994,
          25.625807
        ]
      }
    },
    {
      "type": "Feature",
      "properties": {
        "event_name": "Nongpoh Jorabat Landslide 25",
        "date": "2026-07-20",
        "time": "",
        "state": "Meghalaya",
        "district": "Ri Bhoi",
        "source": "NESAC/NERDRR"
      },
      "geometry": {
        "type": "Point",
        "coordinates": [
          91.867355,
          26.018637
        ]
      }
    },
    {
      "type": "Feature",
      "properties": {
        "event_name": "Luangchum Landslide",
        "date": "2026-07-20",
        "time": "",
        "state": "Manipur",
        "district": "Noney",
        "source": "NESAC/NERDRR"
      },
      "geometry": {
        "type": "Point",
        "coordinates": [
          93.54353,
          24.812773
        ]
      }
    },
    {
      "type": "Feature",
      "properties": {
        "event_name": "Umlamphlang Landslide",
        "date": "2026-07-20",
        "time": "04:00:00",
        "state": "Meghalaya",
        "district": "Ri Bhoi",
        "source": "NESAC/NERDRR"
      },
      "geometry": {
        "type": "Point",
        "coordinates": [
          92.14136,
          25.95734
        ]
      }
    },
    {
      "type": "Feature",
      "properties": {
        "event_name": "Wokha Landlside",
        "date": "2026-07-20",
        "time": "",
        "state": "Nagaland",
        "district": "Wokha",
        "source": "NESAC/NERDRR"
      },
      "geometry": {
        "type": "Point",
        "coordinates": [
          94.2508,
          26.096003
        ]
      }
    },
    {
      "type": "Feature",
      "properties": {
        "event_name": "Shantikhunou Landlside 2",
        "date": "2026-07-20",
        "time": "",
        "state": "Manipur",
        "district": "Tamenglong",
        "source": "NESAC/NERDRR"
      },
      "geometry": {
        "type": "Point",
        "coordinates": [
          93.293526,
          24.755623
        ]
      }
    },
    {
      "type": "Feature",
      "properties": {
        "event_name": "Sarutari Landlside",
        "date": "2026-07-20",
        "time": "",
        "state": "Meghalaya",
        "district": "Ri Bhoi",
        "source": "NESAC/NERDRR"
      },
      "geometry": {
        "type": "Point",
        "coordinates": [
          91.85191,
          26.030746
        ]
      }
    },
    {
      "type": "Feature",
      "properties": {
        "event_name": "Thuvopisu Landslide",
        "date": "2026-07-20",
        "time": "",
        "state": "Nagaland",
        "district": "Phek",
        "source": "NESAC/NERDRR"
      },
      "geometry": {
        "type": "Point",
        "coordinates": [
          94.34447,
          25.712915
        ]
      }
    },
    {
      "type": "Feature",
      "properties": {
        "event_name": "Unger Landslide",
        "date": "2026-07-20",
        "time": "",
        "state": "Nagaland",
        "district": "Mokokchung",
        "source": "NESAC/NERDRR"
      },
      "geometry": {
        "type": "Point",
        "coordinates": [
          94.6525,
          26.485111
        ]
      }
    },
    {
      "type": "Feature",
      "properties": {
        "event_name": "Nongpoh Jorabat Landslide 1",
        "date": "2026-07-20",
        "time": "",
        "state": "Meghalaya",
        "district": "Ri Bhoi",
        "source": "NESAC/NERDRR"
      },
      "geometry": {
        "type": "Point",
        "coordinates": [
          91.87222,
          25.93695
        ]
      }
    },
    {
      "type": "Feature",
      "properties": {
        "event_name": "Nongpoh Jorabat Landslide 2",
        "date": "2026-07-20",
        "time": "",
        "state": "Meghalaya",
        "district": "Ri Bhoi",
        "source": "NESAC/NERDRR"
      },
      "geometry": {
        "type": "Point",
        "coordinates": [
          91.871826,
          25.940632
        ]
      }
    },
    {
      "type": "Feature",
      "properties": {
        "event_name": "Nongpoh Jorabat Landslide 3",
        "date": "2026-07-20",
        "time": "",
        "state": "Meghalaya",
        "district": "Ri Bhoi",
        "source": "NESAC/NERDRR"
      },
      "geometry": {
        "type": "Point",
        "coordinates": [
          91.86673,
          25.947412
        ]
      }
    },
    {
      "type": "Feature",
      "properties": {
        "event_name": "Nongpoh Jorabat Landslide 4",
        "date": "2026-07-20",
        "time": "",
        "state": "Meghalaya",
        "district": "Ri Bhoi",
        "source": "NESAC/NERDRR"
      },
      "geometry": {
        "type": "Point",
        "coordinates": [
          91.85932,
          25.990328
        ]
      }
    },
    {
      "type": "Feature",
      "properties": {
        "event_name": "Nongpoh Jorabat Landslide 5",
        "date": "2026-07-20",
        "time": "",
        "state": "Meghalaya",
        "district": "Ri Bhoi",
        "source": "NESAC/NERDRR"
      },
      "geometry": {
        "type": "Point",
        "coordinates": [
          91.8596,
          25.991035
        ]
      }
    },
    {
      "type": "Feature",
      "properties": {
        "event_name": "Nongpoh Jorabat Landslide 6",
        "date": "2026-07-20",
        "time": "",
        "state": "Meghalaya",
        "district": "Ri Bhoi",
        "source": "NESAC/NERDRR"
      },
      "geometry": {
        "type": "Point",
        "coordinates": [
          91.85964,
          25.991175
        ]
      }
    },
    {
      "type": "Feature",
      "properties": {
        "event_name": "Nongpoh Jorabat Landslide 7",
        "date": "2026-07-20",
        "time": "",
        "state": "Meghalaya",
        "district": "Ri Bhoi",
        "source": "NESAC/NERDRR"
      },
      "geometry": {
        "type": "Point",
        "coordinates": [
          91.860886,
          25.99478
        ]
      }
    },
    {
      "type": "Feature",
      "properties": {
        "event_name": "Nongpoh Jorabat Landslide 8",
        "date": "2026-07-20",
        "time": "",
        "state": "Meghalaya",
        "district": "Ri Bhoi",
        "source": "NESAC/NERDRR"
      },
      "geometry": {
        "type": "Point",
        "coordinates": [
          91.86134,
          25.996073
        ]
      }
    },
    {
      "type": "Feature",
      "properties": {
        "event_name": "Nongpoh Jorabat Landslide 9",
        "date": "2026-07-20",
        "time": "",
        "state": "Meghalaya",
        "district": "Ri Bhoi",
        "source": "NESAC/NERDRR"
      },
      "geometry": {
        "type": "Point",
        "coordinates": [
          91.86675,
          26.018152
        ]
      }
    },
    {
      "type": "Feature",
      "properties": {
        "event_name": "Nongpoh Jorabat Landslide 10",
        "date": "2026-07-20",
        "time": "",
        "state": "Meghalaya",
        "district": "Ri Bhoi",
        "source": "NESAC/NERDRR"
      },
      "geometry": {
        "type": "Point",
        "coordinates": [
          91.869,
          26.032234
        ]
      }
    },
    {
      "type": "Feature",
      "properties": {
        "event_name": "Nongpoh Jorabat Landslide 11",
        "date": "2026-07-20",
        "time": "",
        "state": "Meghalaya",
        "district": "Ri Bhoi",
        "source": "NESAC/NERDRR"
      },
      "geometry": {
        "type": "Point",
        "coordinates": [
          91.867065,
          26.033426
        ]
      }
    },
    {
      "type": "Feature",
      "properties": {
        "event_name": "Nongpoh Jorabat Landslide 12",
        "date": "2026-07-20",
        "time": "",
        "state": "Meghalaya",
        "district": "Ri Bhoi",
        "source": "NESAC/NERDRR"
      },
      "geometry": {
        "type": "Point",
        "coordinates": [
          91.86748,
          26.034313
        ]
      }
    },
    {
      "type": "Feature",
      "properties": {
        "event_name": "Nongpoh Jorabat Landslide 13",
        "date": "2026-07-20",
        "time": "",
        "state": "Meghalaya",
        "district": "Ri Bhoi",
        "source": "NESAC/NERDRR"
      },
      "geometry": {
        "type": "Point",
        "coordinates": [
          91.86797,
          26.03521
        ]
      }
    },
    {
      "type": "Feature",
      "properties": {
        "event_name": "Nongpoh Jorabat Landslide 14",
        "date": "2026-07-20",
        "time": "",
        "state": "Meghalaya",
        "district": "Ri Bhoi",
        "source": "NESAC/NERDRR"
      },
      "geometry": {
        "type": "Point",
        "coordinates": [
          91.86822,
          26.036535
        ]
      }
    },
    {
      "type": "Feature",
      "properties": {
        "event_name": "Nongpoh Jorabat Landslide 15",
        "date": "2026-07-20",
        "time": "",
        "state": "Meghalaya",
        "district": "Ri Bhoi",
        "source": "NESAC/NERDRR"
      },
      "geometry": {
        "type": "Point",
        "coordinates": [
          91.867516,
          26.037928
        ]
      }
    },
    {
      "type": "Feature",
      "properties": {
        "event_name": "Nongpoh Jorabat Landslide 16",
        "date": "2026-07-20",
        "time": "",
        "state": "Meghalaya",
        "district": "Ri Bhoi",
        "source": "NESAC/NERDRR"
      },
      "geometry": {
        "type": "Point",
        "coordinates": [
          91.86885,
          26.036144
        ]
      }
    },
    {
      "type": "Feature",
      "properties": {
        "event_name": "Nongpoh Jorabat Landslide 17",
        "date": "2026-07-20",
        "time": "",
        "state": "Meghalaya",
        "district": "Ri Bhoi",
        "source": "NESAC/NERDRR"
      },
      "geometry": {
        "type": "Point",
        "coordinates": [
          91.868614,
          26.02611
        ]
      }
    },
    {
      "type": "Feature",
      "properties": {
        "event_name": "Nongpoh Jorabat Landslide 18",
        "date": "2026-07-20",
        "time": "",
        "state": "Meghalaya",
        "district": "Ri Bhoi",
        "source": "NESAC/NERDRR"
      },
      "geometry": {
        "type": "Point",
        "coordinates": [
          91.86793,
          26.024378
        ]
      }
    },
    {
      "type": "Feature",
      "properties": {
        "event_name": "Nongpoh Jorabat Landslide 19",
        "date": "2026-07-20",
        "time": "",
        "state": "Meghalaya",
        "district": "Ri Bhoi",
        "source": "NESAC/NERDRR"
      },
      "geometry": {
        "type": "Point",
        "coordinates": [
          91.86787,
          26.022827
        ]
      }
    },
    {
      "type": "Feature",
      "properties": {
        "event_name": "Nongpoh Jorabat Landslide 20",
        "date": "2026-07-20",
        "time": "",
        "state": "Meghalaya",
        "district": "Ri Bhoi",
        "source": "NESAC/NERDRR"
      },
      "geometry": {
        "type": "Point",
        "coordinates": [
          91.867455,
          26.021524
        ]
      }
    },
    {
      "type": "Feature",
      "properties": {
        "event_name": "Nongpoh Jorabat Landslide 21",
        "date": "2026-07-20",
        "time": "",
        "state": "Meghalaya",
        "district": "Ri Bhoi",
        "source": "NESAC/NERDRR"
      },
      "geometry": {
        "type": "Point",
        "coordinates": [
          91.86735,
          26.021402
        ]
      }
    },
    {
      "type": "Feature",
      "properties": {
        "event_name": "Nongpoh Jorabat Landslide 22",
        "date": "2026-07-20",
        "time": "",
        "state": "Meghalaya",
        "district": "Ri Bhoi",
        "source": "NESAC/NERDRR"
      },
      "geometry": {
        "type": "Point",
        "coordinates": [
          91.8672,
          26.021015
        ]
      }
    },
    {
      "type": "Feature",
      "properties": {
        "event_name": "Nongpoh Jorabat Landslide 23",
        "date": "2026-07-20",
        "time": "",
        "state": "Meghalaya",
        "district": "Ri Bhoi",
        "source": "NESAC/NERDRR"
      },
      "geometry": {
        "type": "Point",
        "coordinates": [
          91.86784,
          26.01995
        ]
      }
    },
    {
      "type": "Feature",
      "properties": {
        "event_name": "Nongpoh Jorabat Landslide 24",
        "date": "2026-07-20",
        "time": "",
        "state": "Meghalaya",
        "district": "Ri Bhoi",
        "source": "NESAC/NERDRR"
      },
      "geometry": {
        "type": "Point",
        "coordinates": [
          91.86775,
          26.019587
        ]
      }
    },
    {
      "type": "Feature",
      "properties": {
        "event_name": "Nongpoh Jorabat Landslide 26",
        "date": "2026-07-20",
        "time": "",
        "state": "Meghalaya",
        "district": "Ri Bhoi",
        "source": "NESAC/NERDRR"
      },
      "geometry": {
        "type": "Point",
        "coordinates": [
          91.86659,
          26.017263
        ]
      }
    },
    {
      "type": "Feature",
      "properties": {
        "event_name": "Nongpoh Jorabat Landslide 27",
        "date": "2026-07-20",
        "time": "",
        "state": "Meghalaya",
        "district": "Ri Bhoi",
        "source": "NESAC/NERDRR"
      },
      "geometry": {
        "type": "Point",
        "coordinates": [
          91.86662,
          26.016792
        ]
      }
    },
    {
      "type": "Feature",
      "properties": {
        "event_name": "Nongpoh Jorabat Landslide 28",
        "date": "2026-07-20",
        "time": "",
        "state": "Meghalaya",
        "district": "Ri Bhoi",
        "source": "NESAC/NERDRR"
      },
      "geometry": {
        "type": "Point",
        "coordinates": [
          91.86783,
          26.016197
        ]
      }
    },
    {
      "type": "Feature",
      "properties": {
        "event_name": "Nongpoh Jorabat Landslide 29",
        "date": "2026-07-20",
        "time": "",
        "state": "Meghalaya",
        "district": "Ri Bhoi",
        "source": "NESAC/NERDRR"
      },
      "geometry": {
        "type": "Point",
        "coordinates": [
          91.86871,
          26.01633
        ]
      }
    },
    {
      "type": "Feature",
      "properties": {
        "event_name": "Nongpoh Jorabat Landslide 30",
        "date": "2026-07-20",
        "time": "",
        "state": "Meghalaya",
        "district": "Ri Bhoi",
        "source": "NESAC/NERDRR"
      },
      "geometry": {
        "type": "Point",
        "coordinates": [
          91.86917,
          26.016378
        ]
      }
    },
    {
      "type": "Feature",
      "properties": {
        "event_name": "Nongpoh Jorabat Landslide 31",
        "date": "2026-07-20",
        "time": "",
        "state": "Meghalaya",
        "district": "Ri Bhoi",
        "source": "NESAC/NERDRR"
      },
      "geometry": {
        "type": "Point",
        "coordinates": [
          91.86779,
          26.015203
        ]
      }
    },
    {
      "type": "Feature",
      "properties": {
        "event_name": "Nongpoh Jorabat Landslide 32",
        "date": "2026-07-20",
        "time": "",
        "state": "Meghalaya",
        "district": "Ri Bhoi",
        "source": "NESAC/NERDRR"
      },
      "geometry": {
        "type": "Point",
        "coordinates": [
          91.86686,
          26.01462
        ]
      }
    },
    {
      "type": "Feature",
      "properties": {
        "event_name": "Nongpoh Jorabat Landslide 33",
        "date": "2026-07-20",
        "time": "",
        "state": "Meghalaya",
        "district": "Ri Bhoi",
        "source": "NESAC/NERDRR"
      },
      "geometry": {
        "type": "Point",
        "coordinates": [
          91.86595,
          26.012983
        ]
      }
    },
    {
      "type": "Feature",
      "properties": {
        "event_name": "Nongpoh Jorabat Landslide 34",
        "date": "2026-07-20",
        "time": "",
        "state": "Meghalaya",
        "district": "Ri Bhoi",
        "source": "NESAC/NERDRR"
      },
      "geometry": {
        "type": "Point",
        "coordinates": [
          91.865326,
          26.012144
        ]
      }
    },
    {
      "type": "Feature",
      "properties": {
        "event_name": "Nongpoh Jorabat Landslide 35",
        "date": "2026-07-20",
        "time": "",
        "state": "Meghalaya",
        "district": "Ri Bhoi",
        "source": "NESAC/NERDRR"
      },
      "geometry": {
        "type": "Point",
        "coordinates": [
          91.86585,
          26.011078
        ]
      }
    },
    {
      "type": "Feature",
      "properties": {
        "event_name": "Nongpoh Jorabat Landslide 36",
        "date": "2026-07-20",
        "time": "",
        "state": "Meghalaya",
        "district": "Ri Bhoi",
        "source": "NESAC/NERDRR"
      },
      "geometry": {
        "type": "Point",
        "coordinates": [
          91.86606,
          26.010752
        ]
      }
    },
    {
      "type": "Feature",
      "properties": {
        "event_name": "Nongpoh Jorabat Landslide 37",
        "date": "2026-07-20",
        "time": "",
        "state": "Meghalaya",
        "district": "Ri Bhoi",
        "source": "NESAC/NERDRR"
      },
      "geometry": {
        "type": "Point",
        "coordinates": [
          91.86616,
          26.010353
        ]
      }
    },
    {
      "type": "Feature",
      "properties": {
        "event_name": "Nongpoh Jorabat Landslide 38",
        "date": "2026-07-20",
        "time": "",
        "state": "Meghalaya",
        "district": "Ri Bhoi",
        "source": "NESAC/NERDRR"
      },
      "geometry": {
        "type": "Point",
        "coordinates": [
          91.86596,
          26.010235
        ]
      }
    },
    {
      "type": "Feature",
      "properties": {
        "event_name": "Nongpoh Jorabat Landslide 39",
        "date": "2026-07-20",
        "time": "",
        "state": "Meghalaya",
        "district": "Ri Bhoi",
        "source": "NESAC/NERDRR"
      },
      "geometry": {
        "type": "Point",
        "coordinates": [
          91.86579,
          26.009972
        ]
      }
    },
    {
      "type": "Feature",
      "properties": {
        "event_name": "Nongpoh Jorabat Landslide 40",
        "date": "2026-07-20",
        "time": "",
        "state": "Meghalaya",
        "district": "Ri Bhoi",
        "source": "NESAC/NERDRR"
      },
      "geometry": {
        "type": "Point",
        "coordinates": [
          91.865295,
          26.009018
        ]
      }
    },
    {
      "type": "Feature",
      "properties": {
        "event_name": "Nongpoh Jorabat Landslide 41",
        "date": "2026-07-20",
        "time": "",
        "state": "Meghalaya",
        "district": "Ri Bhoi",
        "source": "NESAC/NERDRR"
      },
      "geometry": {
        "type": "Point",
        "coordinates": [
          91.86453,
          26.005608
        ]
      }
    },
    {
      "type": "Feature",
      "properties": {
        "event_name": "Nongpoh Jorabat Landslide 42",
        "date": "2026-07-20",
        "time": "",
        "state": "Meghalaya",
        "district": "Ri Bhoi",
        "source": "NESAC/NERDRR"
      },
      "geometry": {
        "type": "Point",
        "coordinates": [
          91.864494,
          26.005386
        ]
      }
    },
    {
      "type": "Feature",
      "properties": {
        "event_name": "Nongpoh Jorabat Landslide 43",
        "date": "2026-07-20",
        "time": "",
        "state": "Meghalaya",
        "district": "Ri Bhoi",
        "source": "NESAC/NERDRR"
      },
      "geometry": {
        "type": "Point",
        "coordinates": [
          91.864235,
          26.004498
        ]
      }
    },
    {
      "type": "Feature",
      "properties": {
        "event_name": "Nongpoh Jorabat Landslide 44",
        "date": "2026-07-20",
        "time": "",
        "state": "Meghalaya",
        "district": "Ri Bhoi",
        "source": "NESAC/NERDRR"
      },
      "geometry": {
        "type": "Point",
        "coordinates": [
          91.86379,
          26.00323
        ]
      }
    },
    {
      "type": "Feature",
      "properties": {
        "event_name": "Nongpoh Jorabat Landslide 45",
        "date": "2026-07-20",
        "time": "",
        "state": "Meghalaya",
        "district": "Ri Bhoi",
        "source": "NESAC/NERDRR"
      },
      "geometry": {
        "type": "Point",
        "coordinates": [
          91.86263,
          25.997519
        ]
      }
    },
    {
      "type": "Feature",
      "properties": {
        "event_name": "Nongpoh Jorabat Landslide 46",
        "date": "2026-07-20",
        "time": "",
        "state": "Meghalaya",
        "district": "Ri Bhoi",
        "source": "NESAC/NERDRR"
      },
      "geometry": {
        "type": "Point",
        "coordinates": [
          91.85734,
          25.961288
        ]
      }
    },
    {
      "type": "Feature",
      "properties": {
        "event_name": "Nongpoh Jorabat Landslide 47",
        "date": "2026-07-20",
        "time": "",
        "state": "Meghalaya",
        "district": "Ri Bhoi",
        "source": "NESAC/NERDRR"
      },
      "geometry": {
        "type": "Point",
        "coordinates": [
          91.85428,
          25.959692
        ]
      }
    },
    {
      "type": "Feature",
      "properties": {
        "event_name": "Nongpoh Jorabat Landslide 48",
        "date": "2026-07-20",
        "time": "",
        "state": "Meghalaya",
        "district": "Ri Bhoi",
        "source": "NESAC/NERDRR"
      },
      "geometry": {
        "type": "Point",
        "coordinates": [
          91.85333,
          25.961006
        ]
      }
    },
    {
      "type": "Feature",
      "properties": {
        "event_name": "Nongpoh Jorabat Landslide 49",
        "date": "2026-07-20",
        "time": "",
        "state": "Meghalaya",
        "district": "Ri Bhoi",
        "source": "NESAC/NERDRR"
      },
      "geometry": {
        "type": "Point",
        "coordinates": [
          91.85926,
          25.955105
        ]
      }
    },
    {
      "type": "Feature",
      "properties": {
        "event_name": "Nongpoh Jorabat Landslide 50",
        "date": "2026-07-20",
        "time": "",
        "state": "Meghalaya",
        "district": "Ri Bhoi",
        "source": "NESAC/NERDRR"
      },
      "geometry": {
        "type": "Point",
        "coordinates": [
          91.86441,
          25.958643
        ]
      }
    },
    {
      "type": "Feature",
      "properties": {
        "event_name": "Nongpoh Jorabat Landslide 51",
        "date": "2026-07-20",
        "time": "",
        "state": "Meghalaya",
        "district": "Ri Bhoi",
        "source": "NESAC/NERDRR"
      },
      "geometry": {
        "type": "Point",
        "coordinates": [
          91.86714,
          25.959595
        ]
      }
    },
    {
      "type": "Feature",
      "properties": {
        "event_name": "Nongpoh Jorabat Landslide 52",
        "date": "2026-07-20",
        "time": "",
        "state": "Meghalaya",
        "district": "Ri Bhoi",
        "source": "NESAC/NERDRR"
      },
      "geometry": {
        "type": "Point",
        "coordinates": [
          91.86536,
          25.953545
        ]
      }
    },
    {
      "type": "Feature",
      "properties": {
        "event_name": "Nongpoh Jorabat Landslide 53",
        "date": "2026-07-20",
        "time": "",
        "state": "Meghalaya",
        "district": "Ri Bhoi",
        "source": "NESAC/NERDRR"
      },
      "geometry": {
        "type": "Point",
        "coordinates": [
          91.86493,
          25.953112
        ]
      }
    },
    {
      "type": "Feature",
      "properties": {
        "event_name": "Nongpoh Jorabat Landslide 54",
        "date": "2026-07-20",
        "time": "",
        "state": "Meghalaya",
        "district": "Ri Bhoi",
        "source": "NESAC/NERDRR"
      },
      "geometry": {
        "type": "Point",
        "coordinates": [
          91.86482,
          25.952925
        ]
      }
    },
    {
      "type": "Feature",
      "properties": {
        "event_name": "Nongpoh Jorabat Landslide 55",
        "date": "2026-07-20",
        "time": "",
        "state": "Meghalaya",
        "district": "Ri Bhoi",
        "source": "NESAC/NERDRR"
      },
      "geometry": {
        "type": "Point",
        "coordinates": [
          91.87304,
          25.93167
        ]
      }
    },
    {
      "type": "Feature",
      "properties": {
        "event_name": "Nongpoh Jorabat Landslide 56",
        "date": "2026-07-20",
        "time": "",
        "state": "Meghalaya",
        "district": "Ri Bhoi",
        "source": "NESAC/NERDRR"
      },
      "geometry": {
        "type": "Point",
        "coordinates": [
          91.87317,
          25.931517
        ]
      }
    },
    {
      "type": "Feature",
      "properties": {
        "event_name": "Nongpoh Jorabat Landslide 57",
        "date": "2026-07-20",
        "time": "",
        "state": "Meghalaya",
        "district": "Ri Bhoi",
        "source": "NESAC/NERDRR"
      },
      "geometry": {
        "type": "Point",
        "coordinates": [
          91.875015,
          25.927137
        ]
      }
    },
    {
      "type": "Feature",
      "properties": {
        "event_name": "Maligaon Landslide",
        "date": "2026-07-19",
        "time": "",
        "state": "Assam",
        "district": "Kamrup(m)",
        "source": "NESAC/NERDRR"
      },
      "geometry": {
        "type": "Point",
        "coordinates": [
          91.69186,
          26.14062
        ]
      }
    },
    {
      "type": "Feature",
      "properties": {
        "event_name": "Mon Landslide",
        "date": "2026-07-19",
        "time": "06:30:00",
        "state": "Nagaland",
        "district": "Mon",
        "source": "NESAC/NERDRR"
      },
      "geometry": {
        "type": "Point",
        "coordinates": [
          95.02043,
          26.72513
        ]
      }
    },
    {
      "type": "Feature",
      "properties": {
        "event_name": "Kharghuli Lnadlside",
        "date": "2026-07-19",
        "time": "10:00:00",
        "state": "Assam",
        "district": "Kamrup(m)",
        "source": "NESAC/NERDRR"
      },
      "geometry": {
        "type": "Point",
        "coordinates": [
          91.766525,
          26.19505
        ]
      }
    },
    {
      "type": "Feature",
      "properties": {
        "event_name": "Etsuchukha Landslide 2",
        "date": "2026-07-19",
        "time": "",
        "state": "Nagaland",
        "district": "Wokha",
        "source": "NESAC/NERDRR"
      },
      "geometry": {
        "type": "Point",
        "coordinates": [
          94.251045,
          26.100035
        ]
      }
    },
    {
      "type": "Feature",
      "properties": {
        "event_name": "Kaiphundai Landslide",
        "date": "2026-07-16",
        "time": "",
        "state": "Manipur",
        "district": "Tamenglong",
        "source": "NESAC/NERDRR"
      },
      "geometry": {
        "type": "Point",
        "coordinates": [
          93.234184,
          24.798979
        ]
      }
    },
    {
      "type": "Feature",
      "properties": {
        "event_name": "Kyongnosla Landslide",
        "date": "2026-07-15",
        "time": "",
        "state": "Sikkim",
        "district": "Gangtok",
        "source": "NESAC/NERDRR"
      },
      "geometry": {
        "type": "Point",
        "coordinates": [
          88.66543,
          27.366852
        ]
      }
    },
    {
      "type": "Feature",
      "properties": {
        "event_name": "Odalbakra Landlside",
        "date": "2026-07-15",
        "time": "",
        "state": "Assam",
        "district": "Kamrup(m)",
        "source": "NESAC/NERDRR"
      },
      "geometry": {
        "type": "Point",
        "coordinates": [
          91.750305,
          26.13763
        ]
      }
    },
    {
      "type": "Feature",
      "properties": {
        "event_name": "Etsuchukha Landslide",
        "date": "2026-07-15",
        "time": "",
        "state": "Nagaland",
        "district": "Wokha",
        "source": "NESAC/NERDRR"
      },
      "geometry": {
        "type": "Point",
        "coordinates": [
          94.25473,
          26.098867
        ]
      }
    },
    {
      "type": "Feature",
      "properties": {
        "event_name": "Tawipui Landslide",
        "date": "2026-07-14",
        "time": "05:00:00",
        "state": "Mizoram",
        "district": "Lunglei",
        "source": "NESAC/NERDRR"
      },
      "geometry": {
        "type": "Point",
        "coordinates": [
          92.84362,
          22.68038
        ]
      }
    },
    {
      "type": "Feature",
      "properties": {
        "event_name": "Pakro Landlside",
        "date": "2026-07-13",
        "time": "05:00:00",
        "state": "Arunachal Pradesh",
        "district": "Pakke Kesang",
        "source": "NESAC/NERDRR"
      },
      "geometry": {
        "type": "Point",
        "coordinates": [
          93.08082,
          27.21794
        ]
      }
    },
    {
      "type": "Feature",
      "properties": {
        "event_name": "Jorabat Landslide",
        "date": "2026-07-12",
        "time": "",
        "state": "Assam",
        "district": "Kamrup(m)",
        "source": "NESAC/NERDRR"
      },
      "geometry": {
        "type": "Point",
        "coordinates": [
          91.84137,
          26.110659
        ]
      }
    },
    {
      "type": "Feature",
      "properties": {
        "event_name": "Upper Shillong Landslide",
        "date": "2026-07-12",
        "time": "",
        "state": "Meghalaya",
        "district": "East Khasi Hills",
        "source": "NESAC/NERDRR"
      },
      "geometry": {
        "type": "Point",
        "coordinates": [
          91.86578,
          25.57049
        ]
      }
    },
    {
      "type": "Feature",
      "properties": {
        "event_name": "Kulikawn Landslide",
        "date": "2026-07-09",
        "time": "",
        "state": "Mizoram",
        "district": "Aizwal",
        "source": "NESAC/NERDRR"
      },
      "geometry": {
        "type": "Point",
        "coordinates": [
          92.717674,
          23.705044
        ]
      }
    },
    {
      "type": "Feature",
      "properties": {
        "event_name": "Melli Landlside",
        "date": "2026-07-09",
        "time": "",
        "state": "Sikkim",
        "district": "Namchi",
        "source": "NESAC/NERDRR"
      },
      "geometry": {
        "type": "Point",
        "coordinates": [
          88.38263,
          27.09703
        ]
      }
    },
    {
      "type": "Feature",
      "properties": {
        "event_name": "Kawahagra Landslide",
        "date": "2026-07-09",
        "time": "",
        "state": "Meghalaya",
        "district": "South West Garo Hills",
        "source": "NESAC/NERDRR"
      },
      "geometry": {
        "type": "Point",
        "coordinates": [
          89.8976,
          25.31503
        ]
      }
    },
    {
      "type": "Feature",
      "properties": {
        "event_name": "Mawjngih Landslide",
        "date": "2026-07-08",
        "time": "",
        "state": "Meghalaya",
        "district": "East Khasi Hills",
        "source": "NESAC/NERDRR"
      },
      "geometry": {
        "type": "Point",
        "coordinates": [
          91.87442,
          25.382938
        ]
      }
    },
    {
      "type": "Feature",
      "properties": {
        "event_name": "Khonsa PO Landslide",
        "date": "2026-07-08",
        "time": "",
        "state": "Arunachal Pradesh",
        "district": "Tirap",
        "source": "NESAC/NERDRR"
      },
      "geometry": {
        "type": "Point",
        "coordinates": [
          95.49939,
          26.990768
        ]
      }
    },
    {
      "type": "Feature",
      "properties": {
        "event_name": "Tlabung Landslide",
        "date": "2026-07-08",
        "time": "",
        "state": "Mizoram",
        "district": "Lunglei",
        "source": "NESAC/NERDRR"
      },
      "geometry": {
        "type": "Point",
        "coordinates": [
          92.483635,
          22.904953
        ]
      }
    },
    {
      "type": "Feature",
      "properties": {
        "event_name": "Bualte Landslide",
        "date": "2026-07-08",
        "time": "",
        "state": "Mizoram",
        "district": "Lunglei",
        "source": "NESAC/NERDRR"
      },
      "geometry": {
        "type": "Point",
        "coordinates": [
          92.812355,
          22.806631
        ]
      }
    },
    {
      "type": "Feature",
      "properties": {
        "event_name": "Laitkynsew Landslide",
        "date": "2026-07-08",
        "time": "",
        "state": "Meghalaya",
        "district": "East Khasi Hills",
        "source": "NESAC/NERDRR"
      },
      "geometry": {
        "type": "Point",
        "coordinates": [
          91.86803,
          25.413996
        ]
      }
    },
    {
      "type": "Feature",
      "properties": {
        "event_name": "Shivaji Nagar Landslide",
        "date": "2026-07-07",
        "time": "12:45:00",
        "state": "Arunachal Pradesh",
        "district": "Lohit",
        "source": "NESAC/NERDRR"
      },
      "geometry": {
        "type": "Point",
        "coordinates": [
          96.22319,
          28.00709
        ]
      }
    },
    {
      "type": "Feature",
      "properties": {
        "event_name": "Kynrem Landslide",
        "date": "2026-06-30",
        "time": "",
        "state": "Meghalaya",
        "district": "East Khasi Hills",
        "source": "NESAC/NERDRR"
      },
      "geometry": {
        "type": "Point",
        "coordinates": [
          91.71679,
          25.223415
        ]
      }
    },
    {
      "type": "Feature",
      "properties": {
        "event_name": "Phangtip Landslide",
        "date": "2026-06-29",
        "time": "",
        "state": "Arunachal Pradesh",
        "district": "Changlang",
        "source": "NESAC/NERDRR"
      },
      "geometry": {
        "type": "Point",
        "coordinates": [
          95.708626,
          27.131126
        ]
      }
    },
    {
      "type": "Feature",
      "properties": {
        "event_name": "Siji River Landslide",
        "date": "2026-06-28",
        "time": "",
        "state": "Arunachal Pradesh",
        "district": "Lower Siang",
        "source": "NESAC/NERDRR"
      },
      "geometry": {
        "type": "Point",
        "coordinates": [
          94.69229,
          27.7152
        ]
      }
    },
    {
      "type": "Feature",
      "properties": {
        "event_name": "Sagalee Landslide",
        "date": "2026-06-27",
        "time": "",
        "state": "Arunachal Pradesh",
        "district": "Papum Pare",
        "source": "NESAC/NERDRR"
      },
      "geometry": {
        "type": "Point",
        "coordinates": [
          93.72183,
          27.225693
        ]
      }
    },
    {
      "type": "Feature",
      "properties": {
        "event_name": "Liroyim Landlside",
        "date": "2026-06-26",
        "time": "06:00:00",
        "state": "Nagaland",
        "district": "Mokokchung",
        "source": "NESAC/NERDRR"
      },
      "geometry": {
        "type": "Point",
        "coordinates": [
          94.681335,
          26.577194
        ]
      }
    },
    {
      "type": "Feature",
      "properties": {
        "event_name": "Mokokchung Landslide",
        "date": "2026-06-26",
        "time": "",
        "state": "Nagaland",
        "district": "Mokokchung",
        "source": "NESAC/NERDRR"
      },
      "geometry": {
        "type": "Point",
        "coordinates": [
          94.52825,
          26.25745
        ]
      }
    },
    {
      "type": "Feature",
      "properties": {
        "event_name": "Keyi Panyor Landslide",
        "date": "2026-06-26",
        "time": "",
        "state": "Arunachal Pradesh",
        "district": "Keyi Panyor",
        "source": "NESAC/NERDRR"
      },
      "geometry": {
        "type": "Point",
        "coordinates": [
          93.81451,
          27.313925
        ]
      }
    },
    {
      "type": "Feature",
      "properties": {
        "event_name": "Joyepur Landslide",
        "date": "2026-06-24",
        "time": "",
        "state": "Assam",
        "district": "Dibrugarh",
        "source": "NESAC/NERDRR"
      },
      "geometry": {
        "type": "Point",
        "coordinates": [
          95.44908,
          27.198792
        ]
      }
    },
    {
      "type": "Feature",
      "properties": {
        "event_name": "Shantikhunou Landlside",
        "date": "2026-06-24",
        "time": "",
        "state": "Manipur",
        "district": "Tamenglong",
        "source": "NESAC/NERDRR"
      },
      "geometry": {
        "type": "Point",
        "coordinates": [
          93.28946,
          24.75747
        ]
      }
    },
    {
      "type": "Feature",
      "properties": {
        "event_name": "Rangpo Landslide",
        "date": "2026-06-23",
        "time": "0.40625",
        "state": "Sikkim",
        "district": "Pakyong",
        "source": "NESAC/NERDRR"
      },
      "geometry": {
        "type": "Point",
        "coordinates": [
          88.58565,
          27.191095
        ]
      }
    },
    {
      "type": "Feature",
      "properties": {
        "event_name": "Gyalshing Landlside",
        "date": "2026-06-23",
        "time": "9:00 PM",
        "state": "Sikkim",
        "district": "Gyalshing",
        "source": "NESAC/NERDRR"
      },
      "geometry": {
        "type": "Point",
        "coordinates": [
          88.26414,
          27.283312
        ]
      }
    },
    {
      "type": "Feature",
      "properties": {
        "event_name": "Hollongi Landslide",
        "date": "2026-06-22",
        "time": "",
        "state": "Arunachal Pradesh",
        "district": "Papum Pare",
        "source": "NESAC/NERDRR"
      },
      "geometry": {
        "type": "Point",
        "coordinates": [
          93.614914,
          26.99333
        ]
      }
    },
    {
      "type": "Feature",
      "properties": {
        "event_name": "Senapati Landslide",
        "date": "2026-06-22",
        "time": "",
        "state": "Manipur",
        "district": "Senapati",
        "source": "NESAC/NERDRR"
      },
      "geometry": {
        "type": "Point",
        "coordinates": [
          94.347664,
          25.48126
        ]
      }
    },
    {
      "type": "Feature",
      "properties": {
        "event_name": "Laitlyngkot Landslide",
        "date": "2026-06-21",
        "time": "",
        "state": "Meghalaya",
        "district": "East Khasi Hills",
        "source": "NESAC/NERDRR"
      },
      "geometry": {
        "type": "Point",
        "coordinates": [
          91.8629,
          25.42656
        ]
      }
    },
    {
      "type": "Feature",
      "properties": {
        "event_name": "Jatinga Landslide",
        "date": "2026-06-21",
        "time": "01:30:00",
        "state": "Assam",
        "district": "Dima Hasao",
        "source": "NESAC/NERDRR"
      },
      "geometry": {
        "type": "Point",
        "coordinates": [
          93.0351,
          25.128922
        ]
      }
    },
    {
      "type": "Feature",
      "properties": {
        "event_name": "Bardang Landslide",
        "date": "2026-06-18",
        "time": "Morning",
        "state": "Sikkim",
        "district": "Pakyong",
        "source": "NESAC/NERDRR"
      },
      "geometry": {
        "type": "Point",
        "coordinates": [
          88.49086,
          27.207848
        ]
      }
    },
    {
      "type": "Feature",
      "properties": {
        "event_name": "Tigdo Landslide",
        "date": "2026-06-17",
        "time": "",
        "state": "Arunachal Pradesh",
        "district": "Papum Pare",
        "source": "NESAC/NERDRR"
      },
      "geometry": {
        "type": "Point",
        "coordinates": [
          93.73556,
          27.158056
        ]
      }
    },
    {
      "type": "Feature",
      "properties": {
        "event_name": "Awangkhul Landslide",
        "date": "2026-06-17",
        "time": "",
        "state": "Manipur",
        "district": "Noney",
        "source": "NESAC/NERDRR"
      },
      "geometry": {
        "type": "Point",
        "coordinates": [
          93.556435,
          24.819374
        ]
      }
    },
    {
      "type": "Feature",
      "properties": {
        "event_name": "Phek Landslide",
        "date": "2026-06-16",
        "time": "",
        "state": "Nagaland",
        "district": "Phek",
        "source": "NESAC/NERDRR"
      },
      "geometry": {
        "type": "Point",
        "coordinates": [
          94.387184,
          25.680637
        ]
      }
    },
    {
      "type": "Feature",
      "properties": {
        "event_name": "Teliamura Landlside",
        "date": "2026-06-13",
        "time": "Morning",
        "state": "Tripura",
        "district": "Khowai",
        "source": "NESAC/NERDRR"
      },
      "geometry": {
        "type": "Point",
        "coordinates": [
          91.671616,
          23.830944
        ]
      }
    },
    {
      "type": "Feature",
      "properties": {
        "event_name": "Bhaley Dhunga Landslide",
        "date": "2026-06-10",
        "time": "01:00:00",
        "state": "Sikkim",
        "district": "South Sikkim",
        "source": "NESAC/NERDRR"
      },
      "geometry": {
        "type": "Point",
        "coordinates": [
          88.40355,
          27.336323
        ]
      }
    },
    {
      "type": "Feature",
      "properties": {
        "event_name": "Lewmawiong Landslide",
        "date": "2026-06-10",
        "time": "11:00:00",
        "state": "Meghalaya",
        "district": "East Khasi Hills",
        "source": "NESAC/NERDRR"
      },
      "geometry": {
        "type": "Point",
        "coordinates": [
          91.86808,
          25.41831
        ]
      }
    },
    {
      "type": "Feature",
      "properties": {
        "event_name": "Migging Landslide",
        "date": "2026-06-10",
        "time": "07:30:00",
        "state": "Arunachal Pradesh",
        "district": "Upper Siang",
        "source": "NESAC/NERDRR"
      },
      "geometry": {
        "type": "Point",
        "coordinates": [
          94.78853,
          28.858644
        ]
      }
    },
    {
      "type": "Feature",
      "properties": {
        "event_name": "Siji Landslide",
        "date": "2026-06-03",
        "time": "Morning",
        "state": "Arunachal Pradesh",
        "district": "Lower Siang",
        "source": "NESAC/NERDRR"
      },
      "geometry": {
        "type": "Point",
        "coordinates": [
          94.70404,
          27.720451
        ]
      }
    },
    {
      "type": "Feature",
      "properties": {
        "event_name": "Potin Ziro Landslide",
        "date": "2026-05-27",
        "time": "Morning",
        "state": "Arunachal Pradesh",
        "district": "Lower Subansiri",
        "source": "NESAC/NERDRR"
      },
      "geometry": {
        "type": "Point",
        "coordinates": [
          93.77111,
          27.489504
        ]
      }
    },
    {
      "type": "Feature",
      "properties": {
        "event_name": "Kebang Landslide",
        "date": "2026-05-24",
        "time": "",
        "state": "Arunachal Pradesh",
        "district": "Siang",
        "source": "NESAC/NERDRR"
      },
      "geometry": {
        "type": "Point",
        "coordinates": [
          95.04644,
          28.161425
        ]
      }
    },
    {
      "type": "Feature",
      "properties": {
        "event_name": "Durbin Tilla Landslide",
        "date": "2026-05-23",
        "time": "Morning",
        "state": "Assam",
        "district": "Cachar",
        "source": "NESAC/NERDRR"
      },
      "geometry": {
        "type": "Point",
        "coordinates": [
          92.7768,
          25.031347
        ]
      }
    },
    {
      "type": "Feature",
      "properties": {
        "event_name": "Tuting  Landslide",
        "date": "2026-05-20",
        "time": "Morning",
        "state": "Arunachal Pradesh",
        "district": "Upper Siang",
        "source": "NESAC/NERDRR"
      },
      "geometry": {
        "type": "Point",
        "coordinates": [
          94.84526,
          28.959496
        ]
      }
    },
    {
      "type": "Feature",
      "properties": {
        "event_name": "Lathirghat Landlside",
        "date": "2026-05-19",
        "time": "Morning",
        "state": "Assam",
        "district": "Sribhumi",
        "source": "NESAC/NERDRR"
      },
      "geometry": {
        "type": "Point",
        "coordinates": [
          92.30995,
          24.780638
        ]
      }
    },
    {
      "type": "Feature",
      "properties": {
        "event_name": "Bojoghari Landslide 2",
        "date": "2026-05-18",
        "time": "Afternoon",
        "state": "Sikkim",
        "district": "Gangtok",
        "source": "NESAC/NERDRR"
      },
      "geometry": {
        "type": "Point",
        "coordinates": [
          88.62224,
          27.35874
        ]
      }
    },
    {
      "type": "Feature",
      "properties": {
        "event_name": "Bojoghari Landslide",
        "date": "2026-05-18",
        "time": "Morning",
        "state": "Sikkim",
        "district": "Gangtok",
        "source": "NESAC/NERDRR"
      },
      "geometry": {
        "type": "Point",
        "coordinates": [
          88.61887,
          27.366383
        ]
      }
    },
    {
      "type": "Feature",
      "properties": {
        "event_name": "Gangtok Landslide",
        "date": "2026-05-16",
        "time": "Morning",
        "state": "Sikkim",
        "district": "Gangtok",
        "source": "NESAC/NERDRR"
      },
      "geometry": {
        "type": "Point",
        "coordinates": [
          88.61056,
          27.3331
        ]
      }
    },
    {
      "type": "Feature",
      "properties": {
        "event_name": "Panchgram Landslide",
        "date": "2026-05-15",
        "time": "",
        "state": "Assam",
        "district": "Cachar",
        "source": "NESAC/NERDRR"
      },
      "geometry": {
        "type": "Point",
        "coordinates": [
          92.59853,
          24.866035
        ]
      }
    },
    {
      "type": "Feature",
      "properties": {
        "event_name": "Yakla Landslide",
        "date": "2026-05-15",
        "time": "",
        "state": "Sikkim",
        "district": "East Sikkim",
        "source": "NESAC/NERDRR"
      },
      "geometry": {
        "type": "Point",
        "coordinates": [
          88.80901,
          27.381735
        ]
      }
    },
    {
      "type": "Feature",
      "properties": {
        "event_name": "Khonsa Landslide",
        "date": "2026-05-02",
        "time": "",
        "state": "Arunachal Pradesh",
        "district": "Tirap",
        "source": "NESAC/NERDRR"
      },
      "geometry": {
        "type": "Point",
        "coordinates": [
          95.508896,
          26.993143
        ]
      }
    },
    {
      "type": "Feature",
      "properties": {
        "event_name": "Kanchanpur Landslide",
        "date": "2026-04-30",
        "time": "Morning",
        "state": "Tripura",
        "district": "North Tripura",
        "source": "NESAC/NERDRR"
      },
      "geometry": {
        "type": "Point",
        "coordinates": [
          92.27181,
          24.038374
        ]
      }
    },
    {
      "type": "Feature",
      "properties": {
        "event_name": "Pomlum Landslide",
        "date": "2026-04-29",
        "time": "Morning",
        "state": "Meghalay",
        "district": "East Khasi Hills",
        "source": "NESAC/NERDRR"
      },
      "geometry": {
        "type": "Point",
        "coordinates": [
          91.86732,
          25.420444
        ]
      }
    },
    {
      "type": "Feature",
      "properties": {
        "event_name": "Tlaksih Landslide",
        "date": "2026-04-28",
        "time": "Morning",
        "state": "Tripura",
        "district": "North Tripura",
        "source": "NESAC/NERDRR"
      },
      "geometry": {
        "type": "Point",
        "coordinates": [
          92.27917,
          24.032501
        ]
      }
    },
    {
      "type": "Feature",
      "properties": {
        "event_name": "Dolaichunga Landslide",
        "date": "2026-04-22",
        "time": "",
        "state": "Assam",
        "district": "Dima Hasao",
        "source": "NESAC/NERDRR"
      },
      "geometry": {
        "type": "Point",
        "coordinates": [
          92.86589,
          25.105494
        ]
      }
    },
    {
      "type": "Feature",
      "properties": {
        "event_name": "Mawlieh Landslide",
        "date": "2026-04-20",
        "time": "",
        "state": "Meghalaya",
        "district": "West Khasi Hills",
        "source": "NESAC/NERDRR"
      },
      "geometry": {
        "type": "Point",
        "coordinates": [
          91.88146,
          25.360802
        ]
      }
    },
    {
      "type": "Feature",
      "properties": {
        "event_name": "Pandu Kamakhya Landslide",
        "date": "2026-04-20",
        "time": "",
        "state": "Assam",
        "district": "Kamrup Metro",
        "source": "NESAC/NERDRR"
      },
      "geometry": {
        "type": "Point",
        "coordinates": [
          91.70115,
          26.166023
        ]
      }
    },
    {
      "type": "Feature",
      "properties": {
        "event_name": "Sanis Landslide",
        "date": "2026-04-19",
        "time": "",
        "state": "Nagaland",
        "district": "Wokha",
        "source": "NESAC/NERDRR"
      },
      "geometry": {
        "type": "Point",
        "coordinates": [
          94.21792,
          26.220922
        ]
      }
    },
    {
      "type": "Feature",
      "properties": {
        "event_name": "Tarum Chu Landslide",
        "date": "2026-04-05",
        "time": "",
        "state": "Sikkim",
        "district": "Mangan",
        "source": "NESAC/NERDRR"
      },
      "geometry": {
        "type": "Point",
        "coordinates": [
          88.58808,
          27.688547
        ]
      }
    },
    {
      "type": "Feature",
      "properties": {
        "event_name": "Niti Vihar Landslide",
        "date": "2026-03-17",
        "time": "Evening",
        "state": "Arunachal Pradesh",
        "district": "Papum Pare",
        "source": "NESAC/NERDRR"
      },
      "geometry": {
        "type": "Point",
        "coordinates": [
          93.61655,
          27.099306
        ]
      }
    },
    {
      "type": "Feature",
      "properties": {
        "event_name": "Baliphoo Landslide",
        "date": "2026-03-13",
        "time": "",
        "state": "Arunachal Pradesh",
        "district": "West Kameng",
        "source": "NESAC/NERDRR"
      },
      "geometry": {
        "type": "Point",
        "coordinates": [
          92.80223,
          27.295448
        ]
      }
    },
    {
      "type": "Feature",
      "properties": {
        "event_name": "Palizi Landslide",
        "date": "2026-03-13",
        "time": "",
        "state": "Arunachal Pradesh",
        "district": "West Kameng",
        "source": "NESAC/NERDRR"
      },
      "geometry": {
        "type": "Point",
        "coordinates": [
          92.7768,
          27.300966
        ]
      }
    },
    {
      "type": "Feature",
      "properties": {
        "event_name": "Lakhipur Landslide",
        "date": "2025-10-12",
        "time": "None",
        "state": "Assam",
        "district": "Cachar",
        "source": "NESAC/NERDRR"
      },
      "geometry": {
        "type": "Point",
        "coordinates": [
          93.04549,
          24.795984
        ]
      }
    },
    {
      "type": "Feature",
      "properties": {
        "event_name": "Lapnan Landslide",
        "date": "2025-10-01",
        "time": "11:30 AM",
        "state": "Arunachal Pradesh",
        "district": "Tirap",
        "source": "NESAC/NERDRR"
      },
      "geometry": {
        "type": "Point",
        "coordinates": [
          95.486694,
          26.994652
        ]
      }
    },
    {
      "type": "Feature",
      "properties": {
        "event_name": "Umbang Landslide",
        "date": "2025-09-20",
        "time": "None",
        "state": "Meghalaya",
        "district": "Ri Bhoi",
        "source": "NESAC/NERDRR"
      },
      "geometry": {
        "type": "Point",
        "coordinates": [
          91.90302,
          25.686012
        ]
      }
    },
    {
      "type": "Feature",
      "properties": {
        "event_name": "Dokio Langpo Landslide",
        "date": "2025-09-19",
        "time": "Night",
        "state": "Arunachal Pradesh",
        "district": "Kra Daadi",
        "source": "NESAC/NERDRR"
      },
      "geometry": {
        "type": "Point",
        "coordinates": [
          93.63679,
          27.728561
        ]
      }
    },
    {
      "type": "Feature",
      "properties": {
        "event_name": "Maram Landslide",
        "date": "2025-09-17",
        "time": "None",
        "state": "Manipur",
        "district": "Senapati",
        "source": "NESAC/NERDRR"
      },
      "geometry": {
        "type": "Point",
        "coordinates": [
          94.0741,
          25.421019
        ]
      }
    },
    {
      "type": "Feature",
      "properties": {
        "event_name": "Ukhrul NH 102A Landslide",
        "date": "2025-09-17",
        "time": "None",
        "state": "Manipur",
        "district": "Ukhrul",
        "source": "NESAC/NERDRR"
      },
      "geometry": {
        "type": "Point",
        "coordinates": [
          94.350876,
          25.111568
        ]
      }
    },
    {
      "type": "Feature",
      "properties": {
        "event_name": "Ruzazhu Landslide",
        "date": "2025-09-17",
        "time": "None",
        "state": "Nagaland",
        "district": "Phek",
        "source": "NESAC/NERDRR"
      },
      "geometry": {
        "type": "Point",
        "coordinates": [
          94.38068,
          25.756657
        ]
      }
    },
    {
      "type": "Feature",
      "properties": {
        "event_name": "Tseminyu Landslide",
        "date": "2025-09-17",
        "time": "None",
        "state": "Nagaland",
        "district": "Kohima",
        "source": "NESAC/NERDRR"
      },
      "geometry": {
        "type": "Point",
        "coordinates": [
          94.21497,
          25.924599
        ]
      }
    },
    {
      "type": "Feature",
      "properties": {
        "event_name": "Louphong Landslide",
        "date": "2025-09-15",
        "time": "5:00 AM",
        "state": "Manipur",
        "district": "Kamjong",
        "source": "NESAC/NERDRR"
      },
      "geometry": {
        "type": "Point",
        "coordinates": [
          94.14948,
          24.827354
        ]
      }
    },
    {
      "type": "Feature",
      "properties": {
        "event_name": "Penli Landslide",
        "date": "2025-09-15",
        "time": "None",
        "state": "Nagaland",
        "district": "Mokokchung",
        "source": "NESAC/NERDRR"
      },
      "geometry": {
        "type": "Point",
        "coordinates": [
          94.52008,
          26.322418
        ]
      }
    },
    {
      "type": "Feature",
      "properties": {
        "event_name": "Khongnem Landslide",
        "date": "2025-09-15",
        "time": "None",
        "state": "Manipur",
        "district": "Senapati",
        "source": "NESAC/NERDRR"
      },
      "geometry": {
        "type": "Point",
        "coordinates": [
          94.06428,
          25.353252
        ]
      }
    },
    {
      "type": "Feature",
      "properties": {
        "event_name": "Henivi Landslide 2",
        "date": "2025-09-14",
        "time": "None",
        "state": "Nagaland",
        "district": "Dimapur",
        "source": "NESAC/NERDRR"
      },
      "geometry": {
        "type": "Point",
        "coordinates": [
          93.80878,
          25.799683
        ]
      }
    },
    {
      "type": "Feature",
      "properties": {
        "event_name": "Sangkalang Landslide",
        "date": "2025-09-14",
        "time": "Morning",
        "state": "Sikkim",
        "district": "Mangan",
        "source": "NESAC/NERDRR"
      },
      "geometry": {
        "type": "Point",
        "coordinates": [
          88.526886,
          27.50854
        ]
      }
    },
    {
      "type": "Feature",
      "properties": {
        "event_name": "Aongza Landslide",
        "date": "2025-09-14",
        "time": "8:00 PM",
        "state": "Nagaland",
        "district": "Mokokchung",
        "source": "NESAC/NERDRR"
      },
      "geometry": {
        "type": "Point",
        "coordinates": [
          94.51105,
          26.326025
        ]
      }
    },
    {
      "type": "Feature",
      "properties": {
        "event_name": "Rupnagar Landslide 2",
        "date": "2025-09-14",
        "time": "11:30 AM",
        "state": "Assam",
        "district": "Kamrup Metro",
        "source": "NESAC/NERDRR"
      },
      "geometry": {
        "type": "Point",
        "coordinates": [
          91.75622,
          26.157864
        ]
      }
    },
    {
      "type": "Feature",
      "properties": {
        "event_name": "Henivi Landslide",
        "date": "2025-09-14",
        "time": "None",
        "state": "Nagaland",
        "district": "Dimapur",
        "source": "NESAC/NERDRR"
      },
      "geometry": {
        "type": "Point",
        "coordinates": [
          93.81018,
          25.799875
        ]
      }
    },
    {
      "type": "Feature",
      "properties": {
        "event_name": "Chumoukedima Landslide",
        "date": "2025-09-14",
        "time": "None",
        "state": "Nagaland",
        "district": "Dimapur",
        "source": "NESAC/NERDRR"
      },
      "geometry": {
        "type": "Point",
        "coordinates": [
          93.79787,
          25.79816
        ]
      }
    },
    {
      "type": "Feature",
      "properties": {
        "event_name": "Pagala Pahar Landslide",
        "date": "2025-09-14",
        "time": "None",
        "state": "Nagaland",
        "district": "Dimapur",
        "source": "NESAC/NERDRR"
      },
      "geometry": {
        "type": "Point",
        "coordinates": [
          93.78249,
          25.745548
        ]
      }
    },
    {
      "type": "Feature",
      "properties": {
        "event_name": "Lumding Landslide",
        "date": "2025-09-14",
        "time": "None",
        "state": "Assam",
        "district": "Nagaon",
        "source": "NESAC/NERDRR"
      },
      "geometry": {
        "type": "Point",
        "coordinates": [
          93.09166,
          25.8273
        ]
      }
    },
    {
      "type": "Feature",
      "properties": {
        "event_name": "Awangkhu Landslide",
        "date": "2025-09-14",
        "time": "None",
        "state": "Manipur",
        "district": "Noney",
        "source": "NESAC/NERDRR"
      },
      "geometry": {
        "type": "Point",
        "coordinates": [
          93.56125,
          24.825945
        ]
      }
    },
    {
      "type": "Feature",
      "properties": {
        "event_name": "Sardong Landslide",
        "date": "2025-09-14",
        "time": "None",
        "state": "Sikkim",
        "district": "Gyalshing",
        "source": "NESAC/NERDRR"
      },
      "geometry": {
        "type": "Point",
        "coordinates": [
          88.19555,
          27.284554
        ]
      }
    },
    {
      "type": "Feature",
      "properties": {
        "event_name": "Mogam Landslide",
        "date": "2025-09-14",
        "time": "None",
        "state": "Assam",
        "district": "Sribhumi",
        "source": "NESAC/NERDRR"
      },
      "geometry": {
        "type": "Point",
        "coordinates": [
          92.55412,
          24.842453
        ]
      }
    },
    {
      "type": "Feature",
      "properties": {
        "event_name": "Ladsharai Landslide",
        "date": "2025-09-13",
        "time": "None",
        "state": "Meghalaya",
        "district": "Ri Bhoi",
        "source": "NESAC/NERDRR"
      },
      "geometry": {
        "type": "Point",
        "coordinates": [
          91.89371,
          25.711882
        ]
      }
    },
    {
      "type": "Feature",
      "properties": {
        "event_name": "Seithekema Landslide 2",
        "date": "2025-09-13",
        "time": "None",
        "state": "Nagaland",
        "district": "Dimapur",
        "source": "NESAC/NERDRR"
      },
      "geometry": {
        "type": "Point",
        "coordinates": [
          93.800804,
          25.784058
        ]
      }
    },
    {
      "type": "Feature",
      "properties": {
        "event_name": "Zhekiye Landslide",
        "date": "2025-09-13",
        "time": "None",
        "state": "Nagaland",
        "district": "Zunheboto",
        "source": "NESAC/NERDRR"
      },
      "geometry": {
        "type": "Point",
        "coordinates": [
          94.46042,
          25.926365
        ]
      }
    },
    {
      "type": "Feature",
      "properties": {
        "event_name": "Seithekema Landslide 3",
        "date": "2025-09-13",
        "time": "None",
        "state": "Nagaland",
        "district": "Dimapur",
        "source": "NESAC/NERDRR"
      },
      "geometry": {
        "type": "Point",
        "coordinates": [
          93.80028,
          25.78005
        ]
      }
    },
    {
      "type": "Feature",
      "properties": {
        "event_name": "Shantipur Landslide",
        "date": "2025-09-12",
        "time": "Midnight",
        "state": "Tripura",
        "district": "Unakoti",
        "source": "NESAC/NERDRR"
      },
      "geometry": {
        "type": "Point",
        "coordinates": [
          92.0438,
          24.227474
        ]
      }
    },
    {
      "type": "Feature",
      "properties": {
        "event_name": "Chumoukedima Landslide 4",
        "date": "2025-09-12",
        "time": "None",
        "state": "Nagaland",
        "district": "Dimapur",
        "source": "NESAC/NERDRR"
      },
      "geometry": {
        "type": "Point",
        "coordinates": [
          93.80239,
          25.796762
        ]
      }
    },
    {
      "type": "Feature",
      "properties": {
        "event_name": "Chumoukedima Landslide 3",
        "date": "2025-09-12",
        "time": "None",
        "state": "Nagaland",
        "district": "Dimapur",
        "source": "NESAC/NERDRR"
      },
      "geometry": {
        "type": "Point",
        "coordinates": [
          93.80325,
          25.796894
        ]
      }
    },
    {
      "type": "Feature",
      "properties": {
        "event_name": "Chumoukedima Landslide 2",
        "date": "2025-09-12",
        "time": "None",
        "state": "Nagaland",
        "district": "Dimapur",
        "source": "NESAC/NERDRR"
      },
      "geometry": {
        "type": "Point",
        "coordinates": [
          93.80417,
          25.79688
        ]
      }
    },
    {
      "type": "Feature",
      "properties": {
        "event_name": "Seithekema Landslide",
        "date": "2025-09-12",
        "time": "None",
        "state": "Nagaland",
        "district": "Dimapur",
        "source": "NESAC/NERDRR"
      },
      "geometry": {
        "type": "Point",
        "coordinates": [
          93.8025,
          25.785057
        ]
      }
    },
    {
      "type": "Feature",
      "properties": {
        "event_name": "Upper Rimbi Landslide",
        "date": "2025-09-12",
        "time": "Midnight",
        "state": "Sikkim",
        "district": "Gyalshing",
        "source": "NESAC/NERDRR"
      },
      "geometry": {
        "type": "Point",
        "coordinates": [
          88.17378,
          27.308107
        ]
      }
    },
    {
      "type": "Feature",
      "properties": {
        "event_name": "Koliadisa Landslide",
        "date": "2025-09-11",
        "time": "None",
        "state": "Assam",
        "district": "Dima Hasao",
        "source": "NESAC/NERDRR"
      },
      "geometry": {
        "type": "Point",
        "coordinates": [
          93.19382,
          25.379732
        ]
      }
    },
    {
      "type": "Feature",
      "properties": {
        "event_name": "Thingfal Landslide",
        "date": "2025-09-11",
        "time": "12:20 PM",
        "state": "Mizoram",
        "district": "Lunglei",
        "source": "NESAC/NERDRR"
      },
      "geometry": {
        "type": "Point",
        "coordinates": [
          92.873634,
          22.612204
        ]
      }
    },
    {
      "type": "Feature",
      "properties": {
        "event_name": "L15",
        "date": "2025-09-09",
        "time": "Wee Hours",
        "state": "Meghalaya",
        "district": "Ri Bhoi",
        "source": "NESAC/NERDRR"
      },
      "geometry": {
        "type": "Point",
        "coordinates": [
          91.9018,
          25.66332
        ]
      }
    },
    {
      "type": "Feature",
      "properties": {
        "event_name": "L16",
        "date": "2025-09-09",
        "time": "Wee Hours",
        "state": "Meghalaya",
        "district": "Ri Bhoi",
        "source": "NESAC/NERDRR"
      },
      "geometry": {
        "type": "Point",
        "coordinates": [
          91.89938,
          25.665146
        ]
      }
    },
    {
      "type": "Feature",
      "properties": {
        "event_name": "L14",
        "date": "2025-09-09",
        "time": "Wee Hours",
        "state": "Meghalaya",
        "district": "Ri Bhoi",
        "source": "NESAC/NERDRR"
      },
      "geometry": {
        "type": "Point",
        "coordinates": [
          91.90094,
          25.66164
        ]
      }
    },
    {
      "type": "Feature",
      "properties": {
        "event_name": "L13",
        "date": "2025-09-09",
        "time": "Wee Hours",
        "state": "Meghalaya",
        "district": "East Khasi Hills",
        "source": "NESAC/NERDRR"
      },
      "geometry": {
        "type": "Point",
        "coordinates": [
          91.899704,
          25.6584
        ]
      }
    },
    {
      "type": "Feature",
      "properties": {
        "event_name": "L12",
        "date": "2025-09-09",
        "time": "Wee Hours",
        "state": "Meghalaya",
        "district": "East Khasi Hills",
        "source": "NESAC/NERDRR"
      },
      "geometry": {
        "type": "Point",
        "coordinates": [
          91.89824,
          25.6535
        ]
      }
    },
    {
      "type": "Feature",
      "properties": {
        "event_name": "L11",
        "date": "2025-09-09",
        "time": "Wee Hours",
        "state": "Meghalaya",
        "district": "East Khasi Hills",
        "source": "NESAC/NERDRR"
      },
      "geometry": {
        "type": "Point",
        "coordinates": [
          91.898186,
          25.65343
        ]
      }
    },
    {
      "type": "Feature",
      "properties": {
        "event_name": "L10",
        "date": "2025-09-09",
        "time": "Wee Hours",
        "state": "Meghalaya",
        "district": "East Khasi Hills",
        "source": "NESAC/NERDRR"
      },
      "geometry": {
        "type": "Point",
        "coordinates": [
          91.89805,
          25.653233
        ]
      }
    },
    {
      "type": "Feature",
      "properties": {
        "event_name": "L9",
        "date": "2025-09-09",
        "time": "Wee Hours",
        "state": "Meghalaya",
        "district": "East Khasi Hills",
        "source": "NESAC/NERDRR"
      },
      "geometry": {
        "type": "Point",
        "coordinates": [
          91.89763,
          25.648872
        ]
      }
    },
    {
      "type": "Feature",
      "properties": {
        "event_name": "L8",
        "date": "2025-09-09",
        "time": "Wee Hours",
        "state": "Meghalaya",
        "district": "East Khasi Hills",
        "source": "NESAC/NERDRR"
      },
      "geometry": {
        "type": "Point",
        "coordinates": [
          91.891655,
          25.645674
        ]
      }
    },
    {
      "type": "Feature",
      "properties": {
        "event_name": "L7",
        "date": "2025-09-09",
        "time": "Wee Hours",
        "state": "Meghalaya",
        "district": "East Khasi Hills",
        "source": "NESAC/NERDRR"
      },
      "geometry": {
        "type": "Point",
        "coordinates": [
          91.89033,
          25.64107
        ]
      }
    },
    {
      "type": "Feature",
      "properties": {
        "event_name": "L6",
        "date": "2025-09-09",
        "time": "Wee Hours",
        "state": "Meghalaya",
        "district": "East Khasi Hills",
        "source": "NESAC/NERDRR"
      },
      "geometry": {
        "type": "Point",
        "coordinates": [
          91.891914,
          25.640907
        ]
      }
    },
    {
      "type": "Feature",
      "properties": {
        "event_name": "L5",
        "date": "2025-09-09",
        "time": "Wee Hours",
        "state": "Meghalaya",
        "district": "East Khasi Hills",
        "source": "NESAC/NERDRR"
      },
      "geometry": {
        "type": "Point",
        "coordinates": [
          91.89213,
          25.640707
        ]
      }
    },
    {
      "type": "Feature",
      "properties": {
        "event_name": "L4",
        "date": "2025-09-09",
        "time": "Wee Hours",
        "state": "Meghalaya",
        "district": "East Khasi Hills",
        "source": "NESAC/NERDRR"
      },
      "geometry": {
        "type": "Point",
        "coordinates": [
          91.89201,
          25.633936
        ]
      }
    },
    {
      "type": "Feature",
      "properties": {
        "event_name": "L3",
        "date": "2025-09-09",
        "time": "Wee Hours",
        "state": "Meghalaya",
        "district": "East Khasi Hills",
        "source": "NESAC/NERDRR"
      },
      "geometry": {
        "type": "Point",
        "coordinates": [
          91.89347,
          25.65051
        ]
      }
    },
    {
      "type": "Feature",
      "properties": {
        "event_name": "L2",
        "date": "2025-09-09",
        "time": "Wee Hours",
        "state": "Meghalaya",
        "district": "East Khasi Hills",
        "source": "NESAC/NERDRR"
      },
      "geometry": {
        "type": "Point",
        "coordinates": [
          91.896835,
          25.65201
        ]
      }
    },
    {
      "type": "Feature",
      "properties": {
        "event_name": "L1",
        "date": "2025-09-09",
        "time": "Wee Hours",
        "state": "Meghalaya",
        "district": "East Khasi Hills",
        "source": "NESAC/NERDRR"
      },
      "geometry": {
        "type": "Point",
        "coordinates": [
          91.897865,
          25.648865
        ]
      }
    },
    {
      "type": "Feature",
      "properties": {
        "event_name": "Thangsing Landslide",
        "date": "2025-09-08",
        "time": "Midnight",
        "state": "Sikkim",
        "district": "Gyalshing",
        "source": "NESAC/NERDRR"
      },
      "geometry": {
        "type": "Point",
        "coordinates": [
          88.466034,
          27.215363
        ]
      }
    },
    {
      "type": "Feature",
      "properties": {
        "event_name": "Bardang Landslide2",
        "date": "2025-09-08",
        "time": "None",
        "state": "Sikkim",
        "district": "Gangtok",
        "source": "NESAC/NERDRR"
      },
      "geometry": {
        "type": "Point",
        "coordinates": [
          88.492,
          27.223793
        ]
      }
    },
    {
      "type": "Feature",
      "properties": {
        "event_name": "Jang Landslide",
        "date": "2025-09-03",
        "time": "None",
        "state": "Arunachal Pradesh",
        "district": "Tawang",
        "source": "NESAC/NERDRR"
      },
      "geometry": {
        "type": "Point",
        "coordinates": [
          91.976875,
          27.580078
        ]
      }
    },
    {
      "type": "Feature",
      "properties": {
        "event_name": "Khongsang Landslide",
        "date": "2025-09-03",
        "time": "Morning",
        "state": "Manipur",
        "district": "Tamenglong",
        "source": "NESAC/NERDRR"
      },
      "geometry": {
        "type": "Point",
        "coordinates": [
          93.48322,
          24.838123
        ]
      }
    },
    {
      "type": "Feature",
      "properties": {
        "event_name": "Lingding Landslide",
        "date": "2025-09-02",
        "time": "None",
        "state": "Sikkim",
        "district": "Mangan",
        "source": "NESAC/NERDRR"
      },
      "geometry": {
        "type": "Point",
        "coordinates": [
          88.52811,
          27.505709
        ]
      }
    },
    {
      "type": "Feature",
      "properties": {
        "event_name": "Sonapur Landslide",
        "date": "2025-08-30",
        "time": "None",
        "state": "Meghalaya",
        "district": "East Jaintia Hills",
        "source": "NESAC/NERDRR"
      },
      "geometry": {
        "type": "Point",
        "coordinates": [
          92.36141,
          25.106752
        ]
      }
    },
    {
      "type": "Feature",
      "properties": {
        "event_name": "Padma Landslide",
        "date": "2025-08-25",
        "time": "None",
        "state": "Arunachal Pradesh",
        "district": "West Kameng",
        "source": "NESAC/NERDRR"
      },
      "geometry": {
        "type": "Point",
        "coordinates": [
          92.145584,
          27.401384
        ]
      }
    },
    {
      "type": "Feature",
      "properties": {
        "event_name": "Koinonia Landslide",
        "date": "2025-08-25",
        "time": "None",
        "state": "Nagaland",
        "district": "Kohima",
        "source": "NESAC/NERDRR"
      },
      "geometry": {
        "type": "Point",
        "coordinates": [
          94.07806,
          25.74907
        ]
      }
    },
    {
      "type": "Feature",
      "properties": {
        "event_name": "Kenchenshu Landslide",
        "date": "2025-08-24",
        "time": "None",
        "state": "Nagaland",
        "district": "Mon",
        "source": "NESAC/NERDRR"
      },
      "geometry": {
        "type": "Point",
        "coordinates": [
          94.99089,
          26.456066
        ]
      }
    },
    {
      "type": "Feature",
      "properties": {
        "event_name": "Tung Landslide",
        "date": "2025-08-19",
        "time": "3:30 PM",
        "state": "Sikkim",
        "district": "Mangan",
        "source": "NESAC/NERDRR"
      },
      "geometry": {
        "type": "Point",
        "coordinates": [
          88.64498,
          27.549248
        ]
      }
    },
    {
      "type": "Feature",
      "properties": {
        "event_name": "Daoban Landslide",
        "date": "2025-08-14",
        "time": "",
        "state": "Assam",
        "district": "Dima Hasao",
        "source": "NESAC/NERDRR"
      },
      "geometry": {
        "type": "Point",
        "coordinates": [
          93.15222,
          25.131935
        ]
      }
    },
    {
      "type": "Feature",
      "properties": {
        "event_name": "Phek Landslide",
        "date": "2025-08-09",
        "time": "",
        "state": "Nagaland",
        "district": "Phek",
        "source": "NESAC/NERDRR"
      },
      "geometry": {
        "type": "Point",
        "coordinates": [
          94.43797,
          25.654722
        ]
      }
    },
    {
      "type": "Feature",
      "properties": {
        "event_name": "Losami Landslide",
        "date": "2025-08-09",
        "time": "",
        "state": "Nagaland",
        "district": "Phek",
        "source": "NESAC/NERDRR"
      },
      "geometry": {
        "type": "Point",
        "coordinates": [
          94.427155,
          25.602415
        ]
      }
    },
    {
      "type": "Feature",
      "properties": {
        "event_name": "Yisemyong Landslide",
        "date": "2025-08-07",
        "time": "5:00 AM",
        "state": "Nagaland",
        "district": "Mokokchung",
        "source": "NESAC/NERDRR"
      },
      "geometry": {
        "type": "Point",
        "coordinates": [
          94.632614,
          26.38927
        ]
      }
    },
    {
      "type": "Feature",
      "properties": {
        "event_name": "Ratachhera East Landslide 1",
        "date": "2025-08-06",
        "time": "",
        "state": "Meghalaya",
        "district": "East Jaintia Hills",
        "source": "NESAC/NERDRR"
      },
      "geometry": {
        "type": "Point",
        "coordinates": [
          92.43359,
          25.04213
        ]
      }
    },
    {
      "type": "Feature",
      "properties": {
        "event_name": "Lazu Landslide",
        "date": "2025-08-05",
        "time": "",
        "state": "Arunachal Pradesh",
        "district": "Tirap",
        "source": "NESAC/NERDRR"
      },
      "geometry": {
        "type": "Point",
        "coordinates": [
          95.579865,
          26.887486
        ]
      }
    },
    {
      "type": "Feature",
      "properties": {
        "event_name": "Byndihati Landslide 2",
        "date": "2025-08-05",
        "time": "",
        "state": "Meghalaya",
        "district": "East Jaintia Hills",
        "source": "NESAC/NERDRR"
      },
      "geometry": {
        "type": "Point",
        "coordinates": [
          92.38366,
          25.300756
        ]
      }
    },
    {
      "type": "Feature",
      "properties": {
        "event_name": "Kantalo Landslide",
        "date": "2025-08-05",
        "time": "",
        "state": "Meghalaya",
        "district": "East Jaintia Hills",
        "source": "NESAC/NERDRR"
      },
      "geometry": {
        "type": "Point",
        "coordinates": [
          92.37798,
          25.269127
        ]
      }
    },
    {
      "type": "Feature",
      "properties": {
        "event_name": "Khonglan Landslide 4",
        "date": "2025-08-05",
        "time": "",
        "state": "Meghalaya",
        "district": "East Jaintia Hills",
        "source": "NESAC/NERDRR"
      },
      "geometry": {
        "type": "Point",
        "coordinates": [
          92.40951,
          25.04802
        ]
      }
    },
    {
      "type": "Feature",
      "properties": {
        "event_name": "Khonglan Landslide 3",
        "date": "2025-08-05",
        "time": "",
        "state": "Meghalaya",
        "district": "East Jaintia Hills",
        "source": "NESAC/NERDRR"
      },
      "geometry": {
        "type": "Point",
        "coordinates": [
          92.40951,
          25.04802
        ]
      }
    },
    {
      "type": "Feature",
      "properties": {
        "event_name": "Khonglan Landslide 2",
        "date": "2025-08-05",
        "time": "",
        "state": "Meghalaya",
        "district": "East Jaintia Hills",
        "source": "NESAC/NERDRR"
      },
      "geometry": {
        "type": "Point",
        "coordinates": [
          92.40951,
          25.04802
        ]
      }
    },
    {
      "type": "Feature",
      "properties": {
        "event_name": "Mechuka Landslide",
        "date": "2025-08-04",
        "time": "",
        "state": "Arunachal Pradesh",
        "district": "Shi-Yomi",
        "source": "NESAC/NERDRR"
      },
      "geometry": {
        "type": "Point",
        "coordinates": [
          94.20784,
          28.556696
        ]
      }
    },
    {
      "type": "Feature",
      "properties": {
        "event_name": "Nongsning Landslide 5",
        "date": "2025-08-03",
        "time": "",
        "state": "Meghalaya",
        "district": "East Jaintia Hills",
        "source": "NESAC/NERDRR"
      },
      "geometry": {
        "type": "Point",
        "coordinates": [
          92.38137,
          25.264826
        ]
      }
    },
    {
      "type": "Feature",
      "properties": {
        "event_name": "Kuliang Landslide",
        "date": "2025-08-03",
        "time": "",
        "state": "Meghalaya",
        "district": "East Jaintia Hills",
        "source": "NESAC/NERDRR"
      },
      "geometry": {
        "type": "Point",
        "coordinates": [
          92.362465,
          25.080572
        ]
      }
    },
    {
      "type": "Feature",
      "properties": {
        "event_name": "Dona Umbluh Landslide",
        "date": "2025-08-03",
        "time": "",
        "state": "Meghalaya",
        "district": "East Jaintia Hills",
        "source": "NESAC/NERDRR"
      },
      "geometry": {
        "type": "Point",
        "coordinates": [
          92.42054,
          25.044453
        ]
      }
    },
    {
      "type": "Feature",
      "properties": {
        "event_name": "Sonapur Landslide 2",
        "date": "2025-08-03",
        "time": "",
        "state": "Meghalaya",
        "district": "East Jaintia Hills",
        "source": "NESAC/NERDRR"
      },
      "geometry": {
        "type": "Point",
        "coordinates": [
          92.35804,
          25.115704
        ]
      }
    },
    {
      "type": "Feature",
      "properties": {
        "event_name": "Ratachhera East Landslide 2",
        "date": "2025-08-03",
        "time": "",
        "state": "Meghalaya",
        "district": "East Jaintia Hills",
        "source": "NESAC/NERDRR"
      },
      "geometry": {
        "type": "Point",
        "coordinates": [
          92.433556,
          25.04191
        ]
      }
    },
    {
      "type": "Feature",
      "properties": {
        "event_name": "Dampui Landslide",
        "date": "2025-08-03",
        "time": "",
        "state": "Mizoram",
        "district": "Mamit",
        "source": "NESAC/NERDRR"
      },
      "geometry": {
        "type": "Point",
        "coordinates": [
          92.49402,
          23.822596
        ]
      }
    },
    {
      "type": "Feature",
      "properties": {
        "event_name": "Khonglan Landslide 5",
        "date": "2025-08-03",
        "time": "",
        "state": "Meghalaya",
        "district": "East Jaintia Hills",
        "source": "NESAC/NERDRR"
      },
      "geometry": {
        "type": "Point",
        "coordinates": [
          92.40951,
          25.04802
        ]
      }
    },
    {
      "type": "Feature",
      "properties": {
        "event_name": "Byndihati Landslide 1",
        "date": "2025-08-03",
        "time": "",
        "state": "Meghalaya",
        "district": "East Jaintia Hills",
        "source": "NESAC/NERDRR"
      },
      "geometry": {
        "type": "Point",
        "coordinates": [
          92.38861,
          25.296047
        ]
      }
    },
    {
      "type": "Feature",
      "properties": {
        "event_name": "Nongsning Landslide 4",
        "date": "2025-08-03",
        "time": "",
        "state": "Meghalaya",
        "district": "East Jaintia Hills",
        "source": "NESAC/NERDRR"
      },
      "geometry": {
        "type": "Point",
        "coordinates": [
          92.38411,
          25.263065
        ]
      }
    },
    {
      "type": "Feature",
      "properties": {
        "event_name": "Byndihati Landslide 5",
        "date": "2025-08-03",
        "time": "",
        "state": "Meghalaya",
        "district": "East Jaintia Hills",
        "source": "NESAC/NERDRR"
      },
      "geometry": {
        "type": "Point",
        "coordinates": [
          92.37851,
          25.302769
        ]
      }
    },
    {
      "type": "Feature",
      "properties": {
        "event_name": "Bualte Landslide",
        "date": "2025-08-02",
        "time": "",
        "state": "Mizoram",
        "district": "Lunglei",
        "source": "NESAC/NERDRR"
      },
      "geometry": {
        "type": "Point",
        "coordinates": [
          92.830246,
          22.789639
        ]
      }
    },
    {
      "type": "Feature",
      "properties": {
        "event_name": "Paljor Landslide",
        "date": "2025-07-30",
        "time": "",
        "state": "Sikkim",
        "district": "Gangtok",
        "source": "NESAC/NERDRR"
      },
      "geometry": {
        "type": "Point",
        "coordinates": [
          88.61024,
          27.336676
        ]
      }
    },
    {
      "type": "Feature",
      "properties": {
        "event_name": "Bardang Landslide",
        "date": "2025-07-29",
        "time": "",
        "state": "Sikkim",
        "district": "Gangtok",
        "source": "NESAC/NERDRR"
      },
      "geometry": {
        "type": "Point",
        "coordinates": [
          88.49307,
          27.22417
        ]
      }
    },
    {
      "type": "Feature",
      "properties": {
        "event_name": "Tintek Landslide",
        "date": "2025-07-29",
        "time": "",
        "state": "Sikkim",
        "district": "Gangtok",
        "source": "NESAC/NERDRR"
      },
      "geometry": {
        "type": "Point",
        "coordinates": [
          88.50508,
          27.383995
        ]
      }
    },
    {
      "type": "Feature",
      "properties": {
        "event_name": "Kokaley Landslide",
        "date": "2025-07-29",
        "time": "",
        "state": "Sikkim",
        "district": "Gangtok",
        "source": "NESAC/NERDRR"
      },
      "geometry": {
        "type": "Point",
        "coordinates": [
          88.49228,
          27.330765
        ]
      }
    },
    {
      "type": "Feature",
      "properties": {
        "event_name": "Phongla Landslide",
        "date": "2025-07-29",
        "time": "",
        "state": "Sikkim",
        "district": "Namchi",
        "source": "NESAC/NERDRR"
      },
      "geometry": {
        "type": "Point",
        "coordinates": [
          88.45204,
          27.174353
        ]
      }
    },
    {
      "type": "Feature",
      "properties": {
        "event_name": "Bhanu Turning Landslide",
        "date": "2025-07-29",
        "time": "",
        "state": "Sikkim",
        "district": "Pakyong",
        "source": "NESAC/NERDRR"
      },
      "geometry": {
        "type": "Point",
        "coordinates": [
          88.593735,
          27.239653
        ]
      }
    },
    {
      "type": "Feature",
      "properties": {
        "event_name": "Pani House Landslide",
        "date": "2025-07-29",
        "time": "",
        "state": "Sikkim",
        "district": "Gangtok",
        "source": "NESAC/NERDRR"
      },
      "geometry": {
        "type": "Point",
        "coordinates": [
          88.608696,
          27.321943
        ]
      }
    },
    {
      "type": "Feature",
      "properties": {
        "event_name": "Rimbi Landslide",
        "date": "2025-07-28",
        "time": "9:15 PM",
        "state": "Sikkim",
        "district": "Gyalshing",
        "source": "NESAC/NERDRR"
      },
      "geometry": {
        "type": "Point",
        "coordinates": [
          88.18995,
          27.313698
        ]
      }
    },
    {
      "type": "Feature",
      "properties": {
        "event_name": "Chungtia Landslide",
        "date": "2025-07-28",
        "time": "None",
        "state": "Nagaland",
        "district": "Mokokchung",
        "source": "NESAC/NERDRR"
      },
      "geometry": {
        "type": "Point",
        "coordinates": [
          94.44612,
          26.379227
        ]
      }
    },
    {
      "type": "Feature",
      "properties": {
        "event_name": "Lampi Landslide",
        "date": "2025-07-26",
        "time": "",
        "state": "Assam",
        "district": "Kamrup",
        "source": "NESAC/NERDRR"
      },
      "geometry": {
        "type": "Point",
        "coordinates": [
          91.20884,
          25.76166
        ]
      }
    },
    {
      "type": "Feature",
      "properties": {
        "event_name": "Nokpu Landslide",
        "date": "2025-07-25",
        "time": "",
        "state": "Nagaland",
        "district": "Mokokchung",
        "source": "NESAC/NERDRR"
      },
      "geometry": {
        "type": "Point",
        "coordinates": [
          94.4803,
          26.599842
        ]
      }
    },
    {
      "type": "Feature",
      "properties": {
        "event_name": "Dampui Landslide",
        "date": "2025-07-20",
        "time": "",
        "state": "Mizoram",
        "district": "Mamit",
        "source": "NESAC/NERDRR"
      },
      "geometry": {
        "type": "Point",
        "coordinates": [
          92.49366,
          23.82251
        ]
      }
    },
    {
      "type": "Feature",
      "properties": {
        "event_name": "Pukpui Landslide",
        "date": "2025-07-20",
        "time": "",
        "state": "Mizoram",
        "district": "Lunglei",
        "source": "NESAC/NERDRR"
      },
      "geometry": {
        "type": "Point",
        "coordinates": [
          92.75033,
          22.931023
        ]
      }
    },
    {
      "type": "Feature",
      "properties": {
        "event_name": "Sairang Landslide",
        "date": "2025-07-20",
        "time": "",
        "state": "Mizoram",
        "district": "Aizawl",
        "source": "NESAC/NERDRR"
      },
      "geometry": {
        "type": "Point",
        "coordinates": [
          92.65326,
          23.814243
        ]
      }
    },
    {
      "type": "Feature",
      "properties": {
        "event_name": "Phesama Landslide",
        "date": "2025-07-19",
        "time": "3:30 PM",
        "state": "Nagaland",
        "district": "Kohima",
        "source": "NESAC/NERDRR"
      },
      "geometry": {
        "type": "Point",
        "coordinates": [
          94.114685,
          25.621956
        ]
      }
    },
    {
      "type": "Feature",
      "properties": {
        "event_name": "Sonapur Landslide 4",
        "date": "2025-07-18",
        "time": "",
        "state": "Meghalaya",
        "district": "East Jaintia Hills",
        "source": "NESAC/NERDRR"
      },
      "geometry": {
        "type": "Point",
        "coordinates": [
          92.35706,
          25.118652
        ]
      }
    },
    {
      "type": "Feature",
      "properties": {
        "event_name": "Nongsning Landslide 1",
        "date": "2025-07-18",
        "time": "",
        "state": "Meghalaya",
        "district": "East Jaintia Hills",
        "source": "NESAC/NERDRR"
      },
      "geometry": {
        "type": "Point",
        "coordinates": [
          92.38177,
          25.257017
        ]
      }
    },
    {
      "type": "Feature",
      "properties": {
        "event_name": "Ratulia Landslide",
        "date": "2025-07-18",
        "time": "",
        "state": "Meghalaya",
        "district": "East Jaintia Hills",
        "source": "NESAC/NERDRR"
      },
      "geometry": {
        "type": "Point",
        "coordinates": [
          92.43711,
          25.039232
        ]
      }
    },
    {
      "type": "Feature",
      "properties": {
        "event_name": "Nongsning Landslide 2",
        "date": "2025-07-18",
        "time": "",
        "state": "Meghalaya",
        "district": "East Jaintia Hills",
        "source": "NESAC/NERDRR"
      },
      "geometry": {
        "type": "Point",
        "coordinates": [
          92.38506,
          25.258883
        ]
      }
    },
    {
      "type": "Feature",
      "properties": {
        "event_name": "Nongsning Landslide 3",
        "date": "2025-07-18",
        "time": "",
        "state": "Meghalaya",
        "district": "East Jaintia Hills",
        "source": "NESAC/NERDRR"
      },
      "geometry": {
        "type": "Point",
        "coordinates": [
          92.384476,
          25.2628
        ]
      }
    },
    {
      "type": "Feature",
      "properties": {
        "event_name": "Umtyra Landslide",
        "date": "2025-07-18",
        "time": "",
        "state": "Meghalaya",
        "district": "East Jaintia Hills",
        "source": "NESAC/NERDRR"
      },
      "geometry": {
        "type": "Point",
        "coordinates": [
          92.37882,
          25.279198
        ]
      }
    },
    {
      "type": "Feature",
      "properties": {
        "event_name": "Byndihati Landslide 3",
        "date": "2025-07-18",
        "time": "",
        "state": "Meghalaya",
        "district": "East Jaintia Hills",
        "source": "NESAC/NERDRR"
      },
      "geometry": {
        "type": "Point",
        "coordinates": [
          92.38343,
          25.300777
        ]
      }
    },
    {
      "type": "Feature",
      "properties": {
        "event_name": "Byndihati Landslide 4",
        "date": "2025-07-18",
        "time": "",
        "state": "Meghalaya",
        "district": "East Jaintia Hills",
        "source": "NESAC/NERDRR"
      },
      "geometry": {
        "type": "Point",
        "coordinates": [
          92.37883,
          25.301994
        ]
      }
    },
    {
      "type": "Feature",
      "properties": {
        "event_name": "Khonglan Landslide 1",
        "date": "2025-07-18",
        "time": "",
        "state": "Meghalaya",
        "district": "East Jaintia Hills",
        "source": "NESAC/NERDRR"
      },
      "geometry": {
        "type": "Point",
        "coordinates": [
          92.40951,
          25.04802
        ]
      }
    },
    {
      "type": "Feature",
      "properties": {
        "event_name": "Sonapur Landslide 1",
        "date": "2025-07-18",
        "time": "",
        "state": "Meghalaya",
        "district": "East Jaintia Hills",
        "source": "NESAC/NERDRR"
      },
      "geometry": {
        "type": "Point",
        "coordinates": [
          92.35804,
          25.115704
        ]
      }
    },
    {
      "type": "Feature",
      "properties": {
        "event_name": "Oinamlong Landslide",
        "date": "2025-07-18",
        "time": "",
        "state": "Manipur",
        "district": "Tamenglong",
        "source": "NESAC/NERDRR"
      },
      "geometry": {
        "type": "Point",
        "coordinates": [
          93.25606,
          24.763643
        ]
      }
    },
    {
      "type": "Feature",
      "properties": {
        "event_name": "Irang Landslide",
        "date": "2025-07-18",
        "time": "",
        "state": "Manipur",
        "district": "Noney",
        "source": "NESAC/NERDRR"
      },
      "geometry": {
        "type": "Point",
        "coordinates": [
          93.50026,
          24.71849
        ]
      }
    },
    {
      "type": "Feature",
      "properties": {
        "event_name": "Hangrum Landslide",
        "date": "2025-07-16",
        "time": "10:30 AM",
        "state": "Assam",
        "district": "Dima Hasao",
        "source": "NESAC/NERDRR"
      },
      "geometry": {
        "type": "Point",
        "coordinates": [
          93.30183,
          25.137634
        ]
      }
    },
    {
      "type": "Feature",
      "properties": {
        "event_name": "Luangchum Landslide",
        "date": "2025-07-16",
        "time": "",
        "state": "Manipur",
        "district": "Noney",
        "source": "NESAC/NERDRR"
      },
      "geometry": {
        "type": "Point",
        "coordinates": [
          93.55657,
          24.81968
        ]
      }
    },
    {
      "type": "Feature",
      "properties": {
        "event_name": "Qhitohe Landslide",
        "date": "2025-07-12",
        "time": "",
        "state": "Nagaland",
        "district": "Kohima",
        "source": "NESAC/NERDRR"
      },
      "geometry": {
        "type": "Point",
        "coordinates": [
          93.972305,
          25.905197
        ]
      }
    },
    {
      "type": "Feature",
      "properties": {
        "event_name": "Hozhukhe Landslide",
        "date": "2025-07-12",
        "time": "",
        "state": "Nagaland",
        "district": "Dimapur",
        "source": "NESAC/NERDRR"
      },
      "geometry": {
        "type": "Point",
        "coordinates": [
          93.934814,
          25.881208
        ]
      }
    },
    {
      "type": "Feature",
      "properties": {
        "event_name": "Vihoto Landslide",
        "date": "2025-07-12",
        "time": "",
        "state": "Nagaland",
        "district": "Dimapur",
        "source": "NESAC/NERDRR"
      },
      "geometry": {
        "type": "Point",
        "coordinates": [
          93.66411,
          25.694649
        ]
      }
    },
    {
      "type": "Feature",
      "properties": {
        "event_name": "Maibang Semkhor Landslide",
        "date": "2025-07-10",
        "time": "",
        "state": "Assam",
        "district": "Dima Hasao",
        "source": "NESAC/NERDRR"
      },
      "geometry": {
        "type": "Point",
        "coordinates": [
          93.191154,
          25.267803
        ]
      }
    },
    {
      "type": "Feature",
      "properties": {
        "event_name": "N. Sobojai Landslide",
        "date": "2025-07-10",
        "time": "",
        "state": "Assam",
        "district": "Dima Hasao",
        "source": "NESAC/NERDRR"
      },
      "geometry": {
        "type": "Point",
        "coordinates": [
          93.1795,
          25.22055
        ]
      }
    },
    {
      "type": "Feature",
      "properties": {
        "event_name": "Maibang Semkhor Landslide 2",
        "date": "2025-07-10",
        "time": "",
        "state": "Assam",
        "district": "Dima Hasao",
        "source": "NESAC/NERDRR"
      },
      "geometry": {
        "type": "Point",
        "coordinates": [
          93.19784,
          25.266214
        ]
      }
    },
    {
      "type": "Feature",
      "properties": {
        "event_name": "Razhu Point Landslide",
        "date": "2025-07-09",
        "time": "None",
        "state": "Nagaland",
        "district": "Kohima",
        "source": "NESAC/NERDRR"
      },
      "geometry": {
        "type": "Point",
        "coordinates": [
          94.10853,
          25.674112
        ]
      }
    },
    {
      "type": "Feature",
      "properties": {
        "event_name": "PHQ Junction Landslide",
        "date": "2025-07-09",
        "time": "None",
        "state": "Nagaland",
        "district": "Kohima",
        "source": "NESAC/NERDRR"
      },
      "geometry": {
        "type": "Point",
        "coordinates": [
          94.09948,
          25.658476
        ]
      }
    },
    {
      "type": "Feature",
      "properties": {
        "event_name": "Siktam Landslide",
        "date": "2025-07-09",
        "time": "",
        "state": "Sikkim",
        "district": "Soreng",
        "source": "NESAC/NERDRR"
      },
      "geometry": {
        "type": "Point",
        "coordinates": [
          88.118675,
          27.132313
        ]
      }
    },
    {
      "type": "Feature",
      "properties": {
        "event_name": "Salangdang Landslide",
        "date": "2025-07-09",
        "time": "",
        "state": "Sikkim",
        "district": "Soreng",
        "source": "NESAC/NERDRR"
      },
      "geometry": {
        "type": "Point",
        "coordinates": [
          88.148384,
          27.11986
        ]
      }
    },
    {
      "type": "Feature",
      "properties": {
        "event_name": "Lungyam Lower Dara Landslide",
        "date": "2025-07-09",
        "time": "",
        "state": "Sikkim",
        "district": "Mangan",
        "source": "NESAC/NERDRR"
      },
      "geometry": {
        "type": "Point",
        "coordinates": [
          88.52406,
          27.439848
        ]
      }
    },
    {
      "type": "Feature",
      "properties": {
        "event_name": "Mezh Landslide",
        "date": "2025-07-09",
        "time": "None",
        "state": "Nagaland",
        "district": "Kohima",
        "source": "NESAC/NERDRR"
      },
      "geometry": {
        "type": "Point",
        "coordinates": [
          94.1017,
          25.665773
        ]
      }
    },
    {
      "type": "Feature",
      "properties": {
        "event_name": "Ura Landslide",
        "date": "2025-07-09",
        "time": "None",
        "state": "Nagaland",
        "district": "Kohima",
        "source": "NESAC/NERDRR"
      },
      "geometry": {
        "type": "Point",
        "coordinates": [
          94.10107,
          25.661837
        ]
      }
    },
    {
      "type": "Feature",
      "properties": {
        "event_name": "Kukidolong Landslide",
        "date": "2025-07-08",
        "time": "",
        "state": "Nagaland",
        "district": "",
        "source": "NESAC/NERDRR"
      },
      "geometry": {
        "type": "Point",
        "coordinates": [
          93.81766,
          25.770315
        ]
      }
    },
    {
      "type": "Feature",
      "properties": {
        "event_name": "Piphema Landslide",
        "date": "2025-07-08",
        "time": "",
        "state": "Nagaland",
        "district": "",
        "source": "NESAC/NERDRR"
      },
      "geometry": {
        "type": "Point",
        "coordinates": [
          93.90169,
          25.72272
        ]
      }
    },
    {
      "type": "Feature",
      "properties": {
        "event_name": "Pub Lumding Landslide 2",
        "date": "2025-07-07",
        "time": "None",
        "state": "Assam",
        "district": "Hojai",
        "source": "NESAC/NERDRR"
      },
      "geometry": {
        "type": "Point",
        "coordinates": [
          93.108864,
          25.817648
        ]
      }
    },
    {
      "type": "Feature",
      "properties": {
        "event_name": "Joro Landslide",
        "date": "2025-07-07",
        "time": "None",
        "state": "Assam",
        "district": "Dima Hasao",
        "source": "NESAC/NERDRR"
      },
      "geometry": {
        "type": "Point",
        "coordinates": [
          93.186485,
          25.37301
        ]
      }
    },
    {
      "type": "Feature",
      "properties": {
        "event_name": "Jagdi Landslide",
        "date": "2025-07-07",
        "time": "None",
        "state": "Assam",
        "district": "Dima Hasao",
        "source": "NESAC/NERDRR"
      },
      "geometry": {
        "type": "Point",
        "coordinates": [
          93.20028,
          25.298887
        ]
      }
    },
    {
      "type": "Feature",
      "properties": {
        "event_name": "Mupa Landslide 2",
        "date": "2025-07-06",
        "time": "None",
        "state": "Assam",
        "district": "Dima Hasao",
        "source": "NESAC/NERDRR"
      },
      "geometry": {
        "type": "Point",
        "coordinates": [
          93.1237,
          25.372486
        ]
      }
    },
    {
      "type": "Feature",
      "properties": {
        "event_name": "Lungkhok Landslide",
        "date": "2025-07-06",
        "time": "None",
        "state": "Assam",
        "district": "Dima Hasao",
        "source": "NESAC/NERDRR"
      },
      "geometry": {
        "type": "Point",
        "coordinates": [
          93.018135,
          25.198414
        ]
      }
    },
    {
      "type": "Feature",
      "properties": {
        "event_name": "Bayav Landslide",
        "date": "2025-07-05",
        "time": "None",
        "state": "Nagaland",
        "district": "Kohima",
        "source": "NESAC/NERDRR"
      },
      "geometry": {
        "type": "Point",
        "coordinates": [
          94.10535,
          25.68586
        ]
      }
    },
    {
      "type": "Feature",
      "properties": {
        "event_name": "KMC Dumping Landslide",
        "date": "2025-07-05",
        "time": "None",
        "state": "Nagaland",
        "district": "Kohima",
        "source": "NESAC/NERDRR"
      },
      "geometry": {
        "type": "Point",
        "coordinates": [
          94.06691,
          25.712086
        ]
      }
    },
    {
      "type": "Feature",
      "properties": {
        "event_name": "Pub Lumding Landslide",
        "date": "2025-07-05",
        "time": "None",
        "state": "Assam",
        "district": "Hojai",
        "source": "NESAC/NERDRR"
      },
      "geometry": {
        "type": "Point",
        "coordinates": [
          93.1089,
          25.81746
        ]
      }
    },
    {
      "type": "Feature",
      "properties": {
        "event_name": "Dehangi Landslide",
        "date": "2025-07-05",
        "time": "None",
        "state": "Assam",
        "district": "Dima Hasao",
        "source": "NESAC/NERDRR"
      },
      "geometry": {
        "type": "Point",
        "coordinates": [
          93.027016,
          25.430874
        ]
      }
    },
    {
      "type": "Feature",
      "properties": {
        "event_name": "Hetoi Landslide",
        "date": "2025-07-05",
        "time": "None",
        "state": "Nagaland",
        "district": "Niuland",
        "source": "NESAC/NERDRR"
      },
      "geometry": {
        "type": "Point",
        "coordinates": [
          93.91629,
          25.8431
        ]
      }
    },
    {
      "type": "Feature",
      "properties": {
        "event_name": "Changki Landslide 2",
        "date": "2025-07-05",
        "time": "None",
        "state": "Nagaland",
        "district": "Mokokchung",
        "source": "NESAC/NERDRR"
      },
      "geometry": {
        "type": "Point",
        "coordinates": [
          94.3922,
          26.424053
        ]
      }
    },
    {
      "type": "Feature",
      "properties": {
        "event_name": "Changki Landslide 1",
        "date": "2025-07-05",
        "time": "None",
        "state": "Nagaland",
        "district": "Mokokchung",
        "source": "NESAC/NERDRR"
      },
      "geometry": {
        "type": "Point",
        "coordinates": [
          94.38695,
          26.42491
        ]
      }
    },
    {
      "type": "Feature",
      "properties": {
        "event_name": "Mupa Landslide 2",
        "date": "2025-07-03",
        "time": "",
        "state": "Assam",
        "district": "Dima Hasao",
        "source": "NESAC/NERDRR"
      },
      "geometry": {
        "type": "Point",
        "coordinates": [
          93.123665,
          25.372564
        ]
      }
    },
    {
      "type": "Feature",
      "properties": {
        "event_name": "Kisama Landslide",
        "date": "2025-07-02",
        "time": "",
        "state": "Nagaland",
        "district": "Kohima",
        "source": "NESAC/NERDRR"
      },
      "geometry": {
        "type": "Point",
        "coordinates": [
          94.11647,
          25.61863
        ]
      }
    },
    {
      "type": "Feature",
      "properties": {
        "event_name": "Yongam Landslide",
        "date": "2025-07-02",
        "time": "None",
        "state": "Nagaland",
        "district": "Longleng",
        "source": "NESAC/NERDRR"
      },
      "geometry": {
        "type": "Point",
        "coordinates": [
          94.840965,
          26.543888
        ]
      }
    },
    {
      "type": "Feature",
      "properties": {
        "event_name": "Lumum Landslide",
        "date": "2025-06-29",
        "time": "",
        "state": "Arunachal Pradesh",
        "district": "West Kameng",
        "source": "NESAC/NERDRR"
      },
      "geometry": {
        "type": "Point",
        "coordinates": [
          92.59247,
          27.066532
        ]
      }
    },
    {
      "type": "Feature",
      "properties": {
        "event_name": "Kojo Landslide",
        "date": "2025-06-25",
        "time": "",
        "state": "Arunachal Pradesh",
        "district": "East Kameng",
        "source": "NESAC/NERDRR"
      },
      "geometry": {
        "type": "Point",
        "coordinates": [
          92.80988,
          27.514132
        ]
      }
    },
    {
      "type": "Feature",
      "properties": {
        "event_name": "Kaiphundai Landslide 2",
        "date": "2025-06-24",
        "time": "",
        "state": "Manipur",
        "district": "Tamenglong",
        "source": "NESAC/NERDRR"
      },
      "geometry": {
        "type": "Point",
        "coordinates": [
          93.233055,
          24.79617
        ]
      }
    },
    {
      "type": "Feature",
      "properties": {
        "event_name": "Ngopa Landslide",
        "date": "2025-06-23",
        "time": "",
        "state": "Mizoram",
        "district": "Saitual",
        "source": "NESAC/NERDRR"
      },
      "geometry": {
        "type": "Point",
        "coordinates": [
          93.21151,
          23.881626
        ]
      }
    },
    {
      "type": "Feature",
      "properties": {
        "event_name": "Miyungkro Landslide",
        "date": "2025-06-23",
        "time": "",
        "state": "Assam",
        "district": "Dima Hasao",
        "source": "NESAC/NERDRR"
      },
      "geometry": {
        "type": "Point",
        "coordinates": [
          92.954254,
          25.113115
        ]
      }
    },
    {
      "type": "Feature",
      "properties": {
        "event_name": "Jatinga Lampur Landslide",
        "date": "2025-06-22",
        "time": "",
        "state": "Assam",
        "district": "Dima Hasao",
        "source": "NESAC/NERDRR"
      },
      "geometry": {
        "type": "Point",
        "coordinates": [
          92.9441,
          25.110437
        ]
      }
    },
    {
      "type": "Feature",
      "properties": {
        "event_name": "Jatinga Landslide 2",
        "date": "2025-06-21",
        "time": "",
        "state": "Assam",
        "district": "Dima Hasao",
        "source": "NESAC/NERDRR"
      },
      "geometry": {
        "type": "Point",
        "coordinates": [
          92.95435,
          25.112844
        ]
      }
    },
    {
      "type": "Feature",
      "properties": {
        "event_name": "Rangkhung Landslide",
        "date": "2025-06-19",
        "time": "",
        "state": "Manipur",
        "district": "Noney",
        "source": "NESAC/NERDRR"
      },
      "geometry": {
        "type": "Point",
        "coordinates": [
          93.58482,
          24.862877
        ]
      }
    },
    {
      "type": "Feature",
      "properties": {
        "event_name": "Bhandari Landslide",
        "date": "2025-06-17",
        "time": "",
        "state": "Nagaland",
        "district": "Wokha",
        "source": "NESAC/NERDRR"
      },
      "geometry": {
        "type": "Point",
        "coordinates": [
          94.11414,
          26.289368
        ]
      }
    },
    {
      "type": "Feature",
      "properties": {
        "event_name": "Moreh Landslide",
        "date": "2025-06-16",
        "time": "10:00 AM",
        "state": "Manipur",
        "district": "Tengnoupal",
        "source": "NESAC/NERDRR"
      },
      "geometry": {
        "type": "Point",
        "coordinates": [
          94.280716,
          24.284264
        ]
      }
    },
    {
      "type": "Feature",
      "properties": {
        "event_name": "Ratachhera Landslide",
        "date": "2025-06-15",
        "time": "",
        "state": "Meghalaya",
        "district": "East Jaintia Hills",
        "source": "NESAC/NERDRR"
      },
      "geometry": {
        "type": "Point",
        "coordinates": [
          92.43952,
          25.036552
        ]
      }
    },
    {
      "type": "Feature",
      "properties": {
        "event_name": "Sonapur Landslide 3",
        "date": "2025-06-15",
        "time": "",
        "state": "Meghalaya",
        "district": "East Jaintia Hills",
        "source": "NESAC/NERDRR"
      },
      "geometry": {
        "type": "Point",
        "coordinates": [
          92.35706,
          25.118652
        ]
      }
    },
    {
      "type": "Feature",
      "properties": {
        "event_name": "Kaiphundai Landslide",
        "date": "2025-06-15",
        "time": "",
        "state": "Manipur",
        "district": "Tamenglong",
        "source": "NESAC/NERDRR"
      },
      "geometry": {
        "type": "Point",
        "coordinates": [
          93.23299,
          24.796053
        ]
      }
    },
    {
      "type": "Feature",
      "properties": {
        "event_name": "Raga Landslide",
        "date": "2025-06-15",
        "time": "",
        "state": "Arunachal Pradesh",
        "district": "Kamle",
        "source": "NESAC/NERDRR"
      },
      "geometry": {
        "type": "Point",
        "coordinates": [
          94.0765,
          27.798374
        ]
      }
    },
    {
      "type": "Feature",
      "properties": {
        "event_name": "Umiam Landslide 10",
        "date": "2025-06-14",
        "time": "2:00 PM",
        "state": "Meghalaya",
        "district": "Ri Bhoi",
        "source": "NESAC/NERDRR"
      },
      "geometry": {
        "type": "Point",
        "coordinates": [
          91.901695,
          25.663195
        ]
      }
    },
    {
      "type": "Feature",
      "properties": {
        "event_name": "Rupnagar Landslide",
        "date": "2025-06-07",
        "time": "12:00 AM",
        "state": "Assam",
        "district": "Kamrup Metro",
        "source": "NESAC/NERDRR"
      },
      "geometry": {
        "type": "Point",
        "coordinates": [
          91.760956,
          26.156778
        ]
      }
    },
    {
      "type": "Feature",
      "properties": {
        "event_name": "Baghaichhara Landslide",
        "date": "2025-06-06",
        "time": "",
        "state": "Tripura",
        "district": "Unakoti",
        "source": "NESAC/NERDRR"
      },
      "geometry": {
        "type": "Point",
        "coordinates": [
          92.14013,
          24.146719
        ]
      }
    },
    {
      "type": "Feature",
      "properties": {
        "event_name": "Manderdisa-I Landslide",
        "date": "2025-06-04",
        "time": "",
        "state": "Assam",
        "district": "Dima Hasao",
        "source": "NESAC/NERDRR"
      },
      "geometry": {
        "type": "Point",
        "coordinates": [
          93.14,
          25.74
        ]
      }
    },
    {
      "type": "Feature",
      "properties": {
        "event_name": "Maibang Landslide",
        "date": "2025-06-04",
        "time": "",
        "state": "Assam",
        "district": "Dima Hasao",
        "source": "NESAC/NERDRR"
      },
      "geometry": {
        "type": "Point",
        "coordinates": [
          93.28,
          25.4
        ]
      }
    },
    {
      "type": "Feature",
      "properties": {
        "event_name": "Awangkhul Landslide",
        "date": "2025-06-04",
        "time": "3:00 PM",
        "state": "Manipur",
        "district": "Tamenglong",
        "source": "NESAC/NERDRR"
      },
      "geometry": {
        "type": "Point",
        "coordinates": [
          93.55622,
          24.819538
        ]
      }
    },
    {
      "type": "Feature",
      "properties": {
        "event_name": "Pachali Landslide",
        "date": "2025-06-04",
        "time": "2:00 AM",
        "state": "Assam",
        "district": "Kamrup Metro",
        "source": "NESAC/NERDRR"
      },
      "geometry": {
        "type": "Point",
        "coordinates": [
          91.68986,
          26.146902
        ]
      }
    },
    {
      "type": "Feature",
      "properties": {
        "event_name": "Haflong Landslide 4",
        "date": "2025-06-04",
        "time": "",
        "state": "Assam",
        "district": "Dima Hasao",
        "source": "NESAC/NERDRR"
      },
      "geometry": {
        "type": "Point",
        "coordinates": [
          93.03,
          25.43
        ]
      }
    },
    {
      "type": "Feature",
      "properties": {
        "event_name": "Haflong Landslide3",
        "date": "2025-06-04",
        "time": "",
        "state": "Assam",
        "district": "Dima Hasao",
        "source": "NESAC/NERDRR"
      },
      "geometry": {
        "type": "Point",
        "coordinates": [
          93.02,
          25.15
        ]
      }
    },
    {
      "type": "Feature",
      "properties": {
        "event_name": "Maibang Landslide 2",
        "date": "2025-06-04",
        "time": "",
        "state": "Assam",
        "district": "Dima Hasao",
        "source": "NESAC/NERDRR"
      },
      "geometry": {
        "type": "Point",
        "coordinates": [
          93.08,
          25.38
        ]
      }
    },
    {
      "type": "Feature",
      "properties": {
        "event_name": "Maibang Landslide 1",
        "date": "2025-06-04",
        "time": "",
        "state": "Assam",
        "district": "Dima Hasao",
        "source": "NESAC/NERDRR"
      },
      "geometry": {
        "type": "Point",
        "coordinates": [
          93.12,
          25.51
        ]
      }
    },
    {
      "type": "Feature",
      "properties": {
        "event_name": "Mongon Landslide",
        "date": "2025-06-04",
        "time": "",
        "state": "Assam",
        "district": "Dima Hasao",
        "source": "NESAC/NERDRR"
      },
      "geometry": {
        "type": "Point",
        "coordinates": [
          93.0,
          25.17
        ]
      }
    },
    {
      "type": "Feature",
      "properties": {
        "event_name": "Gunjung Landslide",
        "date": "2025-06-04",
        "time": "",
        "state": "Assam",
        "district": "Dima Hasao",
        "source": "NESAC/NERDRR"
      },
      "geometry": {
        "type": "Point",
        "coordinates": [
          93.09,
          25.32
        ]
      }
    },
    {
      "type": "Feature",
      "properties": {
        "event_name": "Mailu Landslide",
        "date": "2025-06-04",
        "time": "",
        "state": "Assam",
        "district": "Dima Hasao",
        "source": "NESAC/NERDRR"
      },
      "geometry": {
        "type": "Point",
        "coordinates": [
          93.2,
          25.5
        ]
      }
    },
    {
      "type": "Feature",
      "properties": {
        "event_name": "Langting HasinPart-I Landslide",
        "date": "2025-06-04",
        "time": "",
        "state": "Assam",
        "district": "Dima Hasao",
        "source": "NESAC/NERDRR"
      },
      "geometry": {
        "type": "Point",
        "coordinates": [
          93.11,
          25.5
        ]
      }
    },
    {
      "type": "Feature",
      "properties": {
        "event_name": "Yeabra Landslide",
        "date": "2025-06-04",
        "time": "",
        "state": "Assam",
        "district": "Dima Hasao",
        "source": "NESAC/NERDRR"
      },
      "geometry": {
        "type": "Point",
        "coordinates": [
          93.14,
          25.29
        ]
      }
    },
    {
      "type": "Feature",
      "properties": {
        "event_name": "Khengjol Landslide",
        "date": "2025-06-04",
        "time": "",
        "state": "Assam",
        "district": "Dima Hasao",
        "source": "NESAC/NERDRR"
      },
      "geometry": {
        "type": "Point",
        "coordinates": [
          93.33,
          25.33
        ]
      }
    },
    {
      "type": "Feature",
      "properties": {
        "event_name": "Haflong Landslide 2",
        "date": "2025-06-03",
        "time": "",
        "state": "Assam",
        "district": "Dima Hasao",
        "source": "NESAC/NERDRR"
      },
      "geometry": {
        "type": "Point",
        "coordinates": [
          93.12,
          25.19
        ]
      }
    },
    {
      "type": "Feature",
      "properties": {
        "event_name": "Siji Landslide",
        "date": "2025-06-03",
        "time": "",
        "state": "Arunachal Pradesh",
        "district": "Lower Siang",
        "source": "NESAC/NERDRR"
      },
      "geometry": {
        "type": "Point",
        "coordinates": [
          94.70399,
          27.718876
        ]
      }
    },
    {
      "type": "Feature",
      "properties": {
        "event_name": "Laisong Landslide",
        "date": "2025-06-03",
        "time": "",
        "state": "Assam",
        "district": "Dima Hasao",
        "source": "NESAC/NERDRR"
      },
      "geometry": {
        "type": "Point",
        "coordinates": [
          93.3,
          25.21
        ]
      }
    },
    {
      "type": "Feature",
      "properties": {
        "event_name": "Dautohaj Landslide",
        "date": "2025-06-03",
        "time": "",
        "state": "Assam",
        "district": "Dima Hasao",
        "source": "NESAC/NERDRR"
      },
      "geometry": {
        "type": "Point",
        "coordinates": [
          93.15,
          25.23
        ]
      }
    },
    {
      "type": "Feature",
      "properties": {
        "event_name": "Khumarcherra Landslide",
        "date": "2025-06-03",
        "time": "",
        "state": "Assam",
        "district": "Dima Hasao",
        "source": "NESAC/NERDRR"
      },
      "geometry": {
        "type": "Point",
        "coordinates": [
          93.13,
          24.97
        ]
      }
    },
    {
      "type": "Feature",
      "properties": {
        "event_name": "Kipeilo Landslide",
        "date": "2025-06-03",
        "time": "",
        "state": "Assam",
        "district": "Dima Hasao",
        "source": "NESAC/NERDRR"
      },
      "geometry": {
        "type": "Point",
        "coordinates": [
          93.35,
          25.23
        ]
      }
    },
    {
      "type": "Feature",
      "properties": {
        "event_name": "Gamvom Landslide",
        "date": "2025-06-03",
        "time": "",
        "state": "Assam",
        "district": "Dima Hasao",
        "source": "NESAC/NERDRR"
      },
      "geometry": {
        "type": "Point",
        "coordinates": [
          93.17,
          25.17
        ]
      }
    },
    {
      "type": "Feature",
      "properties": {
        "event_name": "Lasang Landslide",
        "date": "2025-06-03",
        "time": "",
        "state": "Assam",
        "district": "Dima Hasao",
        "source": "NESAC/NERDRR"
      },
      "geometry": {
        "type": "Point",
        "coordinates": [
          93.12,
          25.18
        ]
      }
    },
    {
      "type": "Feature",
      "properties": {
        "event_name": "Asonghaju Landslide",
        "date": "2025-06-03",
        "time": "",
        "state": "Assam",
        "district": "Dima Hasao",
        "source": "NESAC/NERDRR"
      },
      "geometry": {
        "type": "Point",
        "coordinates": [
          93.12,
          25.18
        ]
      }
    },
    {
      "type": "Feature",
      "properties": {
        "event_name": "Hange Naga Landslide",
        "date": "2025-06-03",
        "time": "",
        "state": "Assam",
        "district": "Dima Hasao",
        "source": "NESAC/NERDRR"
      },
      "geometry": {
        "type": "Point",
        "coordinates": [
          93.12,
          25.16
        ]
      }
    },
    {
      "type": "Feature",
      "properties": {
        "event_name": "N.Thingvom Landslide",
        "date": "2025-06-03",
        "time": "",
        "state": "Assam",
        "district": "Dima Hasao",
        "source": "NESAC/NERDRR"
      },
      "geometry": {
        "type": "Point",
        "coordinates": [
          93.13,
          25.97
        ]
      }
    },
    {
      "type": "Feature",
      "properties": {
        "event_name": "Maharajpur Landslide",
        "date": "2025-06-03",
        "time": "",
        "state": "Assam",
        "district": "Dima Hasao",
        "source": "NESAC/NERDRR"
      },
      "geometry": {
        "type": "Point",
        "coordinates": [
          92.86,
          25.12
        ]
      }
    },
    {
      "type": "Feature",
      "properties": {
        "event_name": "LodiKuki Landslide",
        "date": "2025-06-03",
        "time": "",
        "state": "Assam",
        "district": "Dima Hasao",
        "source": "NESAC/NERDRR"
      },
      "geometry": {
        "type": "Point",
        "coordinates": [
          92.85,
          25.12
        ]
      }
    },
    {
      "type": "Feature",
      "properties": {
        "event_name": "Dimbricherra Landslide",
        "date": "2025-06-03",
        "time": "",
        "state": "Assam",
        "district": "Dima Hasao",
        "source": "NESAC/NERDRR"
      },
      "geometry": {
        "type": "Point",
        "coordinates": [
          93.17,
          25.03
        ]
      }
    },
    {
      "type": "Feature",
      "properties": {
        "event_name": "Jinam Ghat Landslide",
        "date": "2025-06-03",
        "time": "",
        "state": "Assam",
        "district": "Dima Hasao",
        "source": "NESAC/NERDRR"
      },
      "geometry": {
        "type": "Point",
        "coordinates": [
          93.2,
          25.03
        ]
      }
    },
    {
      "type": "Feature",
      "properties": {
        "event_name": "LodiKachari Landslide",
        "date": "2025-06-03",
        "time": "",
        "state": "Assam",
        "district": "Dima Hasao",
        "source": "NESAC/NERDRR"
      },
      "geometry": {
        "type": "Point",
        "coordinates": [
          93.06,
          24.99
        ]
      }
    },
    {
      "type": "Feature",
      "properties": {
        "event_name": "Harangajao Bazar Landslide",
        "date": "2025-06-03",
        "time": "",
        "state": "Assam",
        "district": "Dima Hasao",
        "source": "NESAC/NERDRR"
      },
      "geometry": {
        "type": "Point",
        "coordinates": [
          92.85,
          25.12
        ]
      }
    },
    {
      "type": "Feature",
      "properties": {
        "event_name": "Doiheng Landslide",
        "date": "2025-06-03",
        "time": "",
        "state": "Assam",
        "district": "Dima Hasao",
        "source": "NESAC/NERDRR"
      },
      "geometry": {
        "type": "Point",
        "coordinates": [
          92.98,
          25.1
        ]
      }
    },
    {
      "type": "Feature",
      "properties": {
        "event_name": "Laisong Landslide",
        "date": "2025-06-03",
        "time": "",
        "state": "Assam",
        "district": "Dima Hasao",
        "source": "NESAC/NERDRR"
      },
      "geometry": {
        "type": "Point",
        "coordinates": [
          93.17,
          24.99
        ]
      }
    },
    {
      "type": "Feature",
      "properties": {
        "event_name": "Lower Songpijang Area Landslide 1",
        "date": "2025-06-02",
        "time": "",
        "state": "Assam",
        "district": "Dima Hasao",
        "source": "NESAC/NERDRR"
      },
      "geometry": {
        "type": "Point",
        "coordinates": [
          93.02,
          25.17
        ]
      }
    },
    {
      "type": "Feature",
      "properties": {
        "event_name": "Songpijang Landslide",
        "date": "2025-06-02",
        "time": "",
        "state": "Assam",
        "district": "Dima Hasao",
        "source": "NESAC/NERDRR"
      },
      "geometry": {
        "type": "Point",
        "coordinates": [
          93.02,
          25.16
        ]
      }
    },
    {
      "type": "Feature",
      "properties": {
        "event_name": "Kana Basti Landslide",
        "date": "2025-06-02",
        "time": "",
        "state": "Assam",
        "district": "Dima Hasao",
        "source": "NESAC/NERDRR"
      },
      "geometry": {
        "type": "Point",
        "coordinates": [
          93.01,
          25.16
        ]
      }
    },
    {
      "type": "Feature",
      "properties": {
        "event_name": "Haflong Landslide 1",
        "date": "2025-06-02",
        "time": "",
        "state": "Assam",
        "district": "Dima Hasao",
        "source": "NESAC/NERDRR"
      },
      "geometry": {
        "type": "Point",
        "coordinates": [
          93.01,
          25.17
        ]
      }
    },
    {
      "type": "Feature",
      "properties": {
        "event_name": "Thaijuwari Bridge Landslide",
        "date": "2025-06-02",
        "time": "",
        "state": "Assam",
        "district": "Dima Hasao",
        "source": "NESAC/NERDRR"
      },
      "geometry": {
        "type": "Point",
        "coordinates": [
          92.97,
          25.57
        ]
      }
    },
    {
      "type": "Feature",
      "properties": {
        "event_name": "Lower Muolhoi Landslide",
        "date": "2025-06-02",
        "time": "",
        "state": "Assam",
        "district": "Dima Hasao",
        "source": "NESAC/NERDRR"
      },
      "geometry": {
        "type": "Point",
        "coordinates": [
          93.02,
          25.17
        ]
      }
    },
    {
      "type": "Feature",
      "properties": {
        "event_name": "Natun Basti Area Landslide",
        "date": "2025-06-02",
        "time": "",
        "state": "Assam",
        "district": "Dima Hasao",
        "source": "NESAC/NERDRR"
      },
      "geometry": {
        "type": "Point",
        "coordinates": [
          93.01,
          25.16
        ]
      }
    },
    {
      "type": "Feature",
      "properties": {
        "event_name": "New Boro Haflong Landslide",
        "date": "2025-06-02",
        "time": "",
        "state": "Assam",
        "district": "Dima Hasao",
        "source": "NESAC/NERDRR"
      },
      "geometry": {
        "type": "Point",
        "coordinates": [
          93.02,
          25.14
        ]
      }
    },
    {
      "type": "Feature",
      "properties": {
        "event_name": "Lower Songpijang Area Landslide 3",
        "date": "2025-06-02",
        "time": "",
        "state": "Assam",
        "district": "Dima Hasao",
        "source": "NESAC/NERDRR"
      },
      "geometry": {
        "type": "Point",
        "coordinates": [
          93.02,
          25.17
        ]
      }
    },
    {
      "type": "Feature",
      "properties": {
        "event_name": "Dalucherra Landslide",
        "date": "2025-06-02",
        "time": "Morning",
        "state": "Tripura",
        "district": "Unakoti",
        "source": "NESAC/NERDRR"
      },
      "geometry": {
        "type": "Point",
        "coordinates": [
          91.80906,
          23.989382
        ]
      }
    },
    {
      "type": "Feature",
      "properties": {
        "event_name": "Mupa Landslide",
        "date": "2025-06-02",
        "time": "",
        "state": "Assam",
        "district": "Dima Hasao",
        "source": "NESAC/NERDRR"
      },
      "geometry": {
        "type": "Point",
        "coordinates": [
          93.11993,
          25.386747
        ]
      }
    },
    {
      "type": "Feature",
      "properties": {
        "event_name": "Sekhikansh Ali Chak Landslide",
        "date": "2025-06-02",
        "time": "",
        "state": "Assam",
        "district": "Karimganj",
        "source": "NESAC/NERDRR"
      },
      "geometry": {
        "type": "Point",
        "coordinates": [
          92.309296,
          24.780947
        ]
      }
    },
    {
      "type": "Feature",
      "properties": {
        "event_name": "Mohanpur Landslide",
        "date": "2025-06-02",
        "time": "",
        "state": "Assam",
        "district": "Hailakandi",
        "source": "NESAC/NERDRR"
      },
      "geometry": {
        "type": "Point",
        "coordinates": [
          92.64441,
          24.68874
        ]
      }
    },
    {
      "type": "Feature",
      "properties": {
        "event_name": "Kanakpur Landslide",
        "date": "2025-06-02",
        "time": "",
        "state": "Assam",
        "district": "Cachar",
        "source": "NESAC/NERDRR"
      },
      "geometry": {
        "type": "Point",
        "coordinates": [
          93.07298,
          24.92072
        ]
      }
    },
    {
      "type": "Feature",
      "properties": {
        "event_name": "Lower Songpijang area Landslide 2",
        "date": "2025-06-02",
        "time": "",
        "state": "Assam",
        "district": "Dima Hasao",
        "source": "NESAC/NERDRR"
      },
      "geometry": {
        "type": "Point",
        "coordinates": [
          93.02,
          25.17
        ]
      }
    },
    {
      "type": "Feature",
      "properties": {
        "event_name": "Chaten Landslide",
        "date": "2025-06-01",
        "time": "7:00 PM",
        "state": "Sikkim",
        "district": "Mangan",
        "source": "NESAC/NERDRR"
      },
      "geometry": {
        "type": "Point",
        "coordinates": [
          88.563354,
          27.716328
        ]
      }
    },
    {
      "type": "Feature",
      "properties": {
        "event_name": "Topodisa Landslide",
        "date": "2025-06-01",
        "time": "",
        "state": "Assam",
        "district": "Dima Hasao",
        "source": "NESAC/NERDRR"
      },
      "geometry": {
        "type": "Point",
        "coordinates": [
          93.01,
          25.18
        ]
      }
    },
    {
      "type": "Feature",
      "properties": {
        "event_name": "Retzawl Landslide",
        "date": "2025-06-01",
        "time": "",
        "state": "Assam",
        "district": "Dima Hasao",
        "source": "NESAC/NERDRR"
      },
      "geometry": {
        "type": "Point",
        "coordinates": [
          92.99,
          25.11
        ]
      }
    },
    {
      "type": "Feature",
      "properties": {
        "event_name": "Kulinag Landslide",
        "date": "2025-06-01",
        "time": "",
        "state": "Meghalaya",
        "district": "East Jaintia Hills",
        "source": "NESAC/NERDRR"
      },
      "geometry": {
        "type": "Point",
        "coordinates": [
          92.36237,
          25.080519
        ]
      }
    },
    {
      "type": "Feature",
      "properties": {
        "event_name": "Dhobiline Landslide",
        "date": "2025-06-01",
        "time": "",
        "state": "Assam",
        "district": "Dima Hasao",
        "source": "NESAC/NERDRR"
      },
      "geometry": {
        "type": "Point",
        "coordinates": [
          93.01,
          25.16
        ]
      }
    },
    {
      "type": "Feature",
      "properties": {
        "event_name": "Kisama Landslide",
        "date": "2025-06-01",
        "time": "",
        "state": "Nagaland",
        "district": "Kohima",
        "source": "NESAC/NERDRR"
      },
      "geometry": {
        "type": "Point",
        "coordinates": [
          94.116486,
          25.618652
        ]
      }
    },
    {
      "type": "Feature",
      "properties": {
        "event_name": "Param Putu Landslide",
        "date": "2025-06-01",
        "time": "",
        "state": "Arunachal Pradesh",
        "district": "Keyi Panyor",
        "source": "NESAC/NERDRR"
      },
      "geometry": {
        "type": "Point",
        "coordinates": [
          93.87385,
          27.649593
        ]
      }
    },
    {
      "type": "Feature",
      "properties": {
        "event_name": "Ramnagar Landslide",
        "date": "2025-06-01",
        "time": "",
        "state": "Assam",
        "district": "Dima Hasao",
        "source": "NESAC/NERDRR"
      },
      "geometry": {
        "type": "Point",
        "coordinates": [
          93.01,
          25.17
        ]
      }
    },
    {
      "type": "Feature",
      "properties": {
        "event_name": "Jatinga Landslide",
        "date": "2025-06-01",
        "time": "",
        "state": "Assam",
        "district": "Dima Hasao",
        "source": "NESAC/NERDRR"
      },
      "geometry": {
        "type": "Point",
        "coordinates": [
          93.02,
          25.13
        ]
      }
    },
    {
      "type": "Feature",
      "properties": {
        "event_name": "Songpijang Landslide",
        "date": "2025-06-01",
        "time": "",
        "state": "Assam",
        "district": "Dima Hasao",
        "source": "NESAC/NERDRR"
      },
      "geometry": {
        "type": "Point",
        "coordinates": [
          93.02,
          25.17
        ]
      }
    },
    {
      "type": "Feature",
      "properties": {
        "event_name": "Boro Haflong Landslide",
        "date": "2025-06-01",
        "time": "",
        "state": "Assam",
        "district": "Dima Hasao",
        "source": "NESAC/NERDRR"
      },
      "geometry": {
        "type": "Point",
        "coordinates": [
          93.03,
          25.15
        ]
      }
    },
    {
      "type": "Feature",
      "properties": {
        "event_name": "Natun Basti Landslide",
        "date": "2025-06-01",
        "time": "",
        "state": "Assam",
        "district": "Dima Hasao",
        "source": "NESAC/NERDRR"
      },
      "geometry": {
        "type": "Point",
        "coordinates": [
          93.01,
          25.16
        ]
      }
    },
    {
      "type": "Feature",
      "properties": {
        "event_name": "Thaijuwari Bazar Landslide",
        "date": "2025-06-01",
        "time": "",
        "state": "Assam",
        "district": "Dima Hasao",
        "source": "NESAC/NERDRR"
      },
      "geometry": {
        "type": "Point",
        "coordinates": [
          92.97,
          25.57
        ]
      }
    },
    {
      "type": "Feature",
      "properties": {
        "event_name": "Mahadev tilla Landslide",
        "date": "2025-06-01",
        "time": "",
        "state": "Assam",
        "district": "Dima Hasao",
        "source": "NESAC/NERDRR"
      },
      "geometry": {
        "type": "Point",
        "coordinates": [
          93.02,
          25.17
        ]
      }
    },
    {
      "type": "Feature",
      "properties": {
        "event_name": "Maligaon Landslide",
        "date": "2025-05-31",
        "time": "",
        "state": "Assam",
        "district": "Kamrup Metro",
        "source": "NESAC/NERDRR"
      },
      "geometry": {
        "type": "Point",
        "coordinates": [
          91.70691,
          26.161629
        ]
      }
    },
    {
      "type": "Feature",
      "properties": {
        "event_name": "Ziro Landslide",
        "date": "2025-05-31",
        "time": "",
        "state": "Arunachal Pradesh",
        "district": "Lower Subansiri",
        "source": "NESAC/NERDRR"
      },
      "geometry": {
        "type": "Point",
        "coordinates": [
          93.84096,
          27.622057
        ]
      }
    },
    {
      "type": "Feature",
      "properties": {
        "event_name": "Langkyrdem Landslide",
        "date": "2025-05-31",
        "time": "",
        "state": "Meghalaya",
        "district": "East Khasi Hills",
        "source": "NESAC/NERDRR"
      },
      "geometry": {
        "type": "Point",
        "coordinates": [
          91.89466,
          25.35567
        ]
      }
    },
    {
      "type": "Feature",
      "properties": {
        "event_name": "Rgnain Landslide 4",
        "date": "2025-05-31",
        "time": "",
        "state": "Meghalaya",
        "district": "East Khasi Hills",
        "source": "NESAC/NERDRR"
      },
      "geometry": {
        "type": "Point",
        "coordinates": [
          91.87453,
          25.376417
        ]
      }
    },
    {
      "type": "Feature",
      "properties": {
        "event_name": "Rgnain Landslide 3",
        "date": "2025-05-31",
        "time": "",
        "state": "Meghalaya",
        "district": "East Khasi Hills",
        "source": "NESAC/NERDRR"
      },
      "geometry": {
        "type": "Point",
        "coordinates": [
          91.873474,
          25.379751
        ]
      }
    },
    {
      "type": "Feature",
      "properties": {
        "event_name": "Rgnain Landslide",
        "date": "2025-05-31",
        "time": "",
        "state": "Meghalaya",
        "district": "East Khasi Hills",
        "source": "NESAC/NERDRR"
      },
      "geometry": {
        "type": "Point",
        "coordinates": [
          91.87442,
          25.383026
        ]
      }
    },
    {
      "type": "Feature",
      "properties": {
        "event_name": "Mawkejam Landslide 3",
        "date": "2025-05-31",
        "time": "",
        "state": "Meghalaya",
        "district": "East Khasi Hills",
        "source": "NESAC/NERDRR"
      },
      "geometry": {
        "type": "Point",
        "coordinates": [
          91.87186,
          25.390718
        ]
      }
    },
    {
      "type": "Feature",
      "properties": {
        "event_name": "Mawkejam Landslide 4",
        "date": "2025-05-31",
        "time": "",
        "state": "Meghalaya",
        "district": "East Khasi Hills",
        "source": "NESAC/NERDRR"
      },
      "geometry": {
        "type": "Point",
        "coordinates": [
          91.87428,
          25.385197
        ]
      }
    },
    {
      "type": "Feature",
      "properties": {
        "event_name": "Mawkejam Landslide 2",
        "date": "2025-05-31",
        "time": "",
        "state": "Meghalaya",
        "district": "East Khasi Hills",
        "source": "NESAC/NERDRR"
      },
      "geometry": {
        "type": "Point",
        "coordinates": [
          91.87258,
          25.397324
        ]
      }
    },
    {
      "type": "Feature",
      "properties": {
        "event_name": "Mawkejam Landslide",
        "date": "2025-05-31",
        "time": "",
        "state": "Meghalaya",
        "district": "East Khasi Hills",
        "source": "NESAC/NERDRR"
      },
      "geometry": {
        "type": "Point",
        "coordinates": [
          91.87281,
          25.403746
        ]
      }
    },
    {
      "type": "Feature",
      "properties": {
        "event_name": "Pomlum Landslide 3",
        "date": "2025-05-31",
        "time": "",
        "state": "Meghalaya",
        "district": "East Khasi Hills",
        "source": "NESAC/NERDRR"
      },
      "geometry": {
        "type": "Point",
        "coordinates": [
          91.86815,
          25.418383
        ]
      }
    },
    {
      "type": "Feature",
      "properties": {
        "event_name": "Pomlum Landslide",
        "date": "2025-05-31",
        "time": "10:30 PM",
        "state": "Meghalaya",
        "district": "East Khasi Hills",
        "source": "NESAC/NERDRR"
      },
      "geometry": {
        "type": "Point",
        "coordinates": [
          91.868065,
          25.421621
        ]
      }
    },
    {
      "type": "Feature",
      "properties": {
        "event_name": "Wah Bnoh Landslide 6",
        "date": "2025-05-31",
        "time": "",
        "state": "Meghalaya",
        "district": "East Khasi Hills",
        "source": "NESAC/NERDRR"
      },
      "geometry": {
        "type": "Point",
        "coordinates": [
          91.86784,
          25.422207
        ]
      }
    },
    {
      "type": "Feature",
      "properties": {
        "event_name": "Wah Bnoh Landslide 3",
        "date": "2025-05-31",
        "time": "",
        "state": "Meghalaya",
        "district": "East Khasi Hills",
        "source": "NESAC/NERDRR"
      },
      "geometry": {
        "type": "Point",
        "coordinates": [
          91.86275,
          25.431412
        ]
      }
    },
    {
      "type": "Feature",
      "properties": {
        "event_name": "Wah Bnoh Landslide 2",
        "date": "2025-05-31",
        "time": "",
        "state": "Meghalaya",
        "district": "East Khasi Hills",
        "source": "NESAC/NERDRR"
      },
      "geometry": {
        "type": "Point",
        "coordinates": [
          91.86152,
          25.432304
        ]
      }
    },
    {
      "type": "Feature",
      "properties": {
        "event_name": "Wah Bnoh Landslide",
        "date": "2025-05-31",
        "time": "",
        "state": "Meghalaya",
        "district": "East Khasi Hills",
        "source": "NESAC/NERDRR"
      },
      "geometry": {
        "type": "Point",
        "coordinates": [
          91.86066,
          25.433979
        ]
      }
    },
    {
      "type": "Feature",
      "properties": {
        "event_name": "Lum Thnagding Landslide",
        "date": "2025-05-31",
        "time": "",
        "state": "Meghalaya",
        "district": "East Khasi Hills",
        "source": "NESAC/NERDRR"
      },
      "geometry": {
        "type": "Point",
        "coordinates": [
          91.85281,
          25.437634
        ]
      }
    },
    {
      "type": "Feature",
      "properties": {
        "event_name": "Awangkhul Landslide",
        "date": "2025-05-31",
        "time": "Morning",
        "state": "Manipur",
        "district": "Tamenglong district",
        "source": "NESAC/NERDRR"
      },
      "geometry": {
        "type": "Point",
        "coordinates": [
          93.55622,
          24.819538
        ]
      }
    },
    {
      "type": "Feature",
      "properties": {
        "event_name": "Mylliem Landslide 7",
        "date": "2025-05-31",
        "time": "",
        "state": "Meghalaya",
        "district": "East Khasi Hills",
        "source": "NESAC/NERDRR"
      },
      "geometry": {
        "type": "Point",
        "coordinates": [
          91.81621,
          25.47174
        ]
      }
    },
    {
      "type": "Feature",
      "properties": {
        "event_name": "Mylliem Landslide 11",
        "date": "2025-05-31",
        "time": "",
        "state": "Meghalaya",
        "district": "East Khasi Hills",
        "source": "NESAC/NERDRR"
      },
      "geometry": {
        "type": "Point",
        "coordinates": [
          91.819016,
          25.466873
        ]
      }
    },
    {
      "type": "Feature",
      "properties": {
        "event_name": "Mylliem Landslide 12",
        "date": "2025-05-31",
        "time": "",
        "state": "Meghalaya",
        "district": "East Khasi Hills",
        "source": "NESAC/NERDRR"
      },
      "geometry": {
        "type": "Point",
        "coordinates": [
          91.82085,
          25.465906
        ]
      }
    },
    {
      "type": "Feature",
      "properties": {
        "event_name": "Umtyngar Landslide",
        "date": "2025-05-31",
        "time": "",
        "state": "Meghalaya",
        "district": "East Khasi Hills",
        "source": "NESAC/NERDRR"
      },
      "geometry": {
        "type": "Point",
        "coordinates": [
          91.82496,
          25.46529
        ]
      }
    },
    {
      "type": "Feature",
      "properties": {
        "event_name": "Umtyngar Landslide 3",
        "date": "2025-05-31",
        "time": "",
        "state": "Meghalaya",
        "district": "East Khasi Hills",
        "source": "NESAC/NERDRR"
      },
      "geometry": {
        "type": "Point",
        "coordinates": [
          91.82775,
          25.46443
        ]
      }
    },
    {
      "type": "Feature",
      "properties": {
        "event_name": "Laitkroh Landslide",
        "date": "2025-05-31",
        "time": "",
        "state": "Meghalaya",
        "district": "East Khasi Hills",
        "source": "NESAC/NERDRR"
      },
      "geometry": {
        "type": "Point",
        "coordinates": [
          91.82976,
          25.461939
        ]
      }
    },
    {
      "type": "Feature",
      "properties": {
        "event_name": "Laitkroh Landslide 2",
        "date": "2025-05-31",
        "time": "",
        "state": "Meghalaya",
        "district": "East Khasi Hills",
        "source": "NESAC/NERDRR"
      },
      "geometry": {
        "type": "Point",
        "coordinates": [
          91.83177,
          25.461172
        ]
      }
    },
    {
      "type": "Feature",
      "properties": {
        "event_name": "Wah Bnoh Landslide 5",
        "date": "2025-05-31",
        "time": "",
        "state": "Meghalaya",
        "district": "East Khasi Hills",
        "source": "NESAC/NERDRR"
      },
      "geometry": {
        "type": "Point",
        "coordinates": [
          91.866066,
          25.422897
        ]
      }
    },
    {
      "type": "Feature",
      "properties": {
        "event_name": "Maligaon Landslide 2",
        "date": "2025-05-31",
        "time": "",
        "state": "Assam",
        "district": "Kamrup Metro",
        "source": "NESAC/NERDRR"
      },
      "geometry": {
        "type": "Point",
        "coordinates": [
          91.70498,
          26.160728
        ]
      }
    },
    {
      "type": "Feature",
      "properties": {
        "event_name": "Navagraha Landslide",
        "date": "2025-05-31",
        "time": "",
        "state": "Assam",
        "district": "Kamrup Metro",
        "source": "NESAC/NERDRR"
      },
      "geometry": {
        "type": "Point",
        "coordinates": [
          91.76667,
          26.19515
        ]
      }
    },
    {
      "type": "Feature",
      "properties": {
        "event_name": "Midum Kham Landslide",
        "date": "2025-05-31",
        "time": "",
        "state": "Mizoram",
        "district": "Aizawl",
        "source": "NESAC/NERDRR"
      },
      "geometry": {
        "type": "Point",
        "coordinates": [
          92.74036,
          23.469757
        ]
      }
    },
    {
      "type": "Feature",
      "properties": {
        "event_name": "Chanmari Landslide",
        "date": "2025-05-31",
        "time": "",
        "state": "Mizoram",
        "district": "Aizawl",
        "source": "NESAC/NERDRR"
      },
      "geometry": {
        "type": "Point",
        "coordinates": [
          92.717224,
          23.740742
        ]
      }
    },
    {
      "type": "Feature",
      "properties": {
        "event_name": "Dinthar Veng Landslide",
        "date": "2025-05-31",
        "time": "",
        "state": "Mizoram",
        "district": "Aizawl",
        "source": "NESAC/NERDRR"
      },
      "geometry": {
        "type": "Point",
        "coordinates": [
          92.7116,
          23.730558
        ]
      }
    },
    {
      "type": "Feature",
      "properties": {
        "event_name": "Kulinag Landslide",
        "date": "2025-05-31",
        "time": "",
        "state": "Meghalaya",
        "district": "East Jaintia Hills",
        "source": "NESAC/NERDRR"
      },
      "geometry": {
        "type": "Point",
        "coordinates": [
          92.36237,
          25.080519
        ]
      }
    },
    {
      "type": "Feature",
      "properties": {
        "event_name": "Rajnagar Landslide 2",
        "date": "2025-05-31",
        "time": "",
        "state": "Tripura",
        "district": "Unakoti",
        "source": "NESAC/NERDRR"
      },
      "geometry": {
        "type": "Point",
        "coordinates": [
          92.07844,
          24.31148
        ]
      }
    },
    {
      "type": "Feature",
      "properties": {
        "event_name": "Rajnagar Landslide",
        "date": "2025-05-31",
        "time": "",
        "state": "Tripura",
        "district": "Unakoti",
        "source": "NESAC/NERDRR"
      },
      "geometry": {
        "type": "Point",
        "coordinates": [
          92.07847,
          24.311491
        ]
      }
    },
    {
      "type": "Feature",
      "properties": {
        "event_name": "Vaphai Landslide",
        "date": "2025-05-31",
        "time": "",
        "state": "Mizoram",
        "district": "Champhai",
        "source": "NESAC/NERDRR"
      },
      "geometry": {
        "type": "Point",
        "coordinates": [
          93.32512,
          23.146456
        ]
      }
    },
    {
      "type": "Feature",
      "properties": {
        "event_name": "Datalpara Landslide",
        "date": "2025-05-31",
        "time": "",
        "state": "Assam",
        "district": "Kamrup Metro",
        "source": "NESAC/NERDRR"
      },
      "geometry": {
        "type": "Point",
        "coordinates": [
          91.71967,
          26.13267
        ]
      }
    },
    {
      "type": "Feature",
      "properties": {
        "event_name": "Byrnihat Landslide 3",
        "date": "2025-05-30",
        "time": "",
        "state": "Meghalaya",
        "district": "Ri Bhoi",
        "source": "NESAC/NERDRR"
      },
      "geometry": {
        "type": "Point",
        "coordinates": [
          91.86799,
          26.035322
        ]
      }
    },
    {
      "type": "Feature",
      "properties": {
        "event_name": "Umiam Landslide 1",
        "date": "2025-05-30",
        "time": "",
        "state": "Meghalaya",
        "district": "Ri Bhoi",
        "source": "NESAC/NERDRR"
      },
      "geometry": {
        "type": "Point",
        "coordinates": [
          91.9,
          25.66
        ]
      }
    },
    {
      "type": "Feature",
      "properties": {
        "event_name": "Khalimdisa Landslide",
        "date": "2025-05-30",
        "time": "",
        "state": "Assam",
        "district": "Dima Hasao",
        "source": "NESAC/NERDRR"
      },
      "geometry": {
        "type": "Point",
        "coordinates": [
          93.14,
          25.29
        ]
      }
    },
    {
      "type": "Feature",
      "properties": {
        "event_name": "Panikhaiti Landslide 2",
        "date": "2025-05-30",
        "time": "",
        "state": "Assam",
        "district": "Kamrup Metro",
        "source": "NESAC/NERDRR"
      },
      "geometry": {
        "type": "Point",
        "coordinates": [
          91.85851,
          26.203957
        ]
      }
    },
    {
      "type": "Feature",
      "properties": {
        "event_name": "Atharamura Landslide 2",
        "date": "2025-05-30",
        "time": "",
        "state": "Tripura",
        "district": "Dhalai",
        "source": "NESAC/NERDRR"
      },
      "geometry": {
        "type": "Point",
        "coordinates": [
          91.77528,
          23.889624
        ]
      }
    },
    {
      "type": "Feature",
      "properties": {
        "event_name": "Atharamura Landslide",
        "date": "2025-05-30",
        "time": "",
        "state": "Tripura",
        "district": "Dhalai",
        "source": "NESAC/NERDRR"
      },
      "geometry": {
        "type": "Point",
        "coordinates": [
          91.78459,
          23.883774
        ]
      }
    },
    {
      "type": "Feature",
      "properties": {
        "event_name": "Saikar Landslide 2",
        "date": "2025-05-30",
        "time": "",
        "state": "Tripura",
        "district": "Dhalai",
        "source": "NESAC/NERDRR"
      },
      "geometry": {
        "type": "Point",
        "coordinates": [
          91.9149,
          24.11743
        ]
      }
    },
    {
      "type": "Feature",
      "properties": {
        "event_name": "Saikar Landslide",
        "date": "2025-05-30",
        "time": "",
        "state": "Tripura",
        "district": "Dhalai",
        "source": "NESAC/NERDRR"
      },
      "geometry": {
        "type": "Point",
        "coordinates": [
          91.902084,
          24.106169
        ]
      }
    },
    {
      "type": "Feature",
      "properties": {
        "event_name": "Mahabir Landslide",
        "date": "2025-05-30",
        "time": "",
        "state": "Tripura",
        "district": "Dhalai",
        "source": "NESAC/NERDRR"
      },
      "geometry": {
        "type": "Point",
        "coordinates": [
          91.86679,
          24.115837
        ]
      }
    },
    {
      "type": "Feature",
      "properties": {
        "event_name": "Kaulikura Landslide 4",
        "date": "2025-05-30",
        "time": "",
        "state": "Tripura",
        "district": "Unakoti",
        "source": "NESAC/NERDRR"
      },
      "geometry": {
        "type": "Point",
        "coordinates": [
          92.033356,
          24.295462
        ]
      }
    },
    {
      "type": "Feature",
      "properties": {
        "event_name": "Kaulikura Landslide 3",
        "date": "2025-05-30",
        "time": "",
        "state": "Tripura",
        "district": "Unakoti",
        "source": "NESAC/NERDRR"
      },
      "geometry": {
        "type": "Point",
        "coordinates": [
          92.03518,
          24.290642
        ]
      }
    },
    {
      "type": "Feature",
      "properties": {
        "event_name": "Kaulikura Landslide 2",
        "date": "2025-05-30",
        "time": "",
        "state": "Tripura",
        "district": "Unakoti",
        "source": "NESAC/NERDRR"
      },
      "geometry": {
        "type": "Point",
        "coordinates": [
          92.03335,
          24.295462
        ]
      }
    },
    {
      "type": "Feature",
      "properties": {
        "event_name": "Kaulikura Landslide",
        "date": "2025-05-30",
        "time": "",
        "state": "Tripura",
        "district": "Unakoti",
        "source": "NESAC/NERDRR"
      },
      "geometry": {
        "type": "Point",
        "coordinates": [
          92.03338,
          24.295452
        ]
      }
    },
    {
      "type": "Feature",
      "properties": {
        "event_name": "Panikhaiti Landslide",
        "date": "2025-05-30",
        "time": "",
        "state": "Assam",
        "district": "Kamrup Metro",
        "source": "NESAC/NERDRR"
      },
      "geometry": {
        "type": "Point",
        "coordinates": [
          91.85836,
          26.203835
        ]
      }
    },
    {
      "type": "Feature",
      "properties": {
        "event_name": "Langkyrdem Landslide 2",
        "date": "2025-05-30",
        "time": "",
        "state": "Meghalaya",
        "district": "East Khasi Hills",
        "source": "NESAC/NERDRR"
      },
      "geometry": {
        "type": "Point",
        "coordinates": [
          91.8906,
          25.344568
        ]
      }
    },
    {
      "type": "Feature",
      "properties": {
        "event_name": "Kyntiew Masi Landslide 2",
        "date": "2025-05-30",
        "time": "",
        "state": "Meghalaya",
        "district": "East Khasi Hills",
        "source": "NESAC/NERDRR"
      },
      "geometry": {
        "type": "Point",
        "coordinates": [
          91.88673,
          25.360403
        ]
      }
    },
    {
      "type": "Feature",
      "properties": {
        "event_name": "Kyntiew Masi Landslide",
        "date": "2025-05-30",
        "time": "",
        "state": "Meghalaya",
        "district": "East Khasi Hills",
        "source": "NESAC/NERDRR"
      },
      "geometry": {
        "type": "Point",
        "coordinates": [
          91.88129,
          25.360928
        ]
      }
    },
    {
      "type": "Feature",
      "properties": {
        "event_name": "Rgnain Landslide 2",
        "date": "2025-05-30",
        "time": "",
        "state": "Meghalaya",
        "district": "East Khasi Hills",
        "source": "NESAC/NERDRR"
      },
      "geometry": {
        "type": "Point",
        "coordinates": [
          91.87439,
          25.382565
        ]
      }
    },
    {
      "type": "Feature",
      "properties": {
        "event_name": "Pomlum Landslide 4",
        "date": "2025-05-30",
        "time": "",
        "state": "Meghalaya",
        "district": "East Khasi Hills",
        "source": "NESAC/NERDRR"
      },
      "geometry": {
        "type": "Point",
        "coordinates": [
          91.87425,
          25.410725
        ]
      }
    },
    {
      "type": "Feature",
      "properties": {
        "event_name": "Pomlum Landslide 2",
        "date": "2025-05-30",
        "time": "",
        "state": "Meghalaya",
        "district": "East Khasi Hills",
        "source": "NESAC/NERDRR"
      },
      "geometry": {
        "type": "Point",
        "coordinates": [
          91.864586,
          25.428806
        ]
      }
    },
    {
      "type": "Feature",
      "properties": {
        "event_name": "Lum Thnagding Landslide 4",
        "date": "2025-05-30",
        "time": "",
        "state": "Meghalaya",
        "district": "East Khasi Hills",
        "source": "NESAC/NERDRR"
      },
      "geometry": {
        "type": "Point",
        "coordinates": [
          91.85824,
          25.437002
        ]
      }
    },
    {
      "type": "Feature",
      "properties": {
        "event_name": "Lum Thnagding Landslide 3",
        "date": "2025-05-30",
        "time": "",
        "state": "Meghalaya",
        "district": "East Khasi Hills",
        "source": "NESAC/NERDRR"
      },
      "geometry": {
        "type": "Point",
        "coordinates": [
          91.8561,
          25.437065
        ]
      }
    },
    {
      "type": "Feature",
      "properties": {
        "event_name": "Lum Thnagding Landslide 2",
        "date": "2025-05-30",
        "time": "",
        "state": "Meghalaya",
        "district": "East Khasi Hills",
        "source": "NESAC/NERDRR"
      },
      "geometry": {
        "type": "Point",
        "coordinates": [
          91.85432,
          25.437626
        ]
      }
    },
    {
      "type": "Feature",
      "properties": {
        "event_name": "Umiam Landslide 9",
        "date": "2025-05-30",
        "time": "",
        "state": "Meghalaya",
        "district": "Ri Bhoi",
        "source": "NESAC/NERDRR"
      },
      "geometry": {
        "type": "Point",
        "coordinates": [
          91.90494,
          25.67051
        ]
      }
    },
    {
      "type": "Feature",
      "properties": {
        "event_name": "Umiam Landslide 8",
        "date": "2025-05-30",
        "time": "",
        "state": "Meghalaya",
        "district": "Ri Bhoi",
        "source": "NESAC/NERDRR"
      },
      "geometry": {
        "type": "Point",
        "coordinates": [
          91.899666,
          25.6792
        ]
      }
    },
    {
      "type": "Feature",
      "properties": {
        "event_name": "Umsning Landslide 2",
        "date": "2025-05-30",
        "time": "",
        "state": "Meghalaya",
        "district": "Ri Bhoi",
        "source": "NESAC/NERDRR"
      },
      "geometry": {
        "type": "Point",
        "coordinates": [
          91.895004,
          25.709074
        ]
      }
    },
    {
      "type": "Feature",
      "properties": {
        "event_name": "Umsning Landslide",
        "date": "2025-05-30",
        "time": "",
        "state": "Meghalaya",
        "district": "Ri Bhoi",
        "source": "NESAC/NERDRR"
      },
      "geometry": {
        "type": "Point",
        "coordinates": [
          91.89498,
          25.70906
        ]
      }
    },
    {
      "type": "Feature",
      "properties": {
        "event_name": "Jorabat Landslide",
        "date": "2025-05-30",
        "time": "",
        "state": "Meghalaya",
        "district": "Ri Bhoi",
        "source": "NESAC/NERDRR"
      },
      "geometry": {
        "type": "Point",
        "coordinates": [
          91.87597,
          26.099228
        ]
      }
    },
    {
      "type": "Feature",
      "properties": {
        "event_name": "Ampher Landslide",
        "date": "2025-05-30",
        "time": "",
        "state": "Meghalaya",
        "district": "Ri Bhoi",
        "source": "NESAC/NERDRR"
      },
      "geometry": {
        "type": "Point",
        "coordinates": [
          91.877365,
          26.08904
        ]
      }
    },
    {
      "type": "Feature",
      "properties": {
        "event_name": "Byrnihat Landslide 4",
        "date": "2025-05-30",
        "time": "",
        "state": "Meghalaya",
        "district": "Ri Bhoi",
        "source": "NESAC/NERDRR"
      },
      "geometry": {
        "type": "Point",
        "coordinates": [
          91.86832,
          26.036278
        ]
      }
    },
    {
      "type": "Feature",
      "properties": {
        "event_name": "17 Mile Landslide",
        "date": "2025-05-30",
        "time": "",
        "state": "Meghalaya",
        "district": "Ri Bhoi",
        "source": "NESAC/NERDRR"
      },
      "geometry": {
        "type": "Point",
        "coordinates": [
          91.86895,
          26.029915
        ]
      }
    },
    {
      "type": "Feature",
      "properties": {
        "event_name": "Byrnihat Landslide 2",
        "date": "2025-05-30",
        "time": "",
        "state": "Meghalaya",
        "district": "Ri Bhoi",
        "source": "NESAC/NERDRR"
      },
      "geometry": {
        "type": "Point",
        "coordinates": [
          91.866615,
          26.016901
        ]
      }
    },
    {
      "type": "Feature",
      "properties": {
        "event_name": "Byrnihat Landslide",
        "date": "2025-05-30",
        "time": "",
        "state": "Meghalaya",
        "district": "Ri Bhoi",
        "source": "NESAC/NERDRR"
      },
      "geometry": {
        "type": "Point",
        "coordinates": [
          91.86894,
          26.01556
        ]
      }
    },
    {
      "type": "Feature",
      "properties": {
        "event_name": "Umling Landslide 4",
        "date": "2025-05-30",
        "time": "",
        "state": "Meghalaya",
        "district": "Ri Bhoi",
        "source": "NESAC/NERDRR"
      },
      "geometry": {
        "type": "Point",
        "coordinates": [
          91.86125,
          25.957096
        ]
      }
    },
    {
      "type": "Feature",
      "properties": {
        "event_name": "Umling Landslide 3",
        "date": "2025-05-30",
        "time": "",
        "state": "Meghalaya",
        "district": "Ri Bhoi",
        "source": "NESAC/NERDRR"
      },
      "geometry": {
        "type": "Point",
        "coordinates": [
          91.86467,
          25.958574
        ]
      }
    },
    {
      "type": "Feature",
      "properties": {
        "event_name": "Umling Landslide 2",
        "date": "2025-05-30",
        "time": "",
        "state": "Meghalaya",
        "district": "Ri Bhoi",
        "source": "NESAC/NERDRR"
      },
      "geometry": {
        "type": "Point",
        "coordinates": [
          91.87506,
          25.927225
        ]
      }
    },
    {
      "type": "Feature",
      "properties": {
        "event_name": "Umling Landslide",
        "date": "2025-05-30",
        "time": "",
        "state": "Meghalaya",
        "district": "Ri Bhoi",
        "source": "NESAC/NERDRR"
      },
      "geometry": {
        "type": "Point",
        "coordinates": [
          91.875206,
          25.926828
        ]
      }
    },
    {
      "type": "Feature",
      "properties": {
        "event_name": "Umnget Landslide",
        "date": "2025-05-30",
        "time": "",
        "state": "Meghalaya",
        "district": "Ri Bhoi",
        "source": "NESAC/NERDRR"
      },
      "geometry": {
        "type": "Point",
        "coordinates": [
          91.87571,
          25.814878
        ]
      }
    },
    {
      "type": "Feature",
      "properties": {
        "event_name": "Kwinain Landslide",
        "date": "2025-05-30",
        "time": "",
        "state": "Meghalaya",
        "district": "Ri Bhoi",
        "source": "NESAC/NERDRR"
      },
      "geometry": {
        "type": "Point",
        "coordinates": [
          91.87242,
          25.823078
        ]
      }
    },
    {
      "type": "Feature",
      "properties": {
        "event_name": "Umsamlem Landslide",
        "date": "2025-05-30",
        "time": "",
        "state": "Meghalaya",
        "district": "Ri Bhoi",
        "source": "NESAC/NERDRR"
      },
      "geometry": {
        "type": "Point",
        "coordinates": [
          91.87999,
          25.758518
        ]
      }
    },
    {
      "type": "Feature",
      "properties": {
        "event_name": "Sumer Landslide 1",
        "date": "2025-05-30",
        "time": "",
        "state": "Meghalaya",
        "district": "Ri Bhoi",
        "source": "NESAC/NERDRR"
      },
      "geometry": {
        "type": "Point",
        "coordinates": [
          91.905334,
          25.690237
        ]
      }
    },
    {
      "type": "Feature",
      "properties": {
        "event_name": "Umbang Landslide 2",
        "date": "2025-05-30",
        "time": "",
        "state": "Meghalaya",
        "district": "Ri Bhoi",
        "source": "NESAC/NERDRR"
      },
      "geometry": {
        "type": "Point",
        "coordinates": [
          91.902824,
          25.686241
        ]
      }
    },
    {
      "type": "Feature",
      "properties": {
        "event_name": "Umbang Landslide",
        "date": "2025-05-30",
        "time": "",
        "state": "Meghalaya",
        "district": "Ri Bhoi",
        "source": "NESAC/NERDRR"
      },
      "geometry": {
        "type": "Point",
        "coordinates": [
          91.9034,
          25.68672
        ]
      }
    },
    {
      "type": "Feature",
      "properties": {
        "event_name": "Umiam Landslide 7",
        "date": "2025-05-30",
        "time": "",
        "state": "Meghalaya",
        "district": "Ri Bhoi",
        "source": "NESAC/NERDRR"
      },
      "geometry": {
        "type": "Point",
        "coordinates": [
          91.89988,
          25.679228
        ]
      }
    },
    {
      "type": "Feature",
      "properties": {
        "event_name": "Mawlai Landslide",
        "date": "2025-05-30",
        "time": "",
        "state": "Meghalaya",
        "district": "East Khasi Hills",
        "source": "NESAC/NERDRR"
      },
      "geometry": {
        "type": "Point",
        "coordinates": [
          91.877,
          25.617
        ]
      }
    },
    {
      "type": "Feature",
      "properties": {
        "event_name": "Umiam Landslide 2",
        "date": "2025-05-30",
        "time": "",
        "state": "Meghalaya",
        "district": "Ri Bhoi",
        "source": "NESAC/NERDRR"
      },
      "geometry": {
        "type": "Point",
        "coordinates": [
          91.899,
          25.649
        ]
      }
    },
    {
      "type": "Feature",
      "properties": {
        "event_name": "Umiam Landslide 6",
        "date": "2025-05-30",
        "time": "",
        "state": "Meghalaya",
        "district": "Ri Bhoi",
        "source": "NESAC/NERDRR"
      },
      "geometry": {
        "type": "Point",
        "coordinates": [
          91.898,
          25.654
        ]
      }
    },
    {
      "type": "Feature",
      "properties": {
        "event_name": "Umiam Landslide 5",
        "date": "2025-05-30",
        "time": "",
        "state": "Meghalaya",
        "district": "Ri Bhoi",
        "source": "NESAC/NERDRR"
      },
      "geometry": {
        "type": "Point",
        "coordinates": [
          91.898,
          25.653
        ]
      }
    },
    {
      "type": "Feature",
      "properties": {
        "event_name": "Umiam Landslide 4",
        "date": "2025-05-30",
        "time": "",
        "state": "Meghalaya",
        "district": "Ri Bhoi",
        "source": "NESAC/NERDRR"
      },
      "geometry": {
        "type": "Point",
        "coordinates": [
          91.897,
          25.652
        ]
      }
    },
    {
      "type": "Feature",
      "properties": {
        "event_name": "Umiam Landslide 3",
        "date": "2025-05-30",
        "time": "",
        "state": "Meghalaya",
        "district": "Ri Bhoi",
        "source": "NESAC/NERDRR"
      },
      "geometry": {
        "type": "Point",
        "coordinates": [
          91.899,
          25.651
        ]
      }
    },
    {
      "type": "Feature",
      "properties": {
        "event_name": "Nungdolan Landslide",
        "date": "2025-05-30",
        "time": "Early Morning",
        "state": "Manipur",
        "district": "Kangpokpi",
        "source": "NESAC/NERDRR"
      },
      "geometry": {
        "type": "Point",
        "coordinates": [
          93.723526,
          24.79515
        ]
      }
    },
    {
      "type": "Feature",
      "properties": {
        "event_name": "Gyan Mission School Landslide",
        "date": "2025-05-30",
        "time": "",
        "state": "Arunachal Pradesh",
        "district": "Papum Pare",
        "source": "NESAC/NERDRR"
      },
      "geometry": {
        "type": "Point",
        "coordinates": [
          93.65695,
          27.076513
        ]
      }
    },
    {
      "type": "Feature",
      "properties": {
        "event_name": "Thuampui Landslide",
        "date": "2025-05-30",
        "time": "Early Morning",
        "state": "Mizoram",
        "district": "Lunglei",
        "source": "NESAC/NERDRR"
      },
      "geometry": {
        "type": "Point",
        "coordinates": [
          92.7059,
          22.977459
        ]
      }
    },
    {
      "type": "Feature",
      "properties": {
        "event_name": "Mauchar Landslide",
        "date": "2025-05-30",
        "time": "Early Morning",
        "state": "Mizoram",
        "district": "Aizawl",
        "source": "NESAC/NERDRR"
      },
      "geometry": {
        "type": "Point",
        "coordinates": [
          92.91937,
          24.353233
        ]
      }
    },
    {
      "type": "Feature",
      "properties": {
        "event_name": "Laitkroh Landslide 5",
        "date": "2025-05-30",
        "time": "",
        "state": "Meghalaya",
        "district": "East Khasi Hills",
        "source": "NESAC/NERDRR"
      },
      "geometry": {
        "type": "Point",
        "coordinates": [
          91.85107,
          25.438131
        ]
      }
    },
    {
      "type": "Feature",
      "properties": {
        "event_name": "Laitkroh Landslide 4",
        "date": "2025-05-30",
        "time": "",
        "state": "Meghalaya",
        "district": "East Khasi Hills",
        "source": "NESAC/NERDRR"
      },
      "geometry": {
        "type": "Point",
        "coordinates": [
          91.8491,
          25.43961
        ]
      }
    },
    {
      "type": "Feature",
      "properties": {
        "event_name": "Laitkroh Landslide 3",
        "date": "2025-05-30",
        "time": "",
        "state": "Meghalaya",
        "district": "East Khasi Hills",
        "source": "NESAC/NERDRR"
      },
      "geometry": {
        "type": "Point",
        "coordinates": [
          91.84712,
          25.440308
        ]
      }
    },
    {
      "type": "Feature",
      "properties": {
        "event_name": "Umtyngar Landslide 2",
        "date": "2025-05-30",
        "time": "",
        "state": "Meghalaya",
        "district": "East Khasi Hills",
        "source": "NESAC/NERDRR"
      },
      "geometry": {
        "type": "Point",
        "coordinates": [
          91.82614,
          25.465551
        ]
      }
    },
    {
      "type": "Feature",
      "properties": {
        "event_name": "Mylliem Landslide 13",
        "date": "2025-05-30",
        "time": "",
        "state": "Meghalaya",
        "district": "East Khasi Hills",
        "source": "NESAC/NERDRR"
      },
      "geometry": {
        "type": "Point",
        "coordinates": [
          91.82263,
          25.465935
        ]
      }
    },
    {
      "type": "Feature",
      "properties": {
        "event_name": "Mylliem Landslide 10",
        "date": "2025-05-30",
        "time": "",
        "state": "Meghalaya",
        "district": "East Khasi Hills",
        "source": "NESAC/NERDRR"
      },
      "geometry": {
        "type": "Point",
        "coordinates": [
          91.8184,
          25.468906
        ]
      }
    },
    {
      "type": "Feature",
      "properties": {
        "event_name": "Mylliem Landslide 9",
        "date": "2025-05-30",
        "time": "",
        "state": "Meghalaya",
        "district": "East Khasi Hills",
        "source": "NESAC/NERDRR"
      },
      "geometry": {
        "type": "Point",
        "coordinates": [
          91.81748,
          25.46944
        ]
      }
    },
    {
      "type": "Feature",
      "properties": {
        "event_name": "Mylliem Landslide 8",
        "date": "2025-05-30",
        "time": "",
        "state": "Meghalaya",
        "district": "East Khasi Hills",
        "source": "NESAC/NERDRR"
      },
      "geometry": {
        "type": "Point",
        "coordinates": [
          91.81608,
          25.471329
        ]
      }
    },
    {
      "type": "Feature",
      "properties": {
        "event_name": "Mylliem Landslide 6",
        "date": "2025-05-30",
        "time": "",
        "state": "Meghalaya",
        "district": "East Khasi Hills",
        "source": "NESAC/NERDRR"
      },
      "geometry": {
        "type": "Point",
        "coordinates": [
          91.81801,
          25.475647
        ]
      }
    },
    {
      "type": "Feature",
      "properties": {
        "event_name": "Mylliem Landslide 5",
        "date": "2025-05-30",
        "time": "",
        "state": "Meghalaya",
        "district": "East Khasi Hills",
        "source": "NESAC/NERDRR"
      },
      "geometry": {
        "type": "Point",
        "coordinates": [
          91.81987,
          25.486801
        ]
      }
    },
    {
      "type": "Feature",
      "properties": {
        "event_name": "Mylliem Landslide 4",
        "date": "2025-05-30",
        "time": "",
        "state": "Meghalaya",
        "district": "East Khasi Hills",
        "source": "NESAC/NERDRR"
      },
      "geometry": {
        "type": "Point",
        "coordinates": [
          91.81948,
          25.487146
        ]
      }
    },
    {
      "type": "Feature",
      "properties": {
        "event_name": "Mylliem Landslide 3",
        "date": "2025-05-30",
        "time": "",
        "state": "Meghalaya",
        "district": "East Khasi Hills",
        "source": "NESAC/NERDRR"
      },
      "geometry": {
        "type": "Point",
        "coordinates": [
          91.81959,
          25.487865
        ]
      }
    },
    {
      "type": "Feature",
      "properties": {
        "event_name": "Mylliem Landslide 2",
        "date": "2025-05-30",
        "time": "",
        "state": "Meghalaya",
        "district": "East Khasi Hills",
        "source": "NESAC/NERDRR"
      },
      "geometry": {
        "type": "Point",
        "coordinates": [
          91.82134,
          25.490862
        ]
      }
    },
    {
      "type": "Feature",
      "properties": {
        "event_name": "Bazar Veng Landslide",
        "date": "2025-05-30",
        "time": "10:30 PM",
        "state": "Mizoram",
        "district": "Lawngtlai",
        "source": "NESAC/NERDRR"
      },
      "geometry": {
        "type": "Point",
        "coordinates": [
          92.89863,
          22.530718
        ]
      }
    },
    {
      "type": "Feature",
      "properties": {
        "event_name": "Akonggre Landslide",
        "date": "2025-05-30",
        "time": "",
        "state": "Meghalaya",
        "district": "West Garo Hills",
        "source": "NESAC/NERDRR"
      },
      "geometry": {
        "type": "Point",
        "coordinates": [
          90.219826,
          25.510998
        ]
      }
    },
    {
      "type": "Feature",
      "properties": {
        "event_name": "Mawkamoit Landslide",
        "date": "2025-05-30",
        "time": "",
        "state": "Meghalaya",
        "district": "Eastern West Khasi Hills",
        "source": "NESAC/NERDRR"
      },
      "geometry": {
        "type": "Point",
        "coordinates": [
          91.475624,
          25.588413
        ]
      }
    },
    {
      "type": "Feature",
      "properties": {
        "event_name": "Lummawbah Landslide",
        "date": "2025-05-30",
        "time": "",
        "state": "Meghalaya",
        "district": "East Khasi Hills",
        "source": "NESAC/NERDRR"
      },
      "geometry": {
        "type": "Point",
        "coordinates": [
          91.86669,
          25.5685
        ]
      }
    },
    {
      "type": "Feature",
      "properties": {
        "event_name": "Mylliem Landslide",
        "date": "2025-05-30",
        "time": "",
        "state": "Meghalaya",
        "district": "East Khasi Hills",
        "source": "NESAC/NERDRR"
      },
      "geometry": {
        "type": "Point",
        "coordinates": [
          91.821815,
          25.491358
        ]
      }
    },
    {
      "type": "Feature",
      "properties": {
        "event_name": "Laitkyntung Landslide",
        "date": "2025-05-30",
        "time": "",
        "state": "Meghalaya",
        "district": "East Khasi Hills",
        "source": "NESAC/NERDRR"
      },
      "geometry": {
        "type": "Point",
        "coordinates": [
          91.7427,
          25.447466
        ]
      }
    },
    {
      "type": "Feature",
      "properties": {
        "event_name": "Bana Landslide",
        "date": "2025-05-30",
        "time": "Night",
        "state": "Arunachal Pradesh",
        "district": "East Kameng",
        "source": "NESAC/NERDRR"
      },
      "geometry": {
        "type": "Point",
        "coordinates": [
          92.95388,
          27.306158
        ]
      }
    },
    {
      "type": "Feature",
      "properties": {
        "event_name": "Bonda Landslide",
        "date": "2025-05-30",
        "time": "",
        "state": "Assam",
        "district": "Kamrup Metro",
        "source": "NESAC/NERDRR"
      },
      "geometry": {
        "type": "Point",
        "coordinates": [
          91.82928,
          26.179508
        ]
      }
    },
    {
      "type": "Feature",
      "properties": {
        "event_name": "Wah Bnoh Landslide 4",
        "date": "2025-05-30",
        "time": "",
        "state": "Meghalaya",
        "district": "East Khasi Hills",
        "source": "NESAC/NERDRR"
      },
      "geometry": {
        "type": "Point",
        "coordinates": [
          91.86312,
          25.42705
        ]
      }
    },
    {
      "type": "Feature",
      "properties": {
        "event_name": "Pagala Pahar Landslide",
        "date": "2025-05-30",
        "time": "",
        "state": "Nagaland",
        "district": "Dimapur",
        "source": "NESAC/NERDRR"
      },
      "geometry": {
        "type": "Point",
        "coordinates": [
          93.79755,
          25.7981
        ]
      }
    },
    {
      "type": "Feature",
      "properties": {
        "event_name": "Chungthang Landslide",
        "date": "2025-05-30",
        "time": "",
        "state": "Sikkim",
        "district": "Mangan",
        "source": "NESAC/NERDRR"
      },
      "geometry": {
        "type": "Point",
        "coordinates": [
          88.65213,
          27.609299
        ]
      }
    },
    {
      "type": "Feature",
      "properties": {
        "event_name": "Theeng Landslide",
        "date": "2025-05-30",
        "time": "",
        "state": "Sikkim",
        "district": "Mangan",
        "source": "NESAC/NERDRR"
      },
      "geometry": {
        "type": "Point",
        "coordinates": [
          88.59656,
          27.291597
        ]
      }
    },
    {
      "type": "Feature",
      "properties": {
        "event_name": "Jamiri Landslide",
        "date": "2025-05-30",
        "time": "",
        "state": "Arunachal Pradesh",
        "district": "West Kameng",
        "source": "NESAC/NERDRR"
      },
      "geometry": {
        "type": "Point",
        "coordinates": [
          92.59952,
          27.183315
        ]
      }
    },
    {
      "type": "Feature",
      "properties": {
        "event_name": "ISBT Bypass Landslide 3",
        "date": "2025-05-30",
        "time": "",
        "state": "Meghalaya",
        "district": "East Khasi Hills",
        "source": "NESAC/NERDRR"
      },
      "geometry": {
        "type": "Point",
        "coordinates": [
          91.90989,
          25.620525
        ]
      }
    },
    {
      "type": "Feature",
      "properties": {
        "event_name": "ISBT Bypass Landslide 2",
        "date": "2025-05-30",
        "time": "",
        "state": "Meghalaya",
        "district": "East Khasi Hills",
        "source": "NESAC/NERDRR"
      },
      "geometry": {
        "type": "Point",
        "coordinates": [
          91.91046,
          25.624798
        ]
      }
    },
    {
      "type": "Feature",
      "properties": {
        "event_name": "ISBT Bypass Landslide 1",
        "date": "2025-05-30",
        "time": "",
        "state": "Meghalaya",
        "district": "East Khasi Hills",
        "source": "NESAC/NERDRR"
      },
      "geometry": {
        "type": "Point",
        "coordinates": [
          91.897026,
          25.62575
        ]
      }
    },
    {
      "type": "Feature",
      "properties": {
        "event_name": "Umiam Landslide 12",
        "date": "2025-05-30",
        "time": "",
        "state": "Meghalaya",
        "district": "East Khasi Hills",
        "source": "NESAC/NERDRR"
      },
      "geometry": {
        "type": "Point",
        "coordinates": [
          91.89804,
          25.652927
        ]
      }
    },
    {
      "type": "Feature",
      "properties": {
        "event_name": "Umiam Landslide 11",
        "date": "2025-05-30",
        "time": "",
        "state": "Meghalaya",
        "district": "Ri Bhoi",
        "source": "NESAC/NERDRR"
      },
      "geometry": {
        "type": "Point",
        "coordinates": [
          91.9014,
          25.660728
        ]
      }
    },
    {
      "type": "Feature",
      "properties": {
        "event_name": "Umiam Landslide 10",
        "date": "2025-05-30",
        "time": "",
        "state": "Meghalaya",
        "district": "Ri Bhoi",
        "source": "NESAC/NERDRR"
      },
      "geometry": {
        "type": "Point",
        "coordinates": [
          91.90127,
          25.662724
        ]
      }
    },
    {
      "type": "Feature",
      "properties": {
        "event_name": "Umling (GS Road) Landslide",
        "date": "2025-05-24",
        "time": "",
        "state": "Meghalaya",
        "district": "Ri Bhoi",
        "source": "NESAC/NERDRR"
      },
      "geometry": {
        "type": "Point",
        "coordinates": [
          91.87609,
          25.924904
        ]
      }
    },
    {
      "type": "Feature",
      "properties": {
        "event_name": "Koroibari Landslide",
        "date": "2025-05-22",
        "time": "",
        "state": "Assam",
        "district": "Kamrup",
        "source": "NESAC/NERDRR"
      },
      "geometry": {
        "type": "Point",
        "coordinates": [
          91.69,
          26.23
        ]
      }
    },
    {
      "type": "Feature",
      "properties": {
        "event_name": "Haflong Landslide",
        "date": "2025-05-21",
        "time": "",
        "state": "Assam",
        "district": "Dima Hasao",
        "source": "NESAC/NERDRR"
      },
      "geometry": {
        "type": "Point",
        "coordinates": [
          93.00324,
          25.176868
        ]
      }
    },
    {
      "type": "Feature",
      "properties": {
        "event_name": "Sanklang Landslide",
        "date": "2025-05-21",
        "time": "",
        "state": "Sikkim",
        "district": "Mangan",
        "source": "NESAC/NERDRR"
      },
      "geometry": {
        "type": "Point",
        "coordinates": [
          88.50042,
          27.535631
        ]
      }
    },
    {
      "type": "Feature",
      "properties": {
        "event_name": "Hilltop Colony Landslide",
        "date": "2025-05-20",
        "time": "Early Morning",
        "state": "Assam",
        "district": "Kamrup Metro",
        "source": "NESAC/NERDRR"
      },
      "geometry": {
        "type": "Point",
        "coordinates": [
          91.69686,
          26.160254
        ]
      }
    },
    {
      "type": "Feature",
      "properties": {
        "event_name": "Mamadpur Pt-1 Landslide",
        "date": "2025-05-20",
        "time": "",
        "state": "Assam",
        "district": "Sribhumi",
        "source": "NESAC/NERDRR"
      },
      "geometry": {
        "type": "Point",
        "coordinates": [
          92.5,
          24.72
        ]
      }
    },
    {
      "type": "Feature",
      "properties": {
        "event_name": "Kulinag Landslide",
        "date": "2025-05-20",
        "time": "Early Morning",
        "state": "Meghalaya",
        "district": "East Jaintia Hills",
        "source": "NESAC/NERDRR"
      },
      "geometry": {
        "type": "Point",
        "coordinates": [
          92.36236,
          25.080553
        ]
      }
    },
    {
      "type": "Feature",
      "properties": {
        "event_name": "Shipgyer Landslide (Rockfall)",
        "date": "2025-05-16",
        "time": "6:00 PM",
        "state": "Sikkim",
        "district": "Mangan",
        "source": "NESAC/NERDRR"
      },
      "geometry": {
        "type": "Point",
        "coordinates": [
          88.64758,
          27.556137
        ]
      }
    },
    {
      "type": "Feature",
      "properties": {
        "event_name": "Lachung Landslide",
        "date": "2025-05-15",
        "time": "Early Hours",
        "state": "Sikkim",
        "district": "Mangan",
        "source": "NESAC/NERDRR"
      },
      "geometry": {
        "type": "Point",
        "coordinates": [
          88.7463,
          27.694647
        ]
      }
    },
    {
      "type": "Feature",
      "properties": {
        "event_name": "Namak Khola Landslide",
        "date": "2025-05-15",
        "time": "",
        "state": "Sikkim",
        "district": "Gangtok",
        "source": "NESAC/NERDRR"
      },
      "geometry": {
        "type": "Point",
        "coordinates": [
          88.51528,
          27.436071
        ]
      }
    },
    {
      "type": "Feature",
      "properties": {
        "event_name": "Sichey Landslide",
        "date": "2025-05-12",
        "time": "6:30 PM",
        "state": "Sikkim",
        "district": "Gangtok",
        "source": "NESAC/NERDRR"
      },
      "geometry": {
        "type": "Point",
        "coordinates": [
          88.60494,
          27.34305
        ]
      }
    },
    {
      "type": "Feature",
      "properties": {
        "event_name": "Dona Skur Landslide",
        "date": "2025-05-11",
        "time": "Evening Hours",
        "state": "Meghalaya",
        "district": "East Jaintia Hills",
        "source": "NESAC/NERDRR"
      },
      "geometry": {
        "type": "Point",
        "coordinates": [
          92.40813,
          25.048592
        ]
      }
    },
    {
      "type": "Feature",
      "properties": {
        "event_name": "Seling Landslide",
        "date": "2025-05-10",
        "time": "Morning",
        "state": "Mizoram",
        "district": "Aizawl",
        "source": "NESAC/NERDRR"
      },
      "geometry": {
        "type": "Point",
        "coordinates": [
          92.89089,
          23.666712
        ]
      }
    },
    {
      "type": "Feature",
      "properties": {
        "event_name": "Yingkiong Landslide",
        "date": "2025-04-29",
        "time": "",
        "state": "Arunachal Pradesh",
        "district": "Upper Siang",
        "source": "NESAC/NERDRR"
      },
      "geometry": {
        "type": "Point",
        "coordinates": [
          95.04372,
          28.622713
        ]
      }
    },
    {
      "type": "Feature",
      "properties": {
        "event_name": "Rite Landslide",
        "date": "2025-04-29",
        "time": "",
        "state": "Arunachal Pradesh",
        "district": "Kurung Kumey",
        "source": "NESAC/NERDRR"
      },
      "geometry": {
        "type": "Point",
        "coordinates": [
          93.39982,
          27.86772
        ]
      }
    },
    {
      "type": "Feature",
      "properties": {
        "event_name": "Parsi Landslide",
        "date": "2025-04-28",
        "time": "",
        "state": "Arunachal Pradesh",
        "district": "Kurung Kumey",
        "source": "NESAC/NERDRR"
      },
      "geometry": {
        "type": "Point",
        "coordinates": [
          93.50261,
          27.916384
        ]
      }
    },
    {
      "type": "Feature",
      "properties": {
        "event_name": "Kibithoo Landslide",
        "date": "2025-04-25",
        "time": "",
        "state": "Arunachal Pradesh",
        "district": "Anjaw",
        "source": "NESAC/NERDRR"
      },
      "geometry": {
        "type": "Point",
        "coordinates": [
          97.01467,
          28.277672
        ]
      }
    },
    {
      "type": "Feature",
      "properties": {
        "event_name": "Munshithang Landslide",
        "date": "2025-04-24",
        "time": "Night",
        "state": "Sikkim",
        "district": "Mangan",
        "source": "NESAC/NERDRR"
      },
      "geometry": {
        "type": "Point",
        "coordinates": [
          88.620766,
          27.627798
        ]
      }
    },
    {
      "type": "Feature",
      "properties": {
        "event_name": "Lema Landslide",
        "date": "2025-04-24",
        "time": "Night",
        "state": "Sikkim",
        "district": "Mangan",
        "source": "NESAC/NERDRR"
      },
      "geometry": {
        "type": "Point",
        "coordinates": [
          88.686615,
          27.628424
        ]
      }
    },
    {
      "type": "Feature",
      "properties": {
        "event_name": "Tidding Landslide",
        "date": "2025-04-23",
        "time": "",
        "state": "Arunachal Pradesh",
        "district": "Anjaw",
        "source": "NESAC/NERDRR"
      },
      "geometry": {
        "type": "Point",
        "coordinates": [
          96.40653,
          27.987906
        ]
      }
    },
    {
      "type": "Feature",
      "properties": {
        "event_name": "Tagum Landslide",
        "date": "2025-04-23",
        "time": "",
        "state": "Arunachal Pradesh",
        "district": "Kurung Kumey",
        "source": "NESAC/NERDRR"
      },
      "geometry": {
        "type": "Point",
        "coordinates": [
          93.50443,
          27.832651
        ]
      }
    },
    {
      "type": "Feature",
      "properties": {
        "event_name": "Joda Landslide",
        "date": "2025-04-14",
        "time": "",
        "state": "Arunachal Pradesh",
        "district": "Changlang",
        "source": "NESAC/NERDRR"
      },
      "geometry": {
        "type": "Point",
        "coordinates": [
          95.90869,
          27.228836
        ]
      }
    },
    {
      "type": "Feature",
      "properties": {
        "event_name": "Mosing Landslide",
        "date": "2025-04-02",
        "time": "",
        "state": "Arunachal Pradesh",
        "district": "Upper Siang",
        "source": "NESAC/NERDRR"
      },
      "geometry": {
        "type": "Point",
        "coordinates": [
          94.801384,
          28.805548
        ]
      }
    },
    {
      "type": "Feature",
      "properties": {
        "event_name": "Mompani Landslide",
        "date": "2025-04-02",
        "time": "",
        "state": "Arunachal Pradesh",
        "district": "Anjaw",
        "source": "NESAC/NERDRR"
      },
      "geometry": {
        "type": "Point",
        "coordinates": [
          96.43806,
          28.038256
        ]
      }
    },
    {
      "type": "Feature",
      "properties": {
        "event_name": "Janbo Landslide",
        "date": "2025-04-01",
        "time": "",
        "state": "Arunachal Pradesh",
        "district": "Upper Siang",
        "source": "NESAC/NERDRR"
      },
      "geometry": {
        "type": "Point",
        "coordinates": [
          94.85587,
          28.771133
        ]
      }
    },
    {
      "type": "Feature",
      "properties": {
        "event_name": "Rajgobinadapur Landslide",
        "date": "2025-03-31",
        "time": "",
        "state": "Assam",
        "district": "Cachar",
        "source": "NESAC/NERDRR"
      },
      "geometry": {
        "type": "Point",
        "coordinates": [
          92.832405,
          24.533691
        ]
      }
    },
    {
      "type": "Feature",
      "properties": {
        "event_name": "Sonapur Tunnel Landslide",
        "date": "2025-03-18",
        "time": "",
        "state": "Meghalaya",
        "district": "East Jaintia Hills",
        "source": "NESAC/NERDRR"
      },
      "geometry": {
        "type": "Point",
        "coordinates": [
          92.36161,
          25.105621
        ]
      }
    },
    {
      "type": "Feature",
      "properties": {
        "event_name": "Nungdalal Landslide",
        "date": "2025-03-15",
        "time": "",
        "state": "Manipur",
        "district": "Tamenglong district",
        "source": "NESAC/NERDRR"
      },
      "geometry": {
        "type": "Point",
        "coordinates": [
          93.31356,
          24.76901
        ]
      }
    },
    {
      "type": "Feature",
      "properties": {
        "event_name": "Anini Landslide",
        "date": "2025-03-12",
        "time": "",
        "state": "Arunachal Pradesh",
        "district": "Dibang Valley",
        "source": "NESAC/NERDRR"
      },
      "geometry": {
        "type": "Point",
        "coordinates": [
          95.90884,
          28.788464
        ]
      }
    },
    {
      "type": "Feature",
      "properties": {
        "event_name": "Etalin Landslide",
        "date": "2025-03-04",
        "time": "",
        "state": "Arunachal Pradesh",
        "district": "Dibang Valley",
        "source": "NESAC/NERDRR"
      },
      "geometry": {
        "type": "Point",
        "coordinates": [
          95.8566,
          28.628866
        ]
      }
    },
    {
      "type": "Feature",
      "properties": {
        "event_name": "Anini Landslide",
        "date": "2025-02-26",
        "time": "",
        "state": "Arunachal Pradesh",
        "district": "Dibang Valley",
        "source": "NESAC/NERDRR"
      },
      "geometry": {
        "type": "Point",
        "coordinates": [
          95.90903,
          28.788328
        ]
      }
    },
    {
      "type": "Feature",
      "properties": {
        "event_name": "Attesia Landslide",
        "date": "2024-10-05",
        "time": "",
        "state": "Meghalaya",
        "district": "South Garo Hills",
        "source": "NESAC/NERDRR"
      },
      "geometry": {
        "type": "Point",
        "coordinates": [
          90.424194,
          25.236002
        ]
      }
    },
    {
      "type": "Feature",
      "properties": {
        "event_name": "KMC Dumping Landslide",
        "date": "2024-10-04",
        "time": "",
        "state": "Nagaland",
        "district": "Kohima",
        "source": "NESAC/NERDRR"
      },
      "geometry": {
        "type": "Point",
        "coordinates": [
          94.068535,
          25.710897
        ]
      }
    },
    {
      "type": "Feature",
      "properties": {
        "event_name": "Kaspi Landslide",
        "date": "2024-10-04",
        "time": "",
        "state": "Arunachal Pradesh",
        "district": "West Kameng",
        "source": "NESAC/NERDRR"
      },
      "geometry": {
        "type": "Point",
        "coordinates": [
          92.562965,
          27.203922
        ]
      }
    },
    {
      "type": "Feature",
      "properties": {
        "event_name": "Koinadubi Landslide",
        "date": "2024-10-04",
        "time": "",
        "state": "Meghalaya",
        "district": "West Garo Hills",
        "source": "NESAC/NERDRR"
      },
      "geometry": {
        "type": "Point",
        "coordinates": [
          90.23766,
          25.267237
        ]
      }
    },
    {
      "type": "Feature",
      "properties": {
        "event_name": "Awangkhul Rangkhung Landslide",
        "date": "2024-10-01",
        "time": "",
        "state": "Manipur",
        "district": "Noney",
        "source": "NESAC/NERDRR"
      },
      "geometry": {
        "type": "Point",
        "coordinates": [
          93.5706,
          24.838034
        ]
      }
    },
    {
      "type": "Feature",
      "properties": {
        "event_name": "Rang Rang Landslide",
        "date": "2024-09-30",
        "time": "",
        "state": "Sikkim",
        "district": "Mangan",
        "source": "NESAC/NERDRR"
      },
      "geometry": {
        "type": "Point",
        "coordinates": [
          88.52716,
          27.477747
        ]
      }
    },
    {
      "type": "Feature",
      "properties": {
        "event_name": "Lower Tintek Landslide",
        "date": "2024-09-30",
        "time": "",
        "state": "Sikkim",
        "district": "Gangtok",
        "source": "NESAC/NERDRR"
      },
      "geometry": {
        "type": "Point",
        "coordinates": [
          88.49725,
          27.378075
        ]
      }
    },
    {
      "type": "Feature",
      "properties": {
        "event_name": "Kuliang Landslide",
        "date": "2024-09-30",
        "time": "",
        "state": "Meghalaya",
        "district": "East Jaintia Hills",
        "source": "NESAC/NERDRR"
      },
      "geometry": {
        "type": "Point",
        "coordinates": [
          92.36218,
          25.080517
        ]
      }
    },
    {
      "type": "Feature",
      "properties": {
        "event_name": "Ribdi Bhareng Landslide",
        "date": "2024-09-30",
        "time": "",
        "state": "Sikkim",
        "district": "Soreng",
        "source": "NESAC/NERDRR"
      },
      "geometry": {
        "type": "Point",
        "coordinates": [
          88.09037,
          27.176046
        ]
      }
    },
    {
      "type": "Feature",
      "properties": {
        "event_name": "KMC Dumping Landslide",
        "date": "2024-09-09",
        "time": "",
        "state": "Nagaland",
        "district": "Kohima",
        "source": "NESAC/NERDRR"
      },
      "geometry": {
        "type": "Point",
        "coordinates": [
          94.06853,
          25.710966
        ]
      }
    },
    {
      "type": "Feature",
      "properties": {
        "event_name": "Bramadungchung Landslide",
        "date": "2024-09-07",
        "time": "",
        "state": "Arunachal Pradesh",
        "district": "Tawang",
        "source": "NESAC/NERDRR"
      },
      "geometry": {
        "type": "Point",
        "coordinates": [
          91.85765,
          27.611052
        ]
      }
    },
    {
      "type": "Feature",
      "properties": {
        "event_name": "Shangbangla Landslide",
        "date": "2024-09-06",
        "time": "",
        "state": "Meghalaya",
        "district": "Ri Bhoi",
        "source": "NESAC/NERDRR"
      },
      "geometry": {
        "type": "Point",
        "coordinates": [
          91.86518,
          25.951567
        ]
      }
    },
    {
      "type": "Feature",
      "properties": {
        "event_name": "Pherima Landslide",
        "date": "2024-09-03",
        "time": "11:00 PM",
        "state": "Nagaland",
        "district": "Chumoukedima",
        "source": "NESAC/NERDRR"
      },
      "geometry": {
        "type": "Point",
        "coordinates": [
          93.91372,
          25.773952
        ]
      }
    },
    {
      "type": "Feature",
      "properties": {
        "event_name": "Longsa Landslide",
        "date": "2024-08-29",
        "time": "",
        "state": "Nagaland",
        "district": "Wokha",
        "source": "NESAC/NERDRR"
      },
      "geometry": {
        "type": "Point",
        "coordinates": [
          94.53773,
          26.249363
        ]
      }
    },
    {
      "type": "Feature",
      "properties": {
        "event_name": "Pakyong Landslide",
        "date": "2024-08-29",
        "time": "",
        "state": "Sikkim",
        "district": "Pakyong",
        "source": "NESAC/NERDRR"
      },
      "geometry": {
        "type": "Point",
        "coordinates": [
          88.593666,
          27.23968
        ]
      }
    },
    {
      "type": "Feature",
      "properties": {
        "event_name": "Kawnpui Landslide",
        "date": "2024-08-28",
        "time": "",
        "state": "Mizoram",
        "district": "Kolasib",
        "source": "NESAC/NERDRR"
      },
      "geometry": {
        "type": "Point",
        "coordinates": [
          92.643936,
          23.994354
        ]
      }
    },
    {
      "type": "Feature",
      "properties": {
        "event_name": "Etsuchuka Colony Landslide",
        "date": "2024-08-26",
        "time": "3:00 PM",
        "state": "Nagaland",
        "district": "Wokha",
        "source": "NESAC/NERDRR"
      },
      "geometry": {
        "type": "Point",
        "coordinates": [
          94.25499,
          26.098734
        ]
      }
    },
    {
      "type": "Feature",
      "properties": {
        "event_name": "Mokokchung Landslide",
        "date": "2024-08-26",
        "time": "",
        "state": "Nagaland",
        "district": "Mokokchung",
        "source": "NESAC/NERDRR"
      },
      "geometry": {
        "type": "Point",
        "coordinates": [
          94.58633,
          26.302048
        ]
      }
    },
    {
      "type": "Feature",
      "properties": {
        "event_name": "Khonoma Landslide",
        "date": "2024-08-23",
        "time": "",
        "state": "Nagaland",
        "district": "Kohima",
        "source": "NESAC/NERDRR"
      },
      "geometry": {
        "type": "Point",
        "coordinates": [
          94.04216,
          25.670326
        ]
      }
    },
    {
      "type": "Feature",
      "properties": {
        "event_name": "Nutan Bazar Landslide",
        "date": "2024-08-22",
        "time": "",
        "state": "Tripura",
        "district": "South Tripura",
        "source": "NESAC/NERDRR"
      },
      "geometry": {
        "type": "Point",
        "coordinates": [
          91.75562,
          23.423168
        ]
      }
    },
    {
      "type": "Feature",
      "properties": {
        "event_name": "Gardang Landslide",
        "date": "2024-08-22",
        "time": "",
        "state": "Tripura",
        "district": "South Tripura",
        "source": "NESAC/NERDRR"
      },
      "geometry": {
        "type": "Point",
        "coordinates": [
          91.524155,
          23.31297
        ]
      }
    },
    {
      "type": "Feature",
      "properties": {
        "event_name": "Balutar Landslide",
        "date": "2024-08-20",
        "time": "",
        "state": "Sikkim",
        "district": "Gangtok",
        "source": "NESAC/NERDRR"
      },
      "geometry": {
        "type": "Point",
        "coordinates": [
          88.459656,
          27.251692
        ]
      }
    },
    {
      "type": "Feature",
      "properties": {
        "event_name": "Saikar Landslide",
        "date": "2024-08-19",
        "time": "",
        "state": "Tripura",
        "district": "Dhalai",
        "source": "NESAC/NERDRR"
      },
      "geometry": {
        "type": "Point",
        "coordinates": [
          91.908104,
          24.10965
        ]
      }
    },
    {
      "type": "Feature",
      "properties": {
        "event_name": "Debipur Landslide",
        "date": "2024-08-19",
        "time": "",
        "state": "Tripura",
        "district": "South Tripura",
        "source": "NESAC/NERDRR"
      },
      "geometry": {
        "type": "Point",
        "coordinates": [
          91.51687,
          23.167875
        ]
      }
    },
    {
      "type": "Feature",
      "properties": {
        "event_name": "Teliamura Landslide",
        "date": "2024-08-19",
        "time": "",
        "state": "Tripura",
        "district": "Khowai",
        "source": "NESAC/NERDRR"
      },
      "geometry": {
        "type": "Point",
        "coordinates": [
          91.63496,
          23.839928
        ]
      }
    },
    {
      "type": "Feature",
      "properties": {
        "event_name": "Awangkhul Landslide",
        "date": "2024-08-18",
        "time": "",
        "state": "Manipur",
        "district": "Noney",
        "source": "NESAC/NERDRR"
      },
      "geometry": {
        "type": "Point",
        "coordinates": [
          93.556465,
          24.819607
        ]
      }
    },
    {
      "type": "Feature",
      "properties": {
        "event_name": "K. Sinam Landslide",
        "date": "2024-08-18",
        "time": "",
        "state": "Manipur",
        "district": "Kangpokpi",
        "source": "NESAC/NERDRR"
      },
      "geometry": {
        "type": "Point",
        "coordinates": [
          93.731865,
          24.788933
        ]
      }
    },
    {
      "type": "Feature",
      "properties": {
        "event_name": "Kuliang Landslide",
        "date": "2024-08-17",
        "time": "Afternoon",
        "state": "Meghalaya",
        "district": "East Jaintia Hills",
        "source": "NESAC/NERDRR"
      },
      "geometry": {
        "type": "Point",
        "coordinates": [
          92.36212,
          25.080524
        ]
      }
    },
    {
      "type": "Feature",
      "properties": {
        "event_name": "Zubza Landslide",
        "date": "2024-08-14",
        "time": "",
        "state": "Nagaland",
        "district": "Kohima",
        "source": "NESAC/NERDRR"
      },
      "geometry": {
        "type": "Point",
        "coordinates": [
          94.03426,
          25.724445
        ]
      }
    },
    {
      "type": "Feature",
      "properties": {
        "event_name": "Hamleikhong Landslide",
        "date": "2024-08-12",
        "time": "",
        "state": "Manipur",
        "district": "Ukhrul",
        "source": "NESAC/NERDRR"
      },
      "geometry": {
        "type": "Point",
        "coordinates": [
          94.35854,
          25.091997
        ]
      }
    },
    {
      "type": "Feature",
      "properties": {
        "event_name": "Kuliang Landslide",
        "date": "2024-08-12",
        "time": "",
        "state": "Meghalaya",
        "district": "East Jaintia Hills",
        "source": "NESAC/NERDRR"
      },
      "geometry": {
        "type": "Point",
        "coordinates": [
          92.36224,
          25.080524
        ]
      }
    },
    {
      "type": "Feature",
      "properties": {
        "event_name": "Lophukhong  Landslide",
        "date": "2024-08-12",
        "time": "",
        "state": "Nagaland",
        "district": "Kiphire",
        "source": "NESAC/NERDRR"
      },
      "geometry": {
        "type": "Point",
        "coordinates": [
          94.93012,
          25.6992
        ]
      }
    },
    {
      "type": "Feature",
      "properties": {
        "event_name": "Damchera Landslide",
        "date": "2024-08-10",
        "time": "",
        "state": "Assam",
        "district": "Dima Hasao",
        "source": "NESAC/NERDRR"
      },
      "geometry": {
        "type": "Point",
        "coordinates": [
          92.747314,
          25.006926
        ]
      }
    },
    {
      "type": "Feature",
      "properties": {
        "event_name": "Nungba Landslide",
        "date": "2024-08-07",
        "time": "Early Hours",
        "state": "Manipur",
        "district": "Churachandpur",
        "source": "NESAC/NERDRR"
      },
      "geometry": {
        "type": "Point",
        "coordinates": [
          93.42788,
          24.756475
        ]
      }
    },
    {
      "type": "Feature",
      "properties": {
        "event_name": "Kaimai Landslide",
        "date": "2024-08-07",
        "time": "",
        "state": "Manipur",
        "district": "Tamenglong",
        "source": "NESAC/NERDRR"
      },
      "geometry": {
        "type": "Point",
        "coordinates": [
          93.26164,
          24.720467
        ]
      }
    },
    {
      "type": "Feature",
      "properties": {
        "event_name": "Kuliang Landslide",
        "date": "2024-08-06",
        "time": "",
        "state": "Meghalaya",
        "district": "East Jaintia Hills",
        "source": "NESAC/NERDRR"
      },
      "geometry": {
        "type": "Point",
        "coordinates": [
          92.36236,
          25.080524
        ]
      }
    },
    {
      "type": "Feature",
      "properties": {
        "event_name": "Sonapur Tunnel Landslide",
        "date": "2024-08-06",
        "time": "",
        "state": "Meghalaya",
        "district": "East Jaintia Hills",
        "source": "NESAC/NERDRR"
      },
      "geometry": {
        "type": "Point",
        "coordinates": [
          92.36103,
          25.106369
        ]
      }
    },
    {
      "type": "Feature",
      "properties": {
        "event_name": "Jiribam Sonapur Landslide",
        "date": "2024-08-06",
        "time": "",
        "state": "Manipur",
        "district": "Jiribam",
        "source": "NESAC/NERDRR"
      },
      "geometry": {
        "type": "Point",
        "coordinates": [
          93.138794,
          24.750957
        ]
      }
    },
    {
      "type": "Feature",
      "properties": {
        "event_name": "Dzuu Landslide",
        "date": "2024-08-04",
        "time": "",
        "state": "Nagaland",
        "district": "Kohima",
        "source": "NESAC/NERDRR"
      },
      "geometry": {
        "type": "Point",
        "coordinates": [
          94.18373,
          25.671316
        ]
      }
    },
    {
      "type": "Feature",
      "properties": {
        "event_name": "Thanga Part II Landslide",
        "date": "2024-08-01",
        "time": "",
        "state": "Manipur",
        "district": "Bishnupur",
        "source": "NESAC/NERDRR"
      },
      "geometry": {
        "type": "Point",
        "coordinates": [
          93.81729,
          24.52563
        ]
      }
    },
    {
      "type": "Feature",
      "properties": {
        "event_name": "Thanga Ngaram Landslide",
        "date": "2024-08-01",
        "time": "",
        "state": "Manipur",
        "district": "Bishnupur",
        "source": "NESAC/NERDRR"
      },
      "geometry": {
        "type": "Point",
        "coordinates": [
          93.81477,
          24.522602
        ]
      }
    },
    {
      "type": "Feature",
      "properties": {
        "event_name": "Thanga Part I Landslide",
        "date": "2024-08-01",
        "time": "",
        "state": "Manipur",
        "district": "Bishnupur",
        "source": "NESAC/NERDRR"
      },
      "geometry": {
        "type": "Point",
        "coordinates": [
          93.83401,
          24.534548
        ]
      }
    },
    {
      "type": "Feature",
      "properties": {
        "event_name": "Heisnam Landslide",
        "date": "2024-08-01",
        "time": "",
        "state": "Manipur",
        "district": "Bishnupur",
        "source": "NESAC/NERDRR"
      },
      "geometry": {
        "type": "Point",
        "coordinates": [
          93.820015,
          24.527111
        ]
      }
    },
    {
      "type": "Feature",
      "properties": {
        "event_name": "Oinam Landslide",
        "date": "2024-08-01",
        "time": "",
        "state": "Manipur",
        "district": "Bishnupur",
        "source": "NESAC/NERDRR"
      },
      "geometry": {
        "type": "Point",
        "coordinates": [
          93.91901,
          24.735023
        ]
      }
    },
    {
      "type": "Feature",
      "properties": {
        "event_name": "Sinam Landslide",
        "date": "2024-07-29",
        "time": "",
        "state": "Manipur",
        "district": "Imphal East",
        "source": "NESAC/NERDRR"
      },
      "geometry": {
        "type": "Point",
        "coordinates": [
          93.79057,
          24.776396
        ]
      }
    },
    {
      "type": "Feature",
      "properties": {
        "event_name": "Dimthanlong Landslide",
        "date": "2024-07-29",
        "time": "",
        "state": "Manipur",
        "district": "Tamenglong",
        "source": "NESAC/NERDRR"
      },
      "geometry": {
        "type": "Point",
        "coordinates": [
          93.49901,
          24.981306
        ]
      }
    },
    {
      "type": "Feature",
      "properties": {
        "event_name": "Rengpang Landslide",
        "date": "2024-07-29",
        "time": "",
        "state": "Manipur",
        "district": "Tamenglong",
        "source": "NESAC/NERDRR"
      },
      "geometry": {
        "type": "Point",
        "coordinates": [
          93.436005,
          24.766315
        ]
      }
    },
    {
      "type": "Feature",
      "properties": {
        "event_name": "Taodaijang Landslide",
        "date": "2024-07-29",
        "time": "",
        "state": "Manipur",
        "district": "Tamenglong",
        "source": "NESAC/NERDRR"
      },
      "geometry": {
        "type": "Point",
        "coordinates": [
          93.46316,
          24.751211
        ]
      }
    },
    {
      "type": "Feature",
      "properties": {
        "event_name": "Pezielietsie Colony Landslide",
        "date": "2024-07-26",
        "time": "",
        "state": "Nagaland",
        "district": "Kohima",
        "source": "NESAC/NERDRR"
      },
      "geometry": {
        "type": "Point",
        "coordinates": [
          94.10303,
          25.680683
        ]
      }
    },
    {
      "type": "Feature",
      "properties": {
        "event_name": "Lakhuti Landslide",
        "date": "2024-07-22",
        "time": "1:30 AM",
        "state": "Nagaland",
        "district": "Wokha",
        "source": "NESAC/NERDRR"
      },
      "geometry": {
        "type": "Point",
        "coordinates": [
          94.24665,
          26.2956
        ]
      }
    },
    {
      "type": "Feature",
      "properties": {
        "event_name": "Toong Landslide",
        "date": "2024-07-22",
        "time": "",
        "state": "Sikkim",
        "district": "Mangan",
        "source": "NESAC/NERDRR"
      },
      "geometry": {
        "type": "Point",
        "coordinates": [
          88.65081,
          27.56807
        ]
      }
    },
    {
      "type": "Feature",
      "properties": {
        "event_name": "Holongi Landslide",
        "date": "2024-07-22",
        "time": "",
        "state": "Arunachal Pradesh",
        "district": "Papum Pare",
        "source": "NESAC/NERDRR"
      },
      "geometry": {
        "type": "Point",
        "coordinates": [
          93.621826,
          27.031002
        ]
      }
    },
    {
      "type": "Feature",
      "properties": {
        "event_name": "Tchuyiro colony Landslide",
        "date": "2024-07-22",
        "time": "",
        "state": "Nagaland",
        "district": "Wokha",
        "source": "NESAC/NERDRR"
      },
      "geometry": {
        "type": "Point",
        "coordinates": [
          94.25861,
          26.09928
        ]
      }
    },
    {
      "type": "Feature",
      "properties": {
        "event_name": "Munsi Thang Landslide",
        "date": "2024-07-21",
        "time": "",
        "state": "Sikkim",
        "district": "Mangan",
        "source": "NESAC/NERDRR"
      },
      "geometry": {
        "type": "Point",
        "coordinates": [
          88.5491,
          27.821491
        ]
      }
    },
    {
      "type": "Feature",
      "properties": {
        "event_name": "Maupur Landslide",
        "date": "2024-07-18",
        "time": "",
        "state": "Meghalaya",
        "district": "Ri Bhoi",
        "source": "NESAC/NERDRR"
      },
      "geometry": {
        "type": "Point",
        "coordinates": [
          91.86906,
          26.029621
        ]
      }
    },
    {
      "type": "Feature",
      "properties": {
        "event_name": "Wokha Landslide",
        "date": "2024-07-15",
        "time": "5:00 AM",
        "state": "Nagaland",
        "district": "Wokha",
        "source": "NESAC/NERDRR"
      },
      "geometry": {
        "type": "Point",
        "coordinates": [
          94.25558,
          26.107403
        ]
      }
    },
    {
      "type": "Feature",
      "properties": {
        "event_name": "Pahamrinai Landslide",
        "date": "2024-07-14",
        "time": "",
        "state": "Meghalaya",
        "district": "Ri Bhoi",
        "source": "NESAC/NERDRR"
      },
      "geometry": {
        "type": "Point",
        "coordinates": [
          91.875305,
          25.809076
        ]
      }
    },
    {
      "type": "Feature",
      "properties": {
        "event_name": "Palizi Landslide",
        "date": "2024-07-14",
        "time": "",
        "state": "Arunachal Pradesh",
        "district": "West Kameng",
        "source": "NESAC/NERDRR"
      },
      "geometry": {
        "type": "Point",
        "coordinates": [
          92.7929,
          27.30709
        ]
      }
    },
    {
      "type": "Feature",
      "properties": {
        "event_name": "Dadenggre Landslide",
        "date": "2024-07-13",
        "time": "",
        "state": "Meghalaya",
        "district": "West Garo Hills",
        "source": "NESAC/NERDRR"
      },
      "geometry": {
        "type": "Point",
        "coordinates": [
          90.193855,
          25.724651
        ]
      }
    },
    {
      "type": "Feature",
      "properties": {
        "event_name": "Makha Landslide",
        "date": "2024-07-12",
        "time": "",
        "state": "Sikkim",
        "district": "Gangtok",
        "source": "NESAC/NERDRR"
      },
      "geometry": {
        "type": "Point",
        "coordinates": [
          88.32418,
          27.351643
        ]
      }
    },
    {
      "type": "Feature",
      "properties": {
        "event_name": "Bonda Landslide",
        "date": "2024-07-12",
        "time": "",
        "state": "Assam",
        "district": "Kamrup Metro",
        "source": "NESAC/NERDRR"
      },
      "geometry": {
        "type": "Point",
        "coordinates": [
          91.82924,
          26.179508
        ]
      }
    },
    {
      "type": "Feature",
      "properties": {
        "event_name": "Seca Khel Landslide",
        "date": "2024-07-12",
        "time": "",
        "state": "Nagaland",
        "district": "Kohima",
        "source": "NESAC/NERDRR"
      },
      "geometry": {
        "type": "Point",
        "coordinates": [
          94.12725,
          25.607096
        ]
      }
    },
    {
      "type": "Feature",
      "properties": {
        "event_name": "Kuliang Landslide",
        "date": "2024-07-12",
        "time": "Morning",
        "state": "Meghalaya",
        "district": "East Jaintia Hills",
        "source": "NESAC/NERDRR"
      },
      "geometry": {
        "type": "Point",
        "coordinates": [
          92.36241,
          25.08048
        ]
      }
    },
    {
      "type": "Feature",
      "properties": {
        "event_name": "Alahuto Landslide",
        "date": "2024-07-07",
        "time": "4:00 PM",
        "state": "Nagaland",
        "district": "Zunheboto",
        "source": "NESAC/NERDRR"
      },
      "geometry": {
        "type": "Point",
        "coordinates": [
          94.531075,
          26.0159
        ]
      }
    },
    {
      "type": "Feature",
      "properties": {
        "event_name": "Babuk Landslide",
        "date": "2024-07-06",
        "time": "1:00 AM",
        "state": "Arunachal Pradesh",
        "district": "Siang District",
        "source": "NESAC/NERDRR"
      },
      "geometry": {
        "type": "Point",
        "coordinates": [
          95.09307,
          28.142494
        ]
      }
    },
    {
      "type": "Feature",
      "properties": {
        "event_name": "Umran Village",
        "date": "2024-07-06",
        "time": "",
        "state": "Meghalaya",
        "district": "Ri Bhoi",
        "source": "NESAC/NERDRR"
      },
      "geometry": {
        "type": "Point",
        "coordinates": [
          91.87472,
          25.781195
        ]
      }
    },
    {
      "type": "Feature",
      "properties": {
        "event_name": "Palin Landslide",
        "date": "2024-07-05",
        "time": "",
        "state": "Arunachal Pradesh",
        "district": "Kra Daadi",
        "source": "NESAC/NERDRR"
      },
      "geometry": {
        "type": "Point",
        "coordinates": [
          93.63616,
          27.72775
        ]
      }
    },
    {
      "type": "Feature",
      "properties": {
        "event_name": "Mompani Landslide",
        "date": "2024-07-05",
        "time": "",
        "state": "Arunachal Pradesh",
        "district": "Anjaw",
        "source": "NESAC/NERDRR"
      },
      "geometry": {
        "type": "Point",
        "coordinates": [
          96.439964,
          28.047144
        ]
      }
    },
    {
      "type": "Feature",
      "properties": {
        "event_name": "Chessore Landslide",
        "date": "2024-07-05",
        "time": "",
        "state": "Nagaland",
        "district": "Shamator",
        "source": "NESAC/NERDRR"
      },
      "geometry": {
        "type": "Point",
        "coordinates": [
          94.74677,
          26.090935
        ]
      }
    },
    {
      "type": "Feature",
      "properties": {
        "event_name": "Karsingsa Landslide",
        "date": "2024-07-05",
        "time": "Morning",
        "state": "Arunachal Pradesh",
        "district": "Papum Pare",
        "source": "NESAC/NERDRR"
      },
      "geometry": {
        "type": "Point",
        "coordinates": [
          93.78363,
          27.12184
        ]
      }
    },
    {
      "type": "Feature",
      "properties": {
        "event_name": "Shi Yomi Landslide",
        "date": "2024-07-05",
        "time": "",
        "state": "Arunachal Pradesh",
        "district": "Shi Yomi",
        "source": "NESAC/NERDRR"
      },
      "geometry": {
        "type": "Point",
        "coordinates": [
          94.31614,
          28.697523
        ]
      }
    },
    {
      "type": "Feature",
      "properties": {
        "event_name": "8th Mile Landslide",
        "date": "2024-07-04",
        "time": "Night",
        "state": "Assam",
        "district": "Kamrup Metro",
        "source": "NESAC/NERDRR"
      },
      "geometry": {
        "type": "Point",
        "coordinates": [
          91.84622,
          26.111528
        ]
      }
    },
    {
      "type": "Feature",
      "properties": {
        "event_name": "Baghmara Landslide",
        "date": "2024-07-04",
        "time": "",
        "state": "Meghalaya",
        "district": "South Garo Hills",
        "source": "NESAC/NERDRR"
      },
      "geometry": {
        "type": "Point",
        "coordinates": [
          90.647415,
          25.19338
        ]
      }
    },
    {
      "type": "Feature",
      "properties": {
        "event_name": "Kangpokpi Landslide",
        "date": "2024-07-04",
        "time": "11:00 PM",
        "state": "Manipur",
        "district": "Kangpokpi",
        "source": "NESAC/NERDRR"
      },
      "geometry": {
        "type": "Point",
        "coordinates": [
          93.96529,
          25.131905
        ]
      }
    },
    {
      "type": "Feature",
      "properties": {
        "event_name": "Pangin Landslide",
        "date": "2024-07-04",
        "time": "",
        "state": "Arunachal Pradesh",
        "district": "Siang District",
        "source": "NESAC/NERDRR"
      },
      "geometry": {
        "type": "Point",
        "coordinates": [
          94.98636,
          28.233305
        ]
      }
    },
    {
      "type": "Feature",
      "properties": {
        "event_name": "Baghmara 2 Landslide",
        "date": "2024-07-04",
        "time": "",
        "state": "Meghalaya",
        "district": "South Garo Hills",
        "source": "NESAC/NERDRR"
      },
      "geometry": {
        "type": "Point",
        "coordinates": [
          90.633675,
          25.210054
        ]
      }
    },
    {
      "type": "Feature",
      "properties": {
        "event_name": "K.Wongthu Landslide",
        "date": "2024-07-03",
        "time": "",
        "state": "Nagaland",
        "district": "Tuensang",
        "source": "NESAC/NERDRR"
      },
      "geometry": {
        "type": "Point",
        "coordinates": [
          94.841675,
          26.185831
        ]
      }
    },
    {
      "type": "Feature",
      "properties": {
        "event_name": "Kazipphung Landslide",
        "date": "2024-07-03",
        "time": "",
        "state": "Manipur",
        "district": "Ukhrul",
        "source": "NESAC/NERDRR"
      },
      "geometry": {
        "type": "Point",
        "coordinates": [
          94.34178,
          25.063913
        ]
      }
    },
    {
      "type": "Feature",
      "properties": {
        "event_name": "Umiam 4 Landslide",
        "date": "2024-07-02",
        "time": "",
        "state": "Meghalaya",
        "district": "Ri Bhoi",
        "source": "NESAC/NERDRR"
      },
      "geometry": {
        "type": "Point",
        "coordinates": [
          91.89898,
          25.64923
        ]
      }
    },
    {
      "type": "Feature",
      "properties": {
        "event_name": "Zuangtui Landslide",
        "date": "2024-07-02",
        "time": "",
        "state": "Mizoram",
        "district": "Aizawl",
        "source": "NESAC/NERDRR"
      },
      "geometry": {
        "type": "Point",
        "coordinates": [
          92.73935,
          23.755236
        ]
      }
    },
    {
      "type": "Feature",
      "properties": {
        "event_name": "Tiehsaw Landslide",
        "date": "2024-07-02",
        "time": "",
        "state": "Meghalaya",
        "district": "West Khasi Hills",
        "source": "NESAC/NERDRR"
      },
      "geometry": {
        "type": "Point",
        "coordinates": [
          91.2718,
          25.529009
        ]
      }
    },
    {
      "type": "Feature",
      "properties": {
        "event_name": "Umiam 5 Landslide",
        "date": "2024-07-02",
        "time": "",
        "state": "Meghalaya",
        "district": "Ri Bhoi",
        "source": "NESAC/NERDRR"
      },
      "geometry": {
        "type": "Point",
        "coordinates": [
          91.89869,
          25.650726
        ]
      }
    },
    {
      "type": "Feature",
      "properties": {
        "event_name": "Umiam View Point Landslide",
        "date": "2024-07-02",
        "time": "",
        "state": "Meghalaya",
        "district": "Ri Bhoi",
        "source": "NESAC/NERDRR"
      },
      "geometry": {
        "type": "Point",
        "coordinates": [
          91.894,
          25.651026
        ]
      }
    },
    {
      "type": "Feature",
      "properties": {
        "event_name": "Mawlai 3 Landslide",
        "date": "2024-07-02",
        "time": "",
        "state": "Meghalaya",
        "district": "East khasi Hills",
        "source": "NESAC/NERDRR"
      },
      "geometry": {
        "type": "Point",
        "coordinates": [
          91.88943,
          25.640972
        ]
      }
    },
    {
      "type": "Feature",
      "properties": {
        "event_name": "Durtlang Landslide",
        "date": "2024-07-02",
        "time": "",
        "state": "Mizoram",
        "district": "Aizawl",
        "source": "NESAC/NERDRR"
      },
      "geometry": {
        "type": "Point",
        "coordinates": [
          92.73362,
          23.762291
        ]
      }
    },
    {
      "type": "Feature",
      "properties": {
        "event_name": "Mawlai 2 Landslide",
        "date": "2024-07-02",
        "time": "",
        "state": "Meghalaya",
        "district": "East khasi Hills",
        "source": "NESAC/NERDRR"
      },
      "geometry": {
        "type": "Point",
        "coordinates": [
          91.8894,
          25.641388
        ]
      }
    },
    {
      "type": "Feature",
      "properties": {
        "event_name": "Zemabawk Landslide",
        "date": "2024-07-02",
        "time": "Morning",
        "state": "Mizoram",
        "district": "Aizawl",
        "source": "NESAC/NERDRR"
      },
      "geometry": {
        "type": "Point",
        "coordinates": [
          92.7463,
          23.733969
        ]
      }
    },
    {
      "type": "Feature",
      "properties": {
        "event_name": "Pariong Landslide",
        "date": "2024-07-02",
        "time": "",
        "state": "Meghalaya",
        "district": "West Khasi Hills",
        "source": "NESAC/NERDRR"
      },
      "geometry": {
        "type": "Point",
        "coordinates": [
          91.514336,
          25.466183
        ]
      }
    },
    {
      "type": "Feature",
      "properties": {
        "event_name": "Mongkot Chepu Landslide",
        "date": "2024-07-02",
        "time": "9:00 AM",
        "state": "Manipur",
        "district": "Ukhrul",
        "source": "NESAC/NERDRR"
      },
      "geometry": {
        "type": "Point",
        "coordinates": [
          94.21625,
          24.954454
        ]
      }
    },
    {
      "type": "Feature",
      "properties": {
        "event_name": "Bawngkawn Landslide",
        "date": "2024-07-02",
        "time": "Morning",
        "state": "Mizoram",
        "district": "Aizawl",
        "source": "NESAC/NERDRR"
      },
      "geometry": {
        "type": "Point",
        "coordinates": [
          92.72946,
          23.755653
        ]
      }
    },
    {
      "type": "Feature",
      "properties": {
        "event_name": "Shishimi Landslide",
        "date": "2024-07-02",
        "time": "",
        "state": "Nagaland",
        "district": "Kiphire",
        "source": "NESAC/NERDRR"
      },
      "geometry": {
        "type": "Point",
        "coordinates": [
          94.61632,
          25.81601
        ]
      }
    },
    {
      "type": "Feature",
      "properties": {
        "event_name": "Tuensang Landslide",
        "date": "2024-07-02",
        "time": "",
        "state": "Nagaland",
        "district": "Tuensang",
        "source": "NESAC/NERDRR"
      },
      "geometry": {
        "type": "Point",
        "coordinates": [
          94.80035,
          26.223057
        ]
      }
    },
    {
      "type": "Feature",
      "properties": {
        "event_name": "Umiam Dam Landslide",
        "date": "2024-07-01",
        "time": "",
        "state": "Meghalaya",
        "district": "Ri Bhoi",
        "source": "NESAC/NERDRR"
      },
      "geometry": {
        "type": "Point",
        "coordinates": [
          91.89808,
          25.653137
        ]
      }
    },
    {
      "type": "Feature",
      "properties": {
        "event_name": "Division IV Landslide",
        "date": "2024-07-01",
        "time": "",
        "state": "Arunachal Pradesh",
        "district": "Papum Pare",
        "source": "NESAC/NERDRR"
      },
      "geometry": {
        "type": "Point",
        "coordinates": [
          93.605705,
          27.090925
        ]
      }
    },
    {
      "type": "Feature",
      "properties": {
        "event_name": "Baat Landslide",
        "date": "2024-07-01",
        "time": "",
        "state": "Arunachal Pradesh",
        "district": "Papum Pare",
        "source": "NESAC/NERDRR"
      },
      "geometry": {
        "type": "Point",
        "coordinates": [
          93.59189,
          27.089317
        ]
      }
    },
    {
      "type": "Feature",
      "properties": {
        "event_name": "DIET, Zunheboto Landslide",
        "date": "2024-07-01",
        "time": "",
        "state": "Nagaland",
        "district": "Zunheboto",
        "source": "NESAC/NERDRR"
      },
      "geometry": {
        "type": "Point",
        "coordinates": [
          94.52164,
          26.006771
        ]
      }
    },
    {
      "type": "Feature",
      "properties": {
        "event_name": "Rengchi Landslide",
        "date": "2024-06-30",
        "time": "",
        "state": "Arunachal Pradesh",
        "district": "Kurung Kumey",
        "source": "NESAC/NERDRR"
      },
      "geometry": {
        "type": "Point",
        "coordinates": [
          93.43004,
          27.895164
        ]
      }
    },
    {
      "type": "Feature",
      "properties": {
        "event_name": "Umiam 2 Landslide",
        "date": "2024-06-30",
        "time": "",
        "state": "Meghalaya",
        "district": "Ri Bhoi",
        "source": "NESAC/NERDRR"
      },
      "geometry": {
        "type": "Point",
        "coordinates": [
          91.90393,
          25.669594
        ]
      }
    },
    {
      "type": "Feature",
      "properties": {
        "event_name": "NEPA Landslide",
        "date": "2024-06-30",
        "time": "",
        "state": "Meghalaya",
        "district": "Ri Bhoi",
        "source": "NESAC/NERDRR"
      },
      "geometry": {
        "type": "Point",
        "coordinates": [
          91.8975,
          25.676048
        ]
      }
    },
    {
      "type": "Feature",
      "properties": {
        "event_name": "Jengging Landslide",
        "date": "2024-06-30",
        "time": "",
        "state": "Arunachal Pradesh",
        "district": "Upper Siang",
        "source": "NESAC/NERDRR"
      },
      "geometry": {
        "type": "Point",
        "coordinates": [
          94.96448,
          28.676867
        ]
      }
    },
    {
      "type": "Feature",
      "properties": {
        "event_name": "Umbang 1 Landslide",
        "date": "2024-06-30",
        "time": "",
        "state": "Meghalaya",
        "district": "Ri Bhoi",
        "source": "NESAC/NERDRR"
      },
      "geometry": {
        "type": "Point",
        "coordinates": [
          91.900696,
          25.682491
        ]
      }
    },
    {
      "type": "Feature",
      "properties": {
        "event_name": "Umiam 3 Landslide",
        "date": "2024-06-30",
        "time": "",
        "state": "Meghalaya",
        "district": "Ri Bhoi",
        "source": "NESAC/NERDRR"
      },
      "geometry": {
        "type": "Point",
        "coordinates": [
          91.89838,
          25.675098
        ]
      }
    },
    {
      "type": "Feature",
      "properties": {
        "event_name": "Umbang 2 Landslide",
        "date": "2024-06-30",
        "time": "",
        "state": "Meghalaya",
        "district": "Ri Bhoi",
        "source": "NESAC/NERDRR"
      },
      "geometry": {
        "type": "Point",
        "coordinates": [
          91.902374,
          25.686237
        ]
      }
    },
    {
      "type": "Feature",
      "properties": {
        "event_name": "Sumer Landslide",
        "date": "2024-06-30",
        "time": "",
        "state": "Meghalaya",
        "district": "Ri Bhoi",
        "source": "NESAC/NERDRR"
      },
      "geometry": {
        "type": "Point",
        "coordinates": [
          91.90634,
          25.692127
        ]
      }
    },
    {
      "type": "Feature",
      "properties": {
        "event_name": "Umbang 4 Landslide",
        "date": "2024-06-30",
        "time": "",
        "state": "Meghalaya",
        "district": "Ri Bhoi",
        "source": "NESAC/NERDRR"
      },
      "geometry": {
        "type": "Point",
        "coordinates": [
          91.89954,
          25.67939
        ]
      }
    },
    {
      "type": "Feature",
      "properties": {
        "event_name": "Bana Landslide",
        "date": "2024-06-30",
        "time": "",
        "state": "Arunachal Pradesh",
        "district": "East Kameng",
        "source": "NESAC/NERDRR"
      },
      "geometry": {
        "type": "Point",
        "coordinates": [
          92.95874,
          27.30978
        ]
      }
    },
    {
      "type": "Feature",
      "properties": {
        "event_name": "Umbang 3 Landslide",
        "date": "2024-06-30",
        "time": "",
        "state": "Meghalaya",
        "district": "Ri Bhoi",
        "source": "NESAC/NERDRR"
      },
      "geometry": {
        "type": "Point",
        "coordinates": [
          91.903145,
          25.686802
        ]
      }
    },
    {
      "type": "Feature",
      "properties": {
        "event_name": "Hayuliang Landslide",
        "date": "2024-06-29",
        "time": "",
        "state": "Arunachal Pradesh",
        "district": "Anjaw",
        "source": "NESAC/NERDRR"
      },
      "geometry": {
        "type": "Point",
        "coordinates": [
          96.56551,
          28.06798
        ]
      }
    },
    {
      "type": "Feature",
      "properties": {
        "event_name": "DC Hill Landslide",
        "date": "2024-06-29",
        "time": "",
        "state": "Nagaland",
        "district": "Zunheboto",
        "source": "NESAC/NERDRR"
      },
      "geometry": {
        "type": "Point",
        "coordinates": [
          94.52143,
          26.01202
        ]
      }
    },
    {
      "type": "Feature",
      "properties": {
        "event_name": "Demwe Landslide",
        "date": "2024-06-29",
        "time": "",
        "state": "Arunachal Pradesh",
        "district": "Lohit",
        "source": "NESAC/NERDRR"
      },
      "geometry": {
        "type": "Point",
        "coordinates": [
          96.37484,
          27.886843
        ]
      }
    },
    {
      "type": "Feature",
      "properties": {
        "event_name": "Babuk Landslide",
        "date": "2024-06-29",
        "time": "",
        "state": "Arunachal Pradesh",
        "district": "Siang District",
        "source": "NESAC/NERDRR"
      },
      "geometry": {
        "type": "Point",
        "coordinates": [
          95.09296,
          28.142214
        ]
      }
    },
    {
      "type": "Feature",
      "properties": {
        "event_name": "Tatu Landslide",
        "date": "2024-06-29",
        "time": "",
        "state": "Arunachal Pradesh",
        "district": "West Siang",
        "source": "NESAC/NERDRR"
      },
      "geometry": {
        "type": "Point",
        "coordinates": [
          94.36134,
          28.519848
        ]
      }
    },
    {
      "type": "Feature",
      "properties": {
        "event_name": "Tarak Landslide",
        "date": "2024-06-29",
        "time": "",
        "state": "Arunachal Pradesh",
        "district": "Siang District",
        "source": "NESAC/NERDRR"
      },
      "geometry": {
        "type": "Point",
        "coordinates": [
          94.8832,
          28.226542
        ]
      }
    },
    {
      "type": "Feature",
      "properties": {
        "event_name": "Jullang Landslide",
        "date": "2024-06-29",
        "time": "",
        "state": "Arunachal Pradesh",
        "district": "Papum Pare",
        "source": "NESAC/NERDRR"
      },
      "geometry": {
        "type": "Point",
        "coordinates": [
          93.6327,
          27.07383
        ]
      }
    },
    {
      "type": "Feature",
      "properties": {
        "event_name": "Lingding Landslide",
        "date": "2024-06-28",
        "time": "",
        "state": "Sikkim",
        "district": "East Sikkim",
        "source": "NESAC/NERDRR"
      },
      "geometry": {
        "type": "Point",
        "coordinates": [
          88.60395,
          27.324677
        ]
      }
    },
    {
      "type": "Feature",
      "properties": {
        "event_name": "Tongdentsuyong Landslide",
        "date": "2024-06-28",
        "time": "",
        "state": "Nagaland",
        "district": "Mokokchung",
        "source": "NESAC/NERDRR"
      },
      "geometry": {
        "type": "Point",
        "coordinates": [
          94.524574,
          26.328053
        ]
      }
    },
    {
      "type": "Feature",
      "properties": {
        "event_name": "Sohiong Landslide",
        "date": "2024-06-28",
        "time": "",
        "state": "Meghalaya",
        "district": "East Khasi Hills",
        "source": "NESAC/NERDRR"
      },
      "geometry": {
        "type": "Point",
        "coordinates": [
          91.70037,
          25.510164
        ]
      }
    },
    {
      "type": "Feature",
      "properties": {
        "event_name": "Tippi Landslide",
        "date": "2024-06-26",
        "time": "",
        "state": "Arunachal Pradesh",
        "district": "West Kameng",
        "source": "NESAC/NERDRR"
      },
      "geometry": {
        "type": "Point",
        "coordinates": [
          92.60561,
          27.03649
        ]
      }
    },
    {
      "type": "Feature",
      "properties": {
        "event_name": "Siji Landslide",
        "date": "2024-06-25",
        "time": "",
        "state": "Arunachal Pradesh",
        "district": "Lower Siang",
        "source": "NESAC/NERDRR"
      },
      "geometry": {
        "type": "Point",
        "coordinates": [
          94.71168,
          27.923784
        ]
      }
    },
    {
      "type": "Feature",
      "properties": {
        "event_name": "Itanagar Landslide",
        "date": "2024-06-23",
        "time": "10:30 AM",
        "state": "Arunachal Pradesh",
        "district": "Papum Pare",
        "source": "NESAC/NERDRR"
      },
      "geometry": {
        "type": "Point",
        "coordinates": [
          93.62708,
          27.099653
        ]
      }
    },
    {
      "type": "Feature",
      "properties": {
        "event_name": "Pomlum Landslide",
        "date": "2024-06-19",
        "time": "",
        "state": "Meghalaya",
        "district": "East Khasi Hills",
        "source": "NESAC/NERDRR"
      },
      "geometry": {
        "type": "Point",
        "coordinates": [
          91.82858,
          25.518951
        ]
      }
    },
    {
      "type": "Feature",
      "properties": {
        "event_name": "Bendargool Landslide",
        "date": "2024-06-19",
        "time": "12:45 AM",
        "state": "Assam",
        "district": "Karimganj",
        "source": "NESAC/NERDRR"
      },
      "geometry": {
        "type": "Point",
        "coordinates": [
          92.52379,
          24.787043
        ]
      }
    },
    {
      "type": "Feature",
      "properties": {
        "event_name": "Karsingsa Landslide",
        "date": "2024-06-18",
        "time": "",
        "state": "Arunachal Pradesh",
        "district": "Papum Pare",
        "source": "NESAC/NERDRR"
      },
      "geometry": {
        "type": "Point",
        "coordinates": [
          93.78342,
          27.121868
        ]
      }
    },
    {
      "type": "Feature",
      "properties": {
        "event_name": "Karkhana Landslide",
        "date": "2024-06-17",
        "time": "",
        "state": "Meghalaya",
        "district": "East Jaintia Hills",
        "source": "NESAC/NERDRR"
      },
      "geometry": {
        "type": "Point",
        "coordinates": [
          92.22033,
          25.152775
        ]
      }
    },
    {
      "type": "Feature",
      "properties": {
        "event_name": "Markasa Landslide",
        "date": "2024-06-17",
        "time": "",
        "state": "Meghalaya",
        "district": "West Khasi Hills",
        "source": "NESAC/NERDRR"
      },
      "geometry": {
        "type": "Point",
        "coordinates": [
          91.43314,
          25.52819
        ]
      }
    },
    {
      "type": "Feature",
      "properties": {
        "event_name": "Medical Ward Landslide",
        "date": "2024-06-16",
        "time": "",
        "state": "Nagaland",
        "district": "Kiphire",
        "source": "NESAC/NERDRR"
      },
      "geometry": {
        "type": "Point",
        "coordinates": [
          94.78012,
          25.88165
        ]
      }
    },
    {
      "type": "Feature",
      "properties": {
        "event_name": "Rangfra Landslide",
        "date": "2024-06-16",
        "time": "",
        "state": "Arunachal Pradesh",
        "district": "Changlang",
        "source": "NESAC/NERDRR"
      },
      "geometry": {
        "type": "Point",
        "coordinates": [
          95.74675,
          27.141176
        ]
      }
    },
    {
      "type": "Feature",
      "properties": {
        "event_name": "Simsang Landslide 1",
        "date": "2024-06-15",
        "time": "",
        "state": "Meghalaya",
        "district": "East Garo Hills",
        "source": "NESAC/NERDRR"
      },
      "geometry": {
        "type": "Point",
        "coordinates": [
          90.4126,
          25.54999
        ]
      }
    },
    {
      "type": "Feature",
      "properties": {
        "event_name": "Lummawbah Landslide",
        "date": "2024-06-15",
        "time": "",
        "state": "Meghalaya",
        "district": "South West Khasi Hills",
        "source": "NESAC/NERDRR"
      },
      "geometry": {
        "type": "Point",
        "coordinates": [
          91.86664,
          25.568354
        ]
      }
    },
    {
      "type": "Feature",
      "properties": {
        "event_name": "Lumshnong Landslide",
        "date": "2024-06-15",
        "time": "12:25 PM",
        "state": "Meghalaya",
        "district": "East jaintia Hills",
        "source": "NESAC/NERDRR"
      },
      "geometry": {
        "type": "Point",
        "coordinates": [
          92.38607,
          25.162582
        ]
      }
    },
    {
      "type": "Feature",
      "properties": {
        "event_name": "Dopogre Landslide 2",
        "date": "2024-06-15",
        "time": "",
        "state": "Meghalaya",
        "district": "West Garo Hills",
        "source": "NESAC/NERDRR"
      },
      "geometry": {
        "type": "Point",
        "coordinates": [
          90.20007,
          25.314953
        ]
      }
    },
    {
      "type": "Feature",
      "properties": {
        "event_name": "Dopogre Landslide 1",
        "date": "2024-06-15",
        "time": "",
        "state": "Meghalaya",
        "district": "West Garo Hills",
        "source": "NESAC/NERDRR"
      },
      "geometry": {
        "type": "Point",
        "coordinates": [
          90.200066,
          25.314873
        ]
      }
    },
    {
      "type": "Feature",
      "properties": {
        "event_name": "Kherapara Landslide 4",
        "date": "2024-06-15",
        "time": "",
        "state": "Meghalaya",
        "district": "West Garo Hills",
        "source": "NESAC/NERDRR"
      },
      "geometry": {
        "type": "Point",
        "coordinates": [
          90.20507,
          25.324305
        ]
      }
    },
    {
      "type": "Feature",
      "properties": {
        "event_name": "Kherapara Landslide 3",
        "date": "2024-06-15",
        "time": "",
        "state": "Meghalaya",
        "district": "West Garo Hills",
        "source": "NESAC/NERDRR"
      },
      "geometry": {
        "type": "Point",
        "coordinates": [
          90.20513,
          25.324394
        ]
      }
    },
    {
      "type": "Feature",
      "properties": {
        "event_name": "Kherapara Landslide 2",
        "date": "2024-06-15",
        "time": "",
        "state": "Meghalaya",
        "district": "West Garo Hills",
        "source": "NESAC/NERDRR"
      },
      "geometry": {
        "type": "Point",
        "coordinates": [
          90.20545,
          25.324709
        ]
      }
    },
    {
      "type": "Feature",
      "properties": {
        "event_name": "Kherapara Landslide 1",
        "date": "2024-06-15",
        "time": "",
        "state": "Meghalaya",
        "district": "West Garo Hills",
        "source": "NESAC/NERDRR"
      },
      "geometry": {
        "type": "Point",
        "coordinates": [
          90.20378,
          25.338717
        ]
      }
    },
    {
      "type": "Feature",
      "properties": {
        "event_name": "Santogre Landslide 2",
        "date": "2024-06-15",
        "time": "",
        "state": "Meghalaya",
        "district": "West Garo Hills",
        "source": "NESAC/NERDRR"
      },
      "geometry": {
        "type": "Point",
        "coordinates": [
          90.22203,
          25.355738
        ]
      }
    },
    {
      "type": "Feature",
      "properties": {
        "event_name": "Santogre Landslide 1",
        "date": "2024-06-15",
        "time": "",
        "state": "Meghalaya",
        "district": "West Garo Hills",
        "source": "NESAC/NERDRR"
      },
      "geometry": {
        "type": "Point",
        "coordinates": [
          90.22225,
          25.355696
        ]
      }
    },
    {
      "type": "Feature",
      "properties": {
        "event_name": "Rongbretgre Landslide 4",
        "date": "2024-06-15",
        "time": "",
        "state": "Meghalaya",
        "district": "West Garo Hills",
        "source": "NESAC/NERDRR"
      },
      "geometry": {
        "type": "Point",
        "coordinates": [
          90.22566,
          25.39366
        ]
      }
    },
    {
      "type": "Feature",
      "properties": {
        "event_name": "Rongbretgre Landslide 3",
        "date": "2024-06-15",
        "time": "",
        "state": "Meghalaya",
        "district": "West Garo Hills",
        "source": "NESAC/NERDRR"
      },
      "geometry": {
        "type": "Point",
        "coordinates": [
          90.22618,
          25.395992
        ]
      }
    },
    {
      "type": "Feature",
      "properties": {
        "event_name": "Rongbretgre Landslide 2",
        "date": "2024-06-15",
        "time": "",
        "state": "Meghalaya",
        "district": "West Garo Hills",
        "source": "NESAC/NERDRR"
      },
      "geometry": {
        "type": "Point",
        "coordinates": [
          90.22664,
          25.396902
        ]
      }
    },
    {
      "type": "Feature",
      "properties": {
        "event_name": "Rongbretgre Landslide 1",
        "date": "2024-06-15",
        "time": "",
        "state": "Meghalaya",
        "district": "West Garo Hills",
        "source": "NESAC/NERDRR"
      },
      "geometry": {
        "type": "Point",
        "coordinates": [
          90.22306,
          25.399736
        ]
      }
    },
    {
      "type": "Feature",
      "properties": {
        "event_name": "Dinasagre Landslide 2",
        "date": "2024-06-15",
        "time": "",
        "state": "Meghalaya",
        "district": "West Garo Hills",
        "source": "NESAC/NERDRR"
      },
      "geometry": {
        "type": "Point",
        "coordinates": [
          90.22071,
          25.469955
        ]
      }
    },
    {
      "type": "Feature",
      "properties": {
        "event_name": "Dinasagre Landslide 1",
        "date": "2024-06-15",
        "time": "",
        "state": "Meghalaya",
        "district": "West Garo Hills",
        "source": "NESAC/NERDRR"
      },
      "geometry": {
        "type": "Point",
        "coordinates": [
          90.22083,
          25.470968
        ]
      }
    },
    {
      "type": "Feature",
      "properties": {
        "event_name": "Bomdo Landslide",
        "date": "2024-06-15",
        "time": "",
        "state": "Arunachal Pradesh",
        "district": "Upper Siang",
        "source": "NESAC/NERDRR"
      },
      "geometry": {
        "type": "Point",
        "coordinates": [
          94.91033,
          28.74853
        ]
      }
    },
    {
      "type": "Feature",
      "properties": {
        "event_name": "Mungiakami Landslide",
        "date": "2024-06-15",
        "time": "",
        "state": "Tripura",
        "district": "West Tripura",
        "source": "NESAC/NERDRR"
      },
      "geometry": {
        "type": "Point",
        "coordinates": [
          91.70585,
          23.878866
        ]
      }
    },
    {
      "type": "Feature",
      "properties": {
        "event_name": "Mawkyrwat Landslide",
        "date": "2024-06-15",
        "time": "",
        "state": "Meghalaya",
        "district": "South West Khasi Hills",
        "source": "NESAC/NERDRR"
      },
      "geometry": {
        "type": "Point",
        "coordinates": [
          91.46641,
          25.36897
        ]
      }
    },
    {
      "type": "Feature",
      "properties": {
        "event_name": "Derengre Landslide",
        "date": "2024-06-15",
        "time": "",
        "state": "Meghalaya",
        "district": "West Garo Hills",
        "source": "NESAC/NERDRR"
      },
      "geometry": {
        "type": "Point",
        "coordinates": [
          90.223145,
          25.47651
        ]
      }
    },
    {
      "type": "Feature",
      "properties": {
        "event_name": "Bolpuchring Landslide 3",
        "date": "2024-06-15",
        "time": "",
        "state": "Meghalaya",
        "district": "West Garo Hills",
        "source": "NESAC/NERDRR"
      },
      "geometry": {
        "type": "Point",
        "coordinates": [
          90.22229,
          25.496122
        ]
      }
    },
    {
      "type": "Feature",
      "properties": {
        "event_name": "Bolpuchring Landslide 2",
        "date": "2024-06-15",
        "time": "",
        "state": "Meghalaya",
        "district": "West Garo Hills",
        "source": "NESAC/NERDRR"
      },
      "geometry": {
        "type": "Point",
        "coordinates": [
          90.22174,
          25.496702
        ]
      }
    },
    {
      "type": "Feature",
      "properties": {
        "event_name": "Bolpuchring Landslide 1",
        "date": "2024-06-15",
        "time": "",
        "state": "Meghalaya",
        "district": "West Garo Hills",
        "source": "NESAC/NERDRR"
      },
      "geometry": {
        "type": "Point",
        "coordinates": [
          90.22067,
          25.496548
        ]
      }
    },
    {
      "type": "Feature",
      "properties": {
        "event_name": "Rengsipara Landslide 2",
        "date": "2024-06-15",
        "time": "",
        "state": "Meghalaya",
        "district": "West Garo Hills",
        "source": "NESAC/NERDRR"
      },
      "geometry": {
        "type": "Point",
        "coordinates": [
          90.20464,
          25.308134
        ]
      }
    },
    {
      "type": "Feature",
      "properties": {
        "event_name": "Rengsipara Landslide 1",
        "date": "2024-06-15",
        "time": "",
        "state": "Meghalaya",
        "district": "West Garo Hills",
        "source": "NESAC/NERDRR"
      },
      "geometry": {
        "type": "Point",
        "coordinates": [
          90.20456,
          25.308287
        ]
      }
    },
    {
      "type": "Feature",
      "properties": {
        "event_name": "Rongkon Landslide",
        "date": "2024-06-15",
        "time": "",
        "state": "Meghalaya",
        "district": "West Garo Hills",
        "source": "NESAC/NERDRR"
      },
      "geometry": {
        "type": "Point",
        "coordinates": [
          90.23077,
          25.545538
        ]
      }
    },
    {
      "type": "Feature",
      "properties": {
        "event_name": "Chasingre Landslide",
        "date": "2024-06-15",
        "time": "",
        "state": "Meghalaya",
        "district": "West Garo Hills",
        "source": "NESAC/NERDRR"
      },
      "geometry": {
        "type": "Point",
        "coordinates": [
          90.236015,
          25.556377
        ]
      }
    },
    {
      "type": "Feature",
      "properties": {
        "event_name": "Matchurigre Landslide 7",
        "date": "2024-06-15",
        "time": "",
        "state": "Meghalaya",
        "district": "West Garo Hills",
        "source": "NESAC/NERDRR"
      },
      "geometry": {
        "type": "Point",
        "coordinates": [
          90.340614,
          25.555088
        ]
      }
    },
    {
      "type": "Feature",
      "properties": {
        "event_name": "Matchurigre Landslide 6",
        "date": "2024-06-15",
        "time": "",
        "state": "Meghalaya",
        "district": "West Garo Hills",
        "source": "NESAC/NERDRR"
      },
      "geometry": {
        "type": "Point",
        "coordinates": [
          90.3412,
          25.55621
        ]
      }
    },
    {
      "type": "Feature",
      "properties": {
        "event_name": "Matchurigre Landslide 5",
        "date": "2024-06-15",
        "time": "",
        "state": "Meghalaya",
        "district": "West Garo Hills",
        "source": "NESAC/NERDRR"
      },
      "geometry": {
        "type": "Point",
        "coordinates": [
          90.341415,
          25.557146
        ]
      }
    },
    {
      "type": "Feature",
      "properties": {
        "event_name": "Matchurigre Landslide 4",
        "date": "2024-06-15",
        "time": "",
        "state": "Meghalaya",
        "district": "West Garo Hills",
        "source": "NESAC/NERDRR"
      },
      "geometry": {
        "type": "Point",
        "coordinates": [
          90.34938,
          25.561705
        ]
      }
    },
    {
      "type": "Feature",
      "properties": {
        "event_name": "Matchurigre Landslide 3",
        "date": "2024-06-15",
        "time": "",
        "state": "Meghalaya",
        "district": "West Garo Hills",
        "source": "NESAC/NERDRR"
      },
      "geometry": {
        "type": "Point",
        "coordinates": [
          90.35138,
          25.561884
        ]
      }
    },
    {
      "type": "Feature",
      "properties": {
        "event_name": "Matchurigre Landslide 2",
        "date": "2024-06-15",
        "time": "",
        "state": "Meghalaya",
        "district": "West Garo Hills",
        "source": "NESAC/NERDRR"
      },
      "geometry": {
        "type": "Point",
        "coordinates": [
          90.35138,
          25.561888
        ]
      }
    },
    {
      "type": "Feature",
      "properties": {
        "event_name": "Matchurigre Landslide 1",
        "date": "2024-06-15",
        "time": "",
        "state": "Meghalaya",
        "district": "West Garo Hills",
        "source": "NESAC/NERDRR"
      },
      "geometry": {
        "type": "Point",
        "coordinates": [
          90.351456,
          25.561543
        ]
      }
    },
    {
      "type": "Feature",
      "properties": {
        "event_name": "Durakalakgre Landslide",
        "date": "2024-06-15",
        "time": "",
        "state": "Meghalaya",
        "district": "East Garo Hills",
        "source": "NESAC/NERDRR"
      },
      "geometry": {
        "type": "Point",
        "coordinates": [
          90.38568,
          25.547884
        ]
      }
    },
    {
      "type": "Feature",
      "properties": {
        "event_name": "Simsang Landslide 3",
        "date": "2024-06-15",
        "time": "",
        "state": "Meghalaya",
        "district": "East Garo Hills",
        "source": "NESAC/NERDRR"
      },
      "geometry": {
        "type": "Point",
        "coordinates": [
          90.408646,
          25.549017
        ]
      }
    },
    {
      "type": "Feature",
      "properties": {
        "event_name": "Simsang Landslide 2",
        "date": "2024-06-15",
        "time": "",
        "state": "Meghalaya",
        "district": "East Garo Hills",
        "source": "NESAC/NERDRR"
      },
      "geometry": {
        "type": "Point",
        "coordinates": [
          90.41269,
          25.55002
        ]
      }
    },
    {
      "type": "Feature",
      "properties": {
        "event_name": "Mangrure Landslide 3",
        "date": "2024-06-15",
        "time": "",
        "state": "Meghalaya",
        "district": "East Garo Hills",
        "source": "NESAC/NERDRR"
      },
      "geometry": {
        "type": "Point",
        "coordinates": [
          90.42005,
          25.556389
        ]
      }
    },
    {
      "type": "Feature",
      "properties": {
        "event_name": "Mangrure Landslide 2",
        "date": "2024-06-15",
        "time": "",
        "state": "Meghalaya",
        "district": "East Garo Hills",
        "source": "NESAC/NERDRR"
      },
      "geometry": {
        "type": "Point",
        "coordinates": [
          90.42012,
          25.556503
        ]
      }
    },
    {
      "type": "Feature",
      "properties": {
        "event_name": "Mangrure Landslide 1",
        "date": "2024-06-15",
        "time": "",
        "state": "Meghalaya",
        "district": "East Garo Hills",
        "source": "NESAC/NERDRR"
      },
      "geometry": {
        "type": "Point",
        "coordinates": [
          90.42025,
          25.556717
        ]
      }
    },
    {
      "type": "Feature",
      "properties": {
        "event_name": "Rongram Landslide",
        "date": "2024-06-15",
        "time": "",
        "state": "Meghalaya",
        "district": "West Garo Hills",
        "source": "NESAC/NERDRR"
      },
      "geometry": {
        "type": "Point",
        "coordinates": [
          90.25729,
          25.599743
        ]
      }
    },
    {
      "type": "Feature",
      "properties": {
        "event_name": "Ranikor Landslide",
        "date": "2024-06-15",
        "time": "",
        "state": "Meghalaya",
        "district": "South West Khasi Hills",
        "source": "NESAC/NERDRR"
      },
      "geometry": {
        "type": "Point",
        "coordinates": [
          91.23621,
          25.225819
        ]
      }
    },
    {
      "type": "Feature",
      "properties": {
        "event_name": "Umsamlem Landslide",
        "date": "2024-06-14",
        "time": "",
        "state": "Meghalaya",
        "district": "Ri Bhoi",
        "source": "NESAC/NERDRR"
      },
      "geometry": {
        "type": "Point",
        "coordinates": [
          91.87519,
          25.800589
        ]
      }
    },
    {
      "type": "Feature",
      "properties": {
        "event_name": "Ri Palei Landslide",
        "date": "2024-06-14",
        "time": "",
        "state": "Meghalaya",
        "district": "Ri Bhoi",
        "source": "NESAC/NERDRR"
      },
      "geometry": {
        "type": "Point",
        "coordinates": [
          91.87429,
          25.82781
        ]
      }
    },
    {
      "type": "Feature",
      "properties": {
        "event_name": "Umiam Landslide",
        "date": "2024-06-14",
        "time": "",
        "state": "Meghalaya",
        "district": "Ri Bhoi",
        "source": "NESAC/NERDRR"
      },
      "geometry": {
        "type": "Point",
        "coordinates": [
          91.89986,
          25.679203
        ]
      }
    },
    {
      "type": "Feature",
      "properties": {
        "event_name": "Sangkalang Landslide",
        "date": "2024-06-13",
        "time": "",
        "state": "Sikkim",
        "district": "North Sikkim",
        "source": "NESAC/NERDRR"
      },
      "geometry": {
        "type": "Point",
        "coordinates": [
          88.52692,
          27.508598
        ]
      }
    },
    {
      "type": "Feature",
      "properties": {
        "event_name": "Mangan landslide",
        "date": "2024-06-13",
        "time": "13:25 PM",
        "state": "Sikkim",
        "district": "North Sikkim",
        "source": "NESAC/NERDRR"
      },
      "geometry": {
        "type": "Point",
        "coordinates": [
          88.53445,
          27.500278
        ]
      }
    },
    {
      "type": "Feature",
      "properties": {
        "event_name": "Pakshep Landslide",
        "date": "2024-06-13",
        "time": "",
        "state": "Sikkim",
        "district": "North Sikkim",
        "source": "NESAC/NERDRR"
      },
      "geometry": {
        "type": "Point",
        "coordinates": [
          88.55658,
          27.506685
        ]
      }
    },
    {
      "type": "Feature",
      "properties": {
        "event_name": "Zeema Landslide",
        "date": "2024-06-11",
        "time": "",
        "state": "Sikkim",
        "district": "North Sikkim",
        "source": "NESAC/NERDRR"
      },
      "geometry": {
        "type": "Point",
        "coordinates": [
          88.54756,
          27.863724
        ]
      }
    },
    {
      "type": "Feature",
      "properties": {
        "event_name": "Khantlang Landslide",
        "date": "2024-06-11",
        "time": "",
        "state": "Mizoram",
        "district": "Mamit District",
        "source": "NESAC/NERDRR"
      },
      "geometry": {
        "type": "Point",
        "coordinates": [
          92.27094,
          23.750944
        ]
      }
    },
    {
      "type": "Feature",
      "properties": {
        "event_name": "Pani House Landslide",
        "date": "2024-06-11",
        "time": "",
        "state": "Sikkim",
        "district": "East Sikkim",
        "source": "NESAC/NERDRR"
      },
      "geometry": {
        "type": "Point",
        "coordinates": [
          88.60993,
          27.32167
        ]
      }
    },
    {
      "type": "Feature",
      "properties": {
        "event_name": "Shantinagar Landslide",
        "date": "2024-06-11",
        "time": "",
        "state": "Sikkim",
        "district": "East Sikkim",
        "source": "NESAC/NERDRR"
      },
      "geometry": {
        "type": "Point",
        "coordinates": [
          88.50579,
          27.235533
        ]
      }
    },
    {
      "type": "Feature",
      "properties": {
        "event_name": "Majua Landslide",
        "date": "2024-06-10",
        "time": "6:30 AM",
        "state": "Sikkim",
        "district": "South Sikkim",
        "source": "NESAC/NERDRR"
      },
      "geometry": {
        "type": "Point",
        "coordinates": [
          88.41938,
          27.294025
        ]
      }
    },
    {
      "type": "Feature",
      "properties": {
        "event_name": "Gramya Nagar Landslide",
        "date": "2024-06-03",
        "time": "Daytime",
        "state": "Assam",
        "district": "Kamrup Metro",
        "source": "NESAC/NERDRR"
      },
      "geometry": {
        "type": "Point",
        "coordinates": [
          91.69821,
          26.160366
        ]
      }
    },
    {
      "type": "Feature",
      "properties": {
        "event_name": "Katahbari Landslide",
        "date": "2024-06-03",
        "time": "Daytime",
        "state": "Assam",
        "district": "Kamrup Metro",
        "source": "NESAC/NERDRR"
      },
      "geometry": {
        "type": "Point",
        "coordinates": [
          91.71827,
          26.125216
        ]
      }
    },
    {
      "type": "Feature",
      "properties": {
        "event_name": "Matim Landslide",
        "date": "2024-06-01",
        "time": "",
        "state": "Sikkim",
        "district": "North Sikkim",
        "source": "NESAC/NERDRR"
      },
      "geometry": {
        "type": "Point",
        "coordinates": [
          88.67311,
          27.627142
        ]
      }
    },
    {
      "type": "Feature",
      "properties": {
        "event_name": "Tashi Landslide",
        "date": "2024-06-01",
        "time": "",
        "state": "Sikkim",
        "district": "East Sikkim",
        "source": "NESAC/NERDRR"
      },
      "geometry": {
        "type": "Point",
        "coordinates": [
          88.61639,
          27.37194
        ]
      }
    },
    {
      "type": "Feature",
      "properties": {
        "event_name": "Lumshnong Landslide",
        "date": "2024-05-30",
        "time": "",
        "state": "Meghalaya",
        "district": "East Jaintia Hills",
        "source": "NESAC/NERDRR"
      },
      "geometry": {
        "type": "Point",
        "coordinates": [
          92.36844,
          25.15457
        ]
      }
    },
    {
      "type": "Feature",
      "properties": {
        "event_name": "Lungkhok Landslide",
        "date": "2024-05-30",
        "time": "",
        "state": "Assam",
        "district": "Dima Hasao",
        "source": "NESAC/NERDRR"
      },
      "geometry": {
        "type": "Point",
        "coordinates": [
          93.01028,
          25.202045
        ]
      }
    },
    {
      "type": "Feature",
      "properties": {
        "event_name": "Nongpriang Landslide",
        "date": "2024-05-30",
        "time": "",
        "state": "Meghalaya",
        "district": "East Khasi Hills",
        "source": "NESAC/NERDRR"
      },
      "geometry": {
        "type": "Point",
        "coordinates": [
          91.748955,
          25.271534
        ]
      }
    },
    {
      "type": "Feature",
      "properties": {
        "event_name": "Mahur Landslide",
        "date": "2024-05-30",
        "time": "",
        "state": "Assam",
        "district": "Dima Hasao",
        "source": "NESAC/NERDRR"
      },
      "geometry": {
        "type": "Point",
        "coordinates": [
          93.11646,
          25.179895
        ]
      }
    },
    {
      "type": "Feature",
      "properties": {
        "event_name": "Rudra Nagar Landslide",
        "date": "2024-05-30",
        "time": "",
        "state": "Assam",
        "district": "Kamrup Metro",
        "source": "NESAC/NERDRR"
      },
      "geometry": {
        "type": "Point",
        "coordinates": [
          91.77573,
          26.190964
        ]
      }
    },
    {
      "type": "Feature",
      "properties": {
        "event_name": "Bethel Landslide",
        "date": "2024-05-30",
        "time": "",
        "state": "Assam",
        "district": "Dima Hasao",
        "source": "NESAC/NERDRR"
      },
      "geometry": {
        "type": "Point",
        "coordinates": [
          93.02043,
          25.1934
        ]
      }
    },
    {
      "type": "Feature",
      "properties": {
        "event_name": "Krishna Nagar Landslide",
        "date": "2024-05-29",
        "time": "",
        "state": "Assam",
        "district": "Kamrup Metro",
        "source": "NESAC/NERDRR"
      },
      "geometry": {
        "type": "Point",
        "coordinates": [
          91.74764,
          26.144955
        ]
      }
    },
    {
      "type": "Feature",
      "properties": {
        "event_name": "Lungsei Landslide",
        "date": "2024-05-28",
        "time": "",
        "state": "Mizoram",
        "district": "Aizawl",
        "source": "NESAC/NERDRR"
      },
      "geometry": {
        "type": "Point",
        "coordinates": [
          92.68159,
          23.451218
        ]
      }
    },
    {
      "type": "Feature",
      "properties": {
        "event_name": "Imphal Landslide",
        "date": "2024-05-28",
        "time": "",
        "state": "Manipur",
        "district": "Imphal",
        "source": "NESAC/NERDRR"
      },
      "geometry": {
        "type": "Point",
        "coordinates": [
          93.777695,
          24.78167
        ]
      }
    },
    {
      "type": "Feature",
      "properties": {
        "event_name": "Senapati Landslide",
        "date": "2024-05-28",
        "time": "",
        "state": "Manipur",
        "district": "Senapati",
        "source": "NESAC/NERDRR"
      },
      "geometry": {
        "type": "Point",
        "coordinates": [
          93.97409,
          25.267628
        ]
      }
    },
    {
      "type": "Feature",
      "properties": {
        "event_name": "Aibawk Landslide",
        "date": "2024-05-28",
        "time": "",
        "state": "Mizoram",
        "district": "Aizawl",
        "source": "NESAC/NERDRR"
      },
      "geometry": {
        "type": "Point",
        "coordinates": [
          92.70656,
          23.559122
        ]
      }
    },
    {
      "type": "Feature",
      "properties": {
        "event_name": "Falkawn Landslide",
        "date": "2024-05-28",
        "time": "",
        "state": "Mizoram",
        "district": "Aizawl",
        "source": "NESAC/NERDRR"
      },
      "geometry": {
        "type": "Point",
        "coordinates": [
          92.72635,
          23.622236
        ]
      }
    },
    {
      "type": "Feature",
      "properties": {
        "event_name": "Kikruma Landslide",
        "date": "2024-05-28",
        "time": "",
        "state": "Nagaland",
        "district": "Phek",
        "source": "NESAC/NERDRR"
      },
      "geometry": {
        "type": "Point",
        "coordinates": [
          94.22053,
          25.579584
        ]
      }
    },
    {
      "type": "Feature",
      "properties": {
        "event_name": "Lumparing Landslide",
        "date": "2024-05-28",
        "time": "",
        "state": "Meghalaya",
        "district": "East khasi Hills",
        "source": "NESAC/NERDRR"
      },
      "geometry": {
        "type": "Point",
        "coordinates": [
          91.88182,
          25.560963
        ]
      }
    },
    {
      "type": "Feature",
      "properties": {
        "event_name": "Rilbong Landslide",
        "date": "2024-05-28",
        "time": "",
        "state": "Meghalaya",
        "district": "East khasi Hills",
        "source": "NESAC/NERDRR"
      },
      "geometry": {
        "type": "Point",
        "coordinates": [
          91.87149,
          25.567062
        ]
      }
    },
    {
      "type": "Feature",
      "properties": {
        "event_name": "Mawkynroh Landslide",
        "date": "2024-05-28",
        "time": "",
        "state": "Meghalaya",
        "district": "East khasi Hills",
        "source": "NESAC/NERDRR"
      },
      "geometry": {
        "type": "Point",
        "coordinates": [
          91.902596,
          25.625809
        ]
      }
    },
    {
      "type": "Feature",
      "properties": {
        "event_name": "Mawlai Landslide",
        "date": "2024-05-28",
        "time": "",
        "state": "Meghalaya",
        "district": "East khasi Hills",
        "source": "NESAC/NERDRR"
      },
      "geometry": {
        "type": "Point",
        "coordinates": [
          91.893135,
          25.62836
        ]
      }
    },
    {
      "type": "Feature",
      "properties": {
        "event_name": "Weilong Landslide",
        "date": "2024-05-28",
        "time": "",
        "state": "Meghalaya",
        "district": "East khasi Hills",
        "source": "NESAC/NERDRR"
      },
      "geometry": {
        "type": "Point",
        "coordinates": [
          91.61459,
          25.363388
        ]
      }
    },
    {
      "type": "Feature",
      "properties": {
        "event_name": "Hunthar Landslide",
        "date": "2024-05-28",
        "time": "",
        "state": "Mizoram",
        "district": "Aizawl",
        "source": "NESAC/NERDRR"
      },
      "geometry": {
        "type": "Point",
        "coordinates": [
          92.71425,
          23.745054
        ]
      }
    },
    {
      "type": "Feature",
      "properties": {
        "event_name": "Hlimen Landslide",
        "date": "2024-05-28",
        "time": "Morning Hour",
        "state": "Mizoram",
        "district": "Aizawl",
        "source": "NESAC/NERDRR"
      },
      "geometry": {
        "type": "Point",
        "coordinates": [
          92.717674,
          23.68059
        ]
      }
    },
    {
      "type": "Feature",
      "properties": {
        "event_name": "Rekizu Landslide",
        "date": "2024-05-28",
        "time": "",
        "state": "Nagaland",
        "district": "Phek",
        "source": "NESAC/NERDRR"
      },
      "geometry": {
        "type": "Point",
        "coordinates": [
          94.298515,
          25.582964
        ]
      }
    },
    {
      "type": "Feature",
      "properties": {
        "event_name": "Salem Landslide",
        "date": "2024-05-28",
        "time": "",
        "state": "Mizoram",
        "district": "Aizawl",
        "source": "NESAC/NERDRR"
      },
      "geometry": {
        "type": "Point",
        "coordinates": [
          92.7266,
          23.717691
        ]
      }
    },
    {
      "type": "Feature",
      "properties": {
        "event_name": "Mawphland Landslide",
        "date": "2024-05-28",
        "time": "",
        "state": "Meghalaya",
        "district": "East khasi Hills",
        "source": "NESAC/NERDRR"
      },
      "geometry": {
        "type": "Point",
        "coordinates": [
          91.75177,
          25.453314
        ]
      }
    },
    {
      "type": "Feature",
      "properties": {
        "event_name": "13 KM Landslide",
        "date": "2024-05-28",
        "time": "",
        "state": "Meghalaya",
        "district": "South West Khasi Hills",
        "source": "NESAC/NERDRR"
      },
      "geometry": {
        "type": "Point",
        "coordinates": [
          91.38969,
          25.39193
        ]
      }
    },
    {
      "type": "Feature",
      "properties": {
        "event_name": "Sonapur Tunnel Landslide",
        "date": "2024-05-27",
        "time": "",
        "state": "Meghalaya",
        "district": "East Jaintia Hills",
        "source": "NESAC/NERDRR"
      },
      "geometry": {
        "type": "Point",
        "coordinates": [
          92.36098,
          25.106205
        ]
      }
    },
    {
      "type": "Feature",
      "properties": {
        "event_name": "Subansiri Landslide",
        "date": "2024-05-27",
        "time": "Day Time",
        "state": "Assam",
        "district": "Dhemaji",
        "source": "NESAC/NERDRR"
      },
      "geometry": {
        "type": "Point",
        "coordinates": [
          94.26303,
          27.532524
        ]
      }
    },
    {
      "type": "Feature",
      "properties": {
        "event_name": "Kasom Landslide",
        "date": "2024-05-27",
        "time": "",
        "state": "Manipur",
        "district": "Ukhrul",
        "source": "NESAC/NERDRR"
      },
      "geometry": {
        "type": "Point",
        "coordinates": [
          94.271324,
          24.675072
        ]
      }
    },
    {
      "type": "Feature",
      "properties": {
        "event_name": "Tikok Landslide",
        "date": "2024-05-26",
        "time": "12:30 AM",
        "state": "Assam",
        "district": "Tinsukia",
        "source": "NESAC/NERDRR"
      },
      "geometry": {
        "type": "Point",
        "coordinates": [
          95.73823,
          27.282038
        ]
      }
    },
    {
      "type": "Feature",
      "properties": {
        "event_name": "Shillong Landslide",
        "date": "2024-05-17",
        "time": "",
        "state": "Meghalaya",
        "district": "East Khasi Hills",
        "source": "NESAC/NERDRR"
      },
      "geometry": {
        "type": "Point",
        "coordinates": [
          91.87381,
          25.568556
        ]
      }
    },
    {
      "type": "Feature",
      "properties": {
        "event_name": "Pakyong DC office Landslide",
        "date": "2024-05-17",
        "time": "Afternoon",
        "state": "Sikkim",
        "district": "Pakyong",
        "source": "NESAC/NERDRR"
      },
      "geometry": {
        "type": "Point",
        "coordinates": [
          88.61161,
          27.245344
        ]
      }
    },
    {
      "type": "Feature",
      "properties": {
        "event_name": "3rd Mile Landslide",
        "date": "2024-05-16",
        "time": "",
        "state": "Meghalaya",
        "district": "East Khasi Hills",
        "source": "NESAC/NERDRR"
      },
      "geometry": {
        "type": "Point",
        "coordinates": [
          91.85616,
          25.569286
        ]
      }
    },
    {
      "type": "Feature",
      "properties": {
        "event_name": "Pach Nallah Landslide",
        "date": "2024-05-16",
        "time": "Morning",
        "state": "Arunachal Pradesh",
        "district": "Kurung Kumey",
        "source": "NESAC/NERDRR"
      },
      "geometry": {
        "type": "Point",
        "coordinates": [
          93.5422,
          27.78598
        ]
      }
    },
    {
      "type": "Feature",
      "properties": {
        "event_name": "Borma Landslide",
        "date": "2024-05-16",
        "time": "",
        "state": "Meghalaya",
        "district": "East Khasi Hills",
        "source": "NESAC/NERDRR"
      },
      "geometry": {
        "type": "Point",
        "coordinates": [
          91.85661,
          25.568237
        ]
      }
    },
    {
      "type": "Feature",
      "properties": {
        "event_name": "Damcherra Landslide",
        "date": "2024-05-03",
        "time": "",
        "state": "Assam",
        "district": "Cachar",
        "source": "NESAC/NERDRR"
      },
      "geometry": {
        "type": "Point",
        "coordinates": [
          92.76249,
          25.01947
        ]
      }
    },
    {
      "type": "Feature",
      "properties": {
        "event_name": "Jatinga Landslide",
        "date": "2024-05-01",
        "time": "",
        "state": "Assam",
        "district": "Dima Hasao",
        "source": "NESAC/NERDRR"
      },
      "geometry": {
        "type": "Point",
        "coordinates": [
          92.891914,
          25.109873
        ]
      }
    },
    {
      "type": "Feature",
      "properties": {
        "event_name": "Sonapur  Landslide",
        "date": "2024-04-30",
        "time": "6:00 PM",
        "state": "Meghalaya",
        "district": "East Jaintia Hills",
        "source": "NESAC/NERDRR"
      },
      "geometry": {
        "type": "Point",
        "coordinates": [
          92.35801,
          25.102667
        ]
      }
    },
    {
      "type": "Feature",
      "properties": {
        "event_name": "Hunli and Anini",
        "date": "2024-04-24",
        "time": "5:00 PM",
        "state": "Arunachal Pradesh",
        "district": "Dibang Valley",
        "source": "NESAC/NERDRR"
      },
      "geometry": {
        "type": "Point",
        "coordinates": [
          95.77758,
          28.233286
        ]
      }
    },
    {
      "type": "Feature",
      "properties": {
        "event_name": "Sonapur Tunnel Landslide",
        "date": "2024-02-03",
        "time": "4:00 AM",
        "state": "Meghalaya",
        "district": "East Jaintia Hills",
        "source": "NESAC/NERDRR"
      },
      "geometry": {
        "type": "Point",
        "coordinates": [
          92.36018,
          25.105844
        ]
      }
    },
    {
      "type": "Feature",
      "properties": {
        "event_name": "Subansiri Landslide",
        "date": "2023-10-27",
        "time": "",
        "state": "Arunachal Pradesh",
        "district": "Lower Subansiri",
        "source": "NESAC/NERDRR"
      },
      "geometry": {
        "type": "Point",
        "coordinates": [
          94.25898,
          27.552114
        ]
      }
    },
    {
      "type": "Feature",
      "properties": {
        "event_name": "Pynthorlangtein Landslide",
        "date": "2023-10-08",
        "time": "",
        "state": "Meghalaya",
        "district": "West Jaintia Hills",
        "source": "NESAC/NERDRR"
      },
      "geometry": {
        "type": "Point",
        "coordinates": [
          92.180176,
          25.390614
        ]
      }
    },
    {
      "type": "Feature",
      "properties": {
        "event_name": "Lechubagan Landslide",
        "date": "2023-10-07",
        "time": "",
        "state": "Assam",
        "district": "Kamrup Metro",
        "source": "NESAC/NERDRR"
      },
      "geometry": {
        "type": "Point",
        "coordinates": [
          91.798065,
          26.152334
        ]
      }
    },
    {
      "type": "Feature",
      "properties": {
        "event_name": "Kahilipara Landslide",
        "date": "2023-10-07",
        "time": "",
        "state": "Assam",
        "district": "Kamrup Metro",
        "source": "NESAC/NERDRR"
      },
      "geometry": {
        "type": "Point",
        "coordinates": [
          91.75701,
          26.141897
        ]
      }
    },
    {
      "type": "Feature",
      "properties": {
        "event_name": "Bamunimaidam Landslide",
        "date": "2023-10-06",
        "time": "",
        "state": "Assam",
        "district": "Kamrup Metro",
        "source": "NESAC/NERDRR"
      },
      "geometry": {
        "type": "Point",
        "coordinates": [
          91.793724,
          26.187105
        ]
      }
    },
    {
      "type": "Feature",
      "properties": {
        "event_name": "Kharguli Landslide",
        "date": "2023-10-06",
        "time": "",
        "state": "Assam",
        "district": "Kamrup Metro",
        "source": "NESAC/NERDRR"
      },
      "geometry": {
        "type": "Point",
        "coordinates": [
          91.76544,
          26.19676
        ]
      }
    },
    {
      "type": "Feature",
      "properties": {
        "event_name": "Lhonak Landslide",
        "date": "2023-10-04",
        "time": "",
        "state": "Sikkim",
        "district": "North Sikkim",
        "source": "NESAC/NERDRR"
      },
      "geometry": {
        "type": "Point",
        "coordinates": [
          88.18362,
          27.912811
        ]
      }
    },
    {
      "type": "Feature",
      "properties": {
        "event_name": "Patharkhmah Landslide",
        "date": "2023-09-26",
        "time": "",
        "state": "Meghalaya",
        "district": "Ri Bhoi",
        "source": "NESAC/NERDRR"
      },
      "geometry": {
        "type": "Point",
        "coordinates": [
          91.615265,
          25.88385
        ]
      }
    },
    {
      "type": "Feature",
      "properties": {
        "event_name": "Keitum Landslide",
        "date": "2023-09-11",
        "time": "",
        "state": "Mizoram",
        "district": "Serchhip",
        "source": "NESAC/NERDRR"
      },
      "geometry": {
        "type": "Point",
        "coordinates": [
          92.91265,
          23.233976
        ]
      }
    },
    {
      "type": "Feature",
      "properties": {
        "event_name": "Rupa Landslide",
        "date": "2023-08-27",
        "time": "",
        "state": "Arunachal Pradesh",
        "district": "West Kameng",
        "source": "NESAC/NERDRR"
      },
      "geometry": {
        "type": "Point",
        "coordinates": [
          92.38797,
          27.203192
        ]
      }
    },
    {
      "type": "Feature",
      "properties": {
        "event_name": "Nag Mandir Landslide",
        "date": "2023-08-27",
        "time": "",
        "state": "Arunachal Pradesh",
        "district": "West Kameng",
        "source": "NESAC/NERDRR"
      },
      "geometry": {
        "type": "Point",
        "coordinates": [
          92.54705,
          27.204945
        ]
      }
    },
    {
      "type": "Feature",
      "properties": {
        "event_name": "Noklangsangba Landslide",
        "date": "2023-08-27",
        "time": "",
        "state": "Nagaland",
        "district": "Mokokchung",
        "source": "NESAC/NERDRR"
      },
      "geometry": {
        "type": "Point",
        "coordinates": [
          94.51346,
          26.653847
        ]
      }
    },
    {
      "type": "Feature",
      "properties": {
        "event_name": "Tenzin Landslide",
        "date": "2023-08-27",
        "time": "",
        "state": "Arunachal Pradesh",
        "district": "West Kameng",
        "source": "NESAC/NERDRR"
      },
      "geometry": {
        "type": "Point",
        "coordinates": [
          92.218025,
          27.09638
        ]
      }
    },
    {
      "type": "Feature",
      "properties": {
        "event_name": "Dengzi Landslide",
        "date": "2023-08-27",
        "time": "",
        "state": "Arunachal Pradesh",
        "district": "West Kameng",
        "source": "NESAC/NERDRR"
      },
      "geometry": {
        "type": "Point",
        "coordinates": [
          92.136536,
          27.057522
        ]
      }
    },
    {
      "type": "Feature",
      "properties": {
        "event_name": "Sonapur Tunnel Landslide",
        "date": "2023-08-26",
        "time": "",
        "state": "Meghalaya",
        "district": "East Jaintia Hills",
        "source": "NESAC/NERDRR"
      },
      "geometry": {
        "type": "Point",
        "coordinates": [
          92.36029,
          25.105957
        ]
      }
    },
    {
      "type": "Feature",
      "properties": {
        "event_name": "Mimi Landslide",
        "date": "2023-08-25",
        "time": "",
        "state": "Nagaland",
        "district": "Kiphire",
        "source": "NESAC/NERDRR"
      },
      "geometry": {
        "type": "Point",
        "coordinates": [
          94.906815,
          25.70887
        ]
      }
    },
    {
      "type": "Feature",
      "properties": {
        "event_name": "Lingzing Landslide",
        "date": "2023-08-25",
        "time": "Morning",
        "state": "Sikkim",
        "district": "West Sikkim",
        "source": "NESAC/NERDRR"
      },
      "geometry": {
        "type": "Point",
        "coordinates": [
          88.08848,
          27.278215
        ]
      }
    },
    {
      "type": "Feature",
      "properties": {
        "event_name": "32 No. Landslide",
        "date": "2023-08-24",
        "time": "",
        "state": "Sikkim",
        "district": "East Sikkim",
        "source": "NESAC/NERDRR"
      },
      "geometry": {
        "type": "Point",
        "coordinates": [
          88.55068,
          27.259935
        ]
      }
    },
    {
      "type": "Feature",
      "properties": {
        "event_name": "Lalpani Landslide",
        "date": "2023-08-21",
        "time": "",
        "state": "Assam",
        "district": "Cachar",
        "source": "NESAC/NERDRR"
      },
      "geometry": {
        "type": "Point",
        "coordinates": [
          93.03834,
          24.795353
        ]
      }
    },
    {
      "type": "Feature",
      "properties": {
        "event_name": "Awangkhul Landslide",
        "date": "2023-08-20",
        "time": "7:00 AM",
        "state": "Manipur",
        "district": "Noney",
        "source": "NESAC/NERDRR"
      },
      "geometry": {
        "type": "Point",
        "coordinates": [
          93.55041,
          24.82048
        ]
      }
    },
    {
      "type": "Feature",
      "properties": {
        "event_name": "Siji Landslide",
        "date": "2023-08-18",
        "time": "",
        "state": "Arunachal Pradesh",
        "district": "Lower Siang",
        "source": "NESAC/NERDRR"
      },
      "geometry": {
        "type": "Point",
        "coordinates": [
          94.697075,
          27.717104
        ]
      }
    },
    {
      "type": "Feature",
      "properties": {
        "event_name": "Khongsang Landslide",
        "date": "2023-08-16",
        "time": "",
        "state": "Manipur",
        "district": "Noney",
        "source": "NESAC/NERDRR"
      },
      "geometry": {
        "type": "Point",
        "coordinates": [
          93.47773,
          24.826582
        ]
      }
    },
    {
      "type": "Feature",
      "properties": {
        "event_name": "Awangkhul Landslide",
        "date": "2023-08-16",
        "time": "",
        "state": "Manipur",
        "district": "Noney",
        "source": "NESAC/NERDRR"
      },
      "geometry": {
        "type": "Point",
        "coordinates": [
          93.550415,
          24.820486
        ]
      }
    },
    {
      "type": "Feature",
      "properties": {
        "event_name": "Sonapur Tunnel Landslide",
        "date": "2023-08-10",
        "time": "Night",
        "state": "Meghalaya",
        "district": "East Jaintia Hills",
        "source": "NESAC/NERDRR"
      },
      "geometry": {
        "type": "Point",
        "coordinates": [
          92.36123,
          25.106699
        ]
      }
    },
    {
      "type": "Feature",
      "properties": {
        "event_name": "Hunthar Landslide",
        "date": "2023-08-09",
        "time": "3:00 AM",
        "state": "Mizoram",
        "district": "Aizawl",
        "source": "NESAC/NERDRR"
      },
      "geometry": {
        "type": "Point",
        "coordinates": [
          92.713844,
          23.745832
        ]
      }
    },
    {
      "type": "Feature",
      "properties": {
        "event_name": "Kiphire Town Landslide",
        "date": "2023-08-09",
        "time": "Night",
        "state": "Nagaland",
        "district": "Kiphire",
        "source": "NESAC/NERDRR"
      },
      "geometry": {
        "type": "Point",
        "coordinates": [
          94.78475,
          25.876143
        ]
      }
    },
    {
      "type": "Feature",
      "properties": {
        "event_name": "Lunglei Landslide",
        "date": "2023-08-08",
        "time": "",
        "state": "Mizoram",
        "district": "Lunglei",
        "source": "NESAC/NERDRR"
      },
      "geometry": {
        "type": "Point",
        "coordinates": [
          92.76097,
          22.880829
        ]
      }
    },
    {
      "type": "Feature",
      "properties": {
        "event_name": "Lawngtlai Landslide",
        "date": "2023-08-08",
        "time": "",
        "state": "Mizoram",
        "district": "Lawngtlai",
        "source": "NESAC/NERDRR"
      },
      "geometry": {
        "type": "Point",
        "coordinates": [
          92.889305,
          22.518534
        ]
      }
    },
    {
      "type": "Feature",
      "properties": {
        "event_name": "32 No. Landslide",
        "date": "2023-08-04",
        "time": "",
        "state": "Sikkim",
        "district": "East Sikkim",
        "source": "NESAC/NERDRR"
      },
      "geometry": {
        "type": "Point",
        "coordinates": [
          88.55059,
          27.259995
        ]
      }
    },
    {
      "type": "Feature",
      "properties": {
        "event_name": "Sonapur Tunnel Landslide",
        "date": "2023-08-04",
        "time": "10:00 PM",
        "state": "Meghalaya",
        "district": "East Khasi Hills",
        "source": "NESAC/NERDRR"
      },
      "geometry": {
        "type": "Point",
        "coordinates": [
          92.360405,
          25.106083
        ]
      }
    },
    {
      "type": "Feature",
      "properties": {
        "event_name": "Taliha Landslide",
        "date": "2023-07-28",
        "time": "NULL",
        "state": "Arunachal Pradesh",
        "district": "Upper Subansiri",
        "source": "NESAC/NERDRR"
      },
      "geometry": {
        "type": "Point",
        "coordinates": [
          94.144356,
          28.235584
        ]
      }
    },
    {
      "type": "Feature",
      "properties": {
        "event_name": "NH 13, Pangin Landslide",
        "date": "2023-07-28",
        "time": "8:30AM",
        "state": "Arunachal Pradesh",
        "district": "Siang district",
        "source": "NESAC/NERDRR"
      },
      "geometry": {
        "type": "Point",
        "coordinates": [
          95.269295,
          28.14251
        ]
      }
    },
    {
      "type": "Feature",
      "properties": {
        "event_name": "Vaivakawn\u00a0Landslide",
        "date": "2023-07-27",
        "time": "",
        "state": "Mizoram",
        "district": "Aizawl",
        "source": "NESAC/NERDRR"
      },
      "geometry": {
        "type": "Point",
        "coordinates": [
          92.70878,
          23.74242
        ]
      }
    },
    {
      "type": "Feature",
      "properties": {
        "event_name": "MeriemaLandslide",
        "date": "2023-07-17",
        "time": "None",
        "state": "Nagaland",
        "district": "Kohima",
        "source": "NESAC/NERDRR"
      },
      "geometry": {
        "type": "Point",
        "coordinates": [
          94.047806,
          25.709988
        ]
      }
    },
    {
      "type": "Feature",
      "properties": {
        "event_name": "Pangin Landslide",
        "date": "2023-07-16",
        "time": "5:00 AM",
        "state": "Arunachal Pradesh",
        "district": "Siang district",
        "source": "NESAC/NERDRR"
      },
      "geometry": {
        "type": "Point",
        "coordinates": [
          95.28282,
          28.095266
        ]
      }
    },
    {
      "type": "Feature",
      "properties": {
        "event_name": "Kiphire Landslide",
        "date": "2023-07-16",
        "time": "None",
        "state": "Nagaland",
        "district": "Kiphire",
        "source": "NESAC/NERDRR"
      },
      "geometry": {
        "type": "Point",
        "coordinates": [
          94.85535,
          25.994081
        ]
      }
    },
    {
      "type": "Feature",
      "properties": {
        "event_name": "Rafung Khola Landslide",
        "date": "2023-07-14",
        "time": "None",
        "state": "Sikkim",
        "district": "South Sikkim",
        "source": "NESAC/NERDRR"
      },
      "geometry": {
        "type": "Point",
        "coordinates": [
          88.39087,
          27.299227
        ]
      }
    },
    {
      "type": "Feature",
      "properties": {
        "event_name": "Theng Landslide",
        "date": "2023-07-14",
        "time": "None",
        "state": "Sikkim",
        "district": "North Sikkim",
        "source": "NESAC/NERDRR"
      },
      "geometry": {
        "type": "Point",
        "coordinates": [
          88.64942,
          27.565792
        ]
      }
    },
    {
      "type": "Feature",
      "properties": {
        "event_name": "9th Mile Landslide",
        "date": "2023-07-14",
        "time": "None",
        "state": "Sikkim",
        "district": "East Sikkim",
        "source": "NESAC/NERDRR"
      },
      "geometry": {
        "type": "Point",
        "coordinates": [
          88.728195,
          27.378153
        ]
      }
    },
    {
      "type": "Feature",
      "properties": {
        "event_name": "Lingzya Busty Landslide",
        "date": "2023-07-12",
        "time": "8:30 AM",
        "state": "Sikkim",
        "district": "North Sikkim",
        "source": "NESAC/NERDRR"
      },
      "geometry": {
        "type": "Point",
        "coordinates": [
          88.50033,
          27.535576
        ]
      }
    },
    {
      "type": "Feature",
      "properties": {
        "event_name": "Iron bridge landslide",
        "date": "2023-07-10",
        "time": "5:00 AM",
        "state": "Nagaland",
        "district": "Peren",
        "source": "NESAC/NERDRR"
      },
      "geometry": {
        "type": "Point",
        "coordinates": [
          93.76566,
          25.529814
        ]
      }
    },
    {
      "type": "Feature",
      "properties": {
        "event_name": "Choklangan\u00a0Landslide",
        "date": "2023-07-09",
        "time": "01:00:00",
        "state": "Nagaland",
        "district": "Noklak",
        "source": "NESAC/NERDRR"
      },
      "geometry": {
        "type": "Point",
        "coordinates": [
          95.08095,
          26.106224
        ]
      }
    },
    {
      "type": "Feature",
      "properties": {
        "event_name": "Wonthai Landslide",
        "date": "2023-07-09",
        "time": "",
        "state": "Nagaland",
        "district": "Noklak",
        "source": "NESAC/NERDRR"
      },
      "geometry": {
        "type": "Point",
        "coordinates": [
          95.02028,
          26.197296
        ]
      }
    },
    {
      "type": "Feature",
      "properties": {
        "event_name": "Ehoukeh King",
        "date": "2023-07-09",
        "time": "",
        "state": "Nagaland",
        "district": "Noklak",
        "source": "NESAC/NERDRR"
      },
      "geometry": {
        "type": "Point",
        "coordinates": [
          95.01541,
          26.199009
        ]
      }
    },
    {
      "type": "Feature",
      "properties": {
        "event_name": "Hunthar  Landslide",
        "date": "2023-07-04",
        "time": "",
        "state": "Mizoram",
        "district": "Aizawl",
        "source": "NESAC/NERDRR"
      },
      "geometry": {
        "type": "Point",
        "coordinates": [
          92.71425,
          23.74506
        ]
      }
    },
    {
      "type": "Feature",
      "properties": {
        "event_name": "Pakala Pahar landslide",
        "date": "2023-07-04",
        "time": "5:00 PM",
        "state": "Nagaland",
        "district": "Chumoukedima",
        "source": "NESAC/NERDRR"
      },
      "geometry": {
        "type": "Point",
        "coordinates": [
          93.79773,
          25.798326
        ]
      }
    },
    {
      "type": "Feature",
      "properties": {
        "event_name": "Sonapur Tunnel Landslide",
        "date": "2023-07-03",
        "time": "Morning",
        "state": "Meghalaya",
        "district": "East Jaintia Hills",
        "source": "NESAC/NERDRR"
      },
      "geometry": {
        "type": "Point",
        "coordinates": [
          92.36114,
          25.106073
        ]
      }
    },
    {
      "type": "Feature",
      "properties": {
        "event_name": "Joramuhuria Landslide",
        "date": "2023-06-29",
        "time": "",
        "state": "Assam",
        "district": "Kamrup",
        "source": "NESAC/NERDRR"
      },
      "geometry": {
        "type": "Point",
        "coordinates": [
          91.43331,
          25.894901
        ]
      }
    },
    {
      "type": "Feature",
      "properties": {
        "event_name": "Sonapur Tunnel Landslide",
        "date": "2023-06-23",
        "time": "None",
        "state": "Meghalaya",
        "district": "East Jaintia Hills",
        "source": "NESAC/NERDRR"
      },
      "geometry": {
        "type": "Point",
        "coordinates": [
          92.361275,
          25.105701
        ]
      }
    },
    {
      "type": "Feature",
      "properties": {
        "event_name": "Sessa Landslide",
        "date": "2023-06-23",
        "time": "None",
        "state": "Arunachal Pradesh",
        "district": "West Kameng",
        "source": "NESAC/NERDRR"
      },
      "geometry": {
        "type": "Point",
        "coordinates": [
          92.52516,
          27.10699
        ]
      }
    },
    {
      "type": "Feature",
      "properties": {
        "event_name": "Puroik Landslide",
        "date": "2023-06-23",
        "time": "None",
        "state": "Arunachal Pradesh",
        "district": "Papum pare",
        "source": "NESAC/NERDRR"
      },
      "geometry": {
        "type": "Point",
        "coordinates": [
          93.671455,
          27.101536
        ]
      }
    },
    {
      "type": "Feature",
      "properties": {
        "event_name": "Karsingsa Landslide",
        "date": "2023-06-23",
        "time": "None",
        "state": "Arunachal Pradesh",
        "district": "Papum pare",
        "source": "NESAC/NERDRR"
      },
      "geometry": {
        "type": "Point",
        "coordinates": [
          93.828636,
          27.095932
        ]
      }
    },
    {
      "type": "Feature",
      "properties": {
        "event_name": "Pangin Landslide",
        "date": "2023-06-23",
        "time": "None",
        "state": "Arunachal Pradesh",
        "district": "West Siang",
        "source": "NESAC/NERDRR"
      },
      "geometry": {
        "type": "Point",
        "coordinates": [
          94.93064,
          28.23372
        ]
      }
    },
    {
      "type": "Feature",
      "properties": {
        "event_name": "Umiam View point Landslide",
        "date": "2023-06-22",
        "time": "None",
        "state": "Meghalaya",
        "district": "Ri Bhoi",
        "source": "NESAC/NERDRR"
      },
      "geometry": {
        "type": "Point",
        "coordinates": [
          91.94867,
          25.68725
        ]
      }
    },
    {
      "type": "Feature",
      "properties": {
        "event_name": "PA Sangma Stadium Landslide",
        "date": "2023-06-22",
        "time": "Morning",
        "state": "Meghalaya",
        "district": "West Garo Hills",
        "source": "NESAC/NERDRR"
      },
      "geometry": {
        "type": "Point",
        "coordinates": [
          90.18178,
          25.52188
        ]
      }
    },
    {
      "type": "Feature",
      "properties": {
        "event_name": "Sonapur Tunnel Landslide",
        "date": "2023-06-19",
        "time": "None",
        "state": "Meghalaya",
        "district": "East Jaintia Hills",
        "source": "NESAC/NERDRR"
      },
      "geometry": {
        "type": "Point",
        "coordinates": [
          92.3603,
          25.10595
        ]
      }
    },
    {
      "type": "Feature",
      "properties": {
        "event_name": "Kalej Khola landslide",
        "date": "2023-06-18",
        "time": "None",
        "state": "Sikkim",
        "district": "West Sikkim",
        "source": "NESAC/NERDRR"
      },
      "geometry": {
        "type": "Point",
        "coordinates": [
          88.25037,
          27.26933
        ]
      }
    },
    {
      "type": "Feature",
      "properties": {
        "event_name": "Lower Okhrey Landslide",
        "date": "2023-06-18",
        "time": "None",
        "state": "Sikkim",
        "district": "West Sikkim",
        "source": "NESAC/NERDRR"
      },
      "geometry": {
        "type": "Point",
        "coordinates": [
          88.10331,
          27.142584
        ]
      }
    },
    {
      "type": "Feature",
      "properties": {
        "event_name": "Dentam Landslide",
        "date": "2023-06-18",
        "time": "None",
        "state": "Sikkim",
        "district": "West Sikkim",
        "source": "NESAC/NERDRR"
      },
      "geometry": {
        "type": "Point",
        "coordinates": [
          88.13678,
          27.254354
        ]
      }
    },
    {
      "type": "Feature",
      "properties": {
        "event_name": "Dhirenpara Landslide",
        "date": "2023-06-17",
        "time": "None",
        "state": "Assam",
        "district": "Kamrup Metro",
        "source": "NESAC/NERDRR"
      },
      "geometry": {
        "type": "Point",
        "coordinates": [
          91.71949,
          26.123802
        ]
      }
    },
    {
      "type": "Feature",
      "properties": {
        "event_name": "Darrang Landslide",
        "date": "2023-06-17",
        "time": "None",
        "state": "Meghalaya",
        "district": "West Jaintia Hills",
        "source": "NESAC/NERDRR"
      },
      "geometry": {
        "type": "Point",
        "coordinates": [
          92.02089,
          25.205927
        ]
      }
    },
    {
      "type": "Feature",
      "properties": {
        "event_name": "Dommawlein landslide",
        "date": "2023-06-17",
        "time": "None",
        "state": "Meghalaya",
        "district": "West Khasi Hills",
        "source": "NESAC/NERDRR"
      },
      "geometry": {
        "type": "Point",
        "coordinates": [
          91.36604,
          25.275152
        ]
      }
    },
    {
      "type": "Feature",
      "properties": {
        "event_name": "Laitlarem Landslide",
        "date": "2023-06-17",
        "time": "None",
        "state": "Meghalaya",
        "district": "East Khasi Hills",
        "source": "NESAC/NERDRR"
      },
      "geometry": {
        "type": "Point",
        "coordinates": [
          91.57097,
          25.446165
        ]
      }
    },
    {
      "type": "Feature",
      "properties": {
        "event_name": "Chungthang 2 Landslide",
        "date": "2023-06-16",
        "time": "None",
        "state": "Sikkim",
        "district": "North Sikkim",
        "source": "NESAC/NERDRR"
      },
      "geometry": {
        "type": "Point",
        "coordinates": [
          88.64646,
          27.60389
        ]
      }
    },
    {
      "type": "Feature",
      "properties": {
        "event_name": "Hunthar Landslide",
        "date": "2023-06-16",
        "time": "None",
        "state": "Mizoram",
        "district": "Aizawl",
        "source": "NESAC/NERDRR"
      },
      "geometry": {
        "type": "Point",
        "coordinates": [
          92.71425,
          23.745054
        ]
      }
    },
    {
      "type": "Feature",
      "properties": {
        "event_name": "Sonapur Tunnel Landslide",
        "date": "2023-06-15",
        "time": "None",
        "state": "Meghalaya",
        "district": "East Jaintia Hills",
        "source": "NESAC/NERDRR"
      },
      "geometry": {
        "type": "Point",
        "coordinates": [
          92.36026,
          25.105946
        ]
      }
    },
    {
      "type": "Feature",
      "properties": {
        "event_name": "Rngain Landslide",
        "date": "2023-06-14",
        "time": "None",
        "state": "Meghalaya",
        "district": "East Khasi Hills",
        "source": "NESAC/NERDRR"
      },
      "geometry": {
        "type": "Point",
        "coordinates": [
          91.87655,
          25.371452
        ]
      }
    },
    {
      "type": "Feature",
      "properties": {
        "event_name": "Sonapur Tunnel Landslide",
        "date": "2023-06-14",
        "time": "None",
        "state": "Meghalaya",
        "district": "East Jaintia Hills",
        "source": "NESAC/NERDRR"
      },
      "geometry": {
        "type": "Point",
        "coordinates": [
          92.360245,
          25.10593
        ]
      }
    },
    {
      "type": "Feature",
      "properties": {
        "event_name": "Tippi Landslide",
        "date": "2023-06-12",
        "time": "None",
        "state": "Arunachal Pradesh",
        "district": "West Kameng",
        "source": "NESAC/NERDRR"
      },
      "geometry": {
        "type": "Point",
        "coordinates": [
          92.61017,
          27.026924
        ]
      }
    },
    {
      "type": "Feature",
      "properties": {
        "event_name": "Pynursla Landslide",
        "date": "2023-06-11",
        "time": "None",
        "state": "Meghalaya",
        "district": "East Khasi Hills",
        "source": "NESAC/NERDRR"
      },
      "geometry": {
        "type": "Point",
        "coordinates": [
          91.90261,
          25.3096
        ]
      }
    },
    {
      "type": "Feature",
      "properties": {
        "event_name": "Sonapur Tunnel Landslide",
        "date": "2023-06-10",
        "time": "None",
        "state": "Meghalaya",
        "district": "East Jaintia Hills",
        "source": "NESAC/NERDRR"
      },
      "geometry": {
        "type": "Point",
        "coordinates": [
          92.360245,
          25.10593
        ]
      }
    },
    {
      "type": "Feature",
      "properties": {
        "event_name": "Sonapur Tunnel Landslide",
        "date": "2023-05-27",
        "time": "None",
        "state": "Meghalaya",
        "district": "East Jaintia Hills",
        "source": "NESAC/NERDRR"
      },
      "geometry": {
        "type": "Point",
        "coordinates": [
          92.36018,
          25.105844
        ]
      }
    },
    {
      "type": "Feature",
      "properties": {
        "event_name": "Chungthang Landslide",
        "date": "2023-05-19",
        "time": "None",
        "state": "Sikkim",
        "district": "North Sikkim",
        "source": "NESAC/NERDRR"
      },
      "geometry": {
        "type": "Point",
        "coordinates": [
          88.6573,
          27.613235
        ]
      }
    },
    {
      "type": "Feature",
      "properties": {
        "event_name": "Tura Civil Hospital",
        "date": "2023-05-06",
        "time": "None",
        "state": "Meghalaya",
        "district": "West Garo Hills",
        "source": "NESAC/NERDRR"
      },
      "geometry": {
        "type": "Point",
        "coordinates": [
          90.20299,
          25.515018
        ]
      }
    },
    {
      "type": "Feature",
      "properties": {
        "event_name": "Kurung 2",
        "date": "2023-05-06",
        "time": "None",
        "state": "Arunachal Pradesh",
        "district": "Kurung Kumey",
        "source": "NESAC/NERDRR"
      },
      "geometry": {
        "type": "Point",
        "coordinates": [
          93.4241,
          27.896471
        ]
      }
    },
    {
      "type": "Feature",
      "properties": {
        "event_name": "Kurung 1",
        "date": "2023-05-06",
        "time": "None",
        "state": "Arunachal Pradesh",
        "district": "Kurung Kumey",
        "source": "NESAC/NERDRR"
      },
      "geometry": {
        "type": "Point",
        "coordinates": [
          93.43503,
          27.894518
        ]
      }
    },
    {
      "type": "Feature",
      "properties": {
        "event_name": "Mossing Landslide",
        "date": "2023-05-05",
        "time": "2:00 AM",
        "state": "Arunachal Pradesh",
        "district": "Upper Siang",
        "source": "NESAC/NERDRR"
      },
      "geometry": {
        "type": "Point",
        "coordinates": [
          94.77571,
          28.798956
        ]
      }
    },
    {
      "type": "Feature",
      "properties": {
        "event_name": "Rngain Landslide",
        "date": "2023-04-14",
        "time": "None",
        "state": "Meghalaya",
        "district": "East Khasi Hills",
        "source": "NESAC/NERDRR"
      },
      "geometry": {
        "type": "Point",
        "coordinates": [
          91.87656,
          25.371447
        ]
      }
    },
    {
      "type": "Feature",
      "properties": {
        "event_name": "Sonapur Tunnel Landslide",
        "date": "2023-04-05",
        "time": "None",
        "state": "Meghalaya",
        "district": "East Jaintia Hills",
        "source": "NESAC/NERDRR"
      },
      "geometry": {
        "type": "Point",
        "coordinates": [
          92.360245,
          25.10593
        ]
      }
    },
    {
      "type": "Feature",
      "properties": {
        "event_name": "Subansiri Lower Hydroelectric Project",
        "date": "2023-04-03",
        "time": "None",
        "state": "Assam",
        "district": "Dhemaji",
        "source": "NESAC/NERDRR"
      },
      "geometry": {
        "type": "Point",
        "coordinates": [
          94.259926,
          27.554682
        ]
      }
    },
    {
      "type": "Feature",
      "properties": {
        "event_name": "Teliamura Landslide",
        "date": "2023-03-31",
        "time": "None",
        "state": "Tripura",
        "district": "Khowai",
        "source": "NESAC/NERDRR"
      },
      "geometry": {
        "type": "Point",
        "coordinates": [
          91.62872,
          23.837263
        ]
      }
    },
    {
      "type": "Feature",
      "properties": {
        "event_name": "Sokpay Landslide",
        "date": "2023-03-26",
        "time": "None",
        "state": "Sikkim",
        "district": "Gangtok",
        "source": "NESAC/NERDRR"
      },
      "geometry": {
        "type": "Point",
        "coordinates": [
          88.5232,
          27.392355
        ]
      }
    },
    {
      "type": "Feature",
      "properties": {
        "event_name": "Tuting Landslide",
        "date": "2023-03-24",
        "time": "None",
        "state": "Arunachal Pradesh",
        "district": "Upper Siang",
        "source": "NESAC/NERDRR"
      },
      "geometry": {
        "type": "Point",
        "coordinates": [
          94.86048,
          28.782139
        ]
      }
    },
    {
      "type": "Feature",
      "properties": {
        "event_name": "Roing Anini",
        "date": "2023-02-24",
        "time": "None",
        "state": "Arunachal Pradesh",
        "district": "Lower Dibang Valley",
        "source": "NESAC/NERDRR"
      },
      "geometry": {
        "type": "Point",
        "coordinates": [
          95.77758,
          28.233286
        ]
      }
    },
    {
      "type": "Feature",
      "properties": {
        "event_name": "Hermon Veng",
        "date": "2023-01-26",
        "time": "7.30 PM",
        "state": "Mizoram",
        "district": "Champhai",
        "source": "NESAC/NERDRR"
      },
      "geometry": {
        "type": "Point",
        "coordinates": [
          93.20454,
          23.491709
        ]
      }
    },
    {
      "type": "Feature",
      "properties": {
        "event_name": "Yangang Landslide",
        "date": "2022-11-04",
        "time": "None",
        "state": "Sikkim",
        "district": "South Sikkim",
        "source": "NESAC/NERDRR"
      },
      "geometry": {
        "type": "Point",
        "coordinates": [
          88.39555,
          27.296944
        ]
      }
    },
    {
      "type": "Feature",
      "properties": {
        "event_name": "Poom_landslide",
        "date": "2022-08-31",
        "time": "16:00",
        "state": "Sikkim",
        "district": "North Sikkim",
        "source": "NESAC/NERDRR"
      },
      "geometry": {
        "type": "Point",
        "coordinates": [
          88.69597,
          27.830093
        ]
      }
    },
    {
      "type": "Feature",
      "properties": {
        "event_name": "Republic Landslide",
        "date": "2022-07-26",
        "time": "None",
        "state": "Mizoram",
        "district": "Aizawl",
        "source": "NESAC/NERDRR"
      },
      "geometry": {
        "type": "Point",
        "coordinates": [
          92.721,
          23.719
        ]
      }
    },
    {
      "type": "Feature",
      "properties": {
        "event_name": "Aizawl 1 Landslide",
        "date": "2022-07-26",
        "time": "None",
        "state": "Mizoram",
        "district": "Aizawl",
        "source": "NESAC/NERDRR"
      },
      "geometry": {
        "type": "Point",
        "coordinates": [
          92.712,
          23.741
        ]
      }
    },
    {
      "type": "Feature",
      "properties": {
        "event_name": "Aizawl 2 Landslide",
        "date": "2022-07-26",
        "time": "None",
        "state": "Mizoram",
        "district": "Aizawl",
        "source": "NESAC/NERDRR"
      },
      "geometry": {
        "type": "Point",
        "coordinates": [
          92.712,
          23.74
        ]
      }
    },
    {
      "type": "Feature",
      "properties": {
        "event_name": "Kawnpui 4 Landslide",
        "date": "2022-07-24",
        "time": "None",
        "state": "Mizoram",
        "district": "Kolasib",
        "source": "NESAC/NERDRR"
      },
      "geometry": {
        "type": "Point",
        "coordinates": [
          92.684,
          23.982
        ]
      }
    },
    {
      "type": "Feature",
      "properties": {
        "event_name": "Kawnpui 1 Landslide",
        "date": "2022-07-24",
        "time": "None",
        "state": "Mizoram",
        "district": "Kolasib",
        "source": "NESAC/NERDRR"
      },
      "geometry": {
        "type": "Point",
        "coordinates": [
          92.682,
          23.985
        ]
      }
    },
    {
      "type": "Feature",
      "properties": {
        "event_name": "Thenzawl 6 Landslide",
        "date": "2022-07-24",
        "time": "None",
        "state": "Mizoram",
        "district": "Serchhip",
        "source": "NESAC/NERDRR"
      },
      "geometry": {
        "type": "Point",
        "coordinates": [
          92.691,
          24.254
        ]
      }
    },
    {
      "type": "Feature",
      "properties": {
        "event_name": "Thenzawl 5 Landslide",
        "date": "2022-07-24",
        "time": "None",
        "state": "Mizoram",
        "district": "Serchhip",
        "source": "NESAC/NERDRR"
      },
      "geometry": {
        "type": "Point",
        "coordinates": [
          92.692,
          24.256
        ]
      }
    },
    {
      "type": "Feature",
      "properties": {
        "event_name": "Vairengte Landslide",
        "date": "2022-07-24",
        "time": "None",
        "state": "Mizoram",
        "district": "Kolasib",
        "source": "NESAC/NERDRR"
      },
      "geometry": {
        "type": "Point",
        "coordinates": [
          92.769,
          24.508
        ]
      }
    },
    {
      "type": "Feature",
      "properties": {
        "event_name": "Sialsuk 1 Landslide",
        "date": "2022-07-24",
        "time": "None",
        "state": "Mizoram",
        "district": "Aizawl",
        "source": "NESAC/NERDRR"
      },
      "geometry": {
        "type": "Point",
        "coordinates": [
          92.715,
          24.38
        ]
      }
    },
    {
      "type": "Feature",
      "properties": {
        "event_name": "Sialsuk 2 Landslide",
        "date": "2022-07-24",
        "time": "None",
        "state": "Mizoram",
        "district": "Aizawl",
        "source": "NESAC/NERDRR"
      },
      "geometry": {
        "type": "Point",
        "coordinates": [
          92.719,
          24.366
        ]
      }
    },
    {
      "type": "Feature",
      "properties": {
        "event_name": "Sialsuk 3 Landslide",
        "date": "2022-07-24",
        "time": "None",
        "state": "Mizoram",
        "district": "Aizawl",
        "source": "NESAC/NERDRR"
      },
      "geometry": {
        "type": "Point",
        "coordinates": [
          92.727,
          24.366
        ]
      }
    },
    {
      "type": "Feature",
      "properties": {
        "event_name": "Sialsuk 4 Landslide",
        "date": "2022-07-24",
        "time": "None",
        "state": "Mizoram",
        "district": "Aizawl",
        "source": "NESAC/NERDRR"
      },
      "geometry": {
        "type": "Point",
        "coordinates": [
          92.73,
          24.37
        ]
      }
    },
    {
      "type": "Feature",
      "properties": {
        "event_name": "Sialsuk 5 Landslide",
        "date": "2022-07-24",
        "time": "None",
        "state": "Mizoram",
        "district": "Aizawl",
        "source": "NESAC/NERDRR"
      },
      "geometry": {
        "type": "Point",
        "coordinates": [
          92.73,
          24.362
        ]
      }
    },
    {
      "type": "Feature",
      "properties": {
        "event_name": "Bilkhawthlir 1 Landslide",
        "date": "2022-07-24",
        "time": "None",
        "state": "Mizoram",
        "district": "Kolasib",
        "source": "NESAC/NERDRR"
      },
      "geometry": {
        "type": "Point",
        "coordinates": [
          92.723,
          24.349
        ]
      }
    },
    {
      "type": "Feature",
      "properties": {
        "event_name": "Bilkhawthlir 2 Landslide",
        "date": "2022-07-24",
        "time": "None",
        "state": "Mizoram",
        "district": "Kolasib",
        "source": "NESAC/NERDRR"
      },
      "geometry": {
        "type": "Point",
        "coordinates": [
          92.721,
          24.338
        ]
      }
    },
    {
      "type": "Feature",
      "properties": {
        "event_name": "Bilkhawthlir 3 Landslide",
        "date": "2022-07-24",
        "time": "None",
        "state": "Mizoram",
        "district": "Kolasib",
        "source": "NESAC/NERDRR"
      },
      "geometry": {
        "type": "Point",
        "coordinates": [
          92.708,
          24.325
        ]
      }
    },
    {
      "type": "Feature",
      "properties": {
        "event_name": "Thenzawl 1 Landslide",
        "date": "2022-07-24",
        "time": "None",
        "state": "Mizoram",
        "district": "Serchhip",
        "source": "NESAC/NERDRR"
      },
      "geometry": {
        "type": "Point",
        "coordinates": [
          92.692,
          24.266
        ]
      }
    },
    {
      "type": "Feature",
      "properties": {
        "event_name": "Thenzawl 2 Landslide",
        "date": "2022-07-24",
        "time": "None",
        "state": "Mizoram",
        "district": "Serchhip",
        "source": "NESAC/NERDRR"
      },
      "geometry": {
        "type": "Point",
        "coordinates": [
          92.692,
          24.264
        ]
      }
    },
    {
      "type": "Feature",
      "properties": {
        "event_name": "Thenzawl 3 Landslide",
        "date": "2022-07-24",
        "time": "None",
        "state": "Mizoram",
        "district": "Serchhip",
        "source": "NESAC/NERDRR"
      },
      "geometry": {
        "type": "Point",
        "coordinates": [
          92.692,
          24.263
        ]
      }
    },
    {
      "type": "Feature",
      "properties": {
        "event_name": "Thenzawl 4 Landslide",
        "date": "2022-07-24",
        "time": "None",
        "state": "Mizoram",
        "district": "Serchhip",
        "source": "NESAC/NERDRR"
      },
      "geometry": {
        "type": "Point",
        "coordinates": [
          92.692,
          24.258
        ]
      }
    },
    {
      "type": "Feature",
      "properties": {
        "event_name": "Kawnpui 5 Landslide",
        "date": "2022-07-24",
        "time": "None",
        "state": "Mizoram",
        "district": "Kolasib",
        "source": "NESAC/NERDRR"
      },
      "geometry": {
        "type": "Point",
        "coordinates": [
          92.684,
          23.98
        ]
      }
    },
    {
      "type": "Feature",
      "properties": {
        "event_name": "Kawnpui 3 Landslide",
        "date": "2022-07-24",
        "time": "None",
        "state": "Mizoram",
        "district": "Kolasib",
        "source": "NESAC/NERDRR"
      },
      "geometry": {
        "type": "Point",
        "coordinates": [
          92.684,
          23.983
        ]
      }
    },
    {
      "type": "Feature",
      "properties": {
        "event_name": "Kawnpui 2 Landslide",
        "date": "2022-07-24",
        "time": "None",
        "state": "Mizoram",
        "district": "Kolasib",
        "source": "NESAC/NERDRR"
      },
      "geometry": {
        "type": "Point",
        "coordinates": [
          92.684,
          23.984
        ]
      }
    },
    {
      "type": "Feature",
      "properties": {
        "event_name": "Tupul_yard_landslide",
        "date": "2022-06-30",
        "time": "None",
        "state": "Manipur",
        "district": "Noney",
        "source": "NESAC/NERDRR"
      },
      "geometry": {
        "type": "Point",
        "coordinates": [
          93.6709,
          24.80265
        ]
      }
    },
    {
      "type": "Feature",
      "properties": {
        "event_name": "Sood_landslide",
        "date": "2022-06-19",
        "time": "08:00",
        "state": "Arunachal Pradesh",
        "district": "Papum Pare",
        "source": "NESAC/NERDRR"
      },
      "geometry": {
        "type": "Point",
        "coordinates": [
          93.6878,
          27.112083
        ]
      }
    },
    {
      "type": "Feature",
      "properties": {
        "event_name": "Modirijo_landslide",
        "date": "2022-06-19",
        "time": "None",
        "state": "Arunachal Pradesh",
        "district": "Papum Pare",
        "source": "NESAC/NERDRR"
      },
      "geometry": {
        "type": "Point",
        "coordinates": [
          93.650566,
          27.107346
        ]
      }
    },
    {
      "type": "Feature",
      "properties": {
        "event_name": "Tawipui_road",
        "date": "2022-06-19",
        "time": "None",
        "state": "Mizoram",
        "district": "Lunglei",
        "source": "NESAC/NERDRR"
      },
      "geometry": {
        "type": "Point",
        "coordinates": [
          92.84086,
          22.690073
        ]
      }
    },
    {
      "type": "Feature",
      "properties": {
        "event_name": "Navagarha_guard_wall_collapse",
        "date": "2022-06-19",
        "time": "None",
        "state": "Assam",
        "district": "Kamrup Metro",
        "source": "NESAC/NERDRR"
      },
      "geometry": {
        "type": "Point",
        "coordinates": [
          91.76223,
          26.19286
        ]
      }
    },
    {
      "type": "Feature",
      "properties": {
        "event_name": "Borakhai_tea_estate",
        "date": "2022-06-18",
        "time": "None",
        "state": "Assam",
        "district": "Cachar",
        "source": "NESAC/NERDRR"
      },
      "geometry": {
        "type": "Point",
        "coordinates": [
          92.7794,
          24.759151
        ]
      }
    },
    {
      "type": "Feature",
      "properties": {
        "event_name": "Azadnagar_landslide",
        "date": "2022-06-17",
        "time": "None",
        "state": "Assam",
        "district": "Gopalpara",
        "source": "NESAC/NERDRR"
      },
      "geometry": {
        "type": "Point",
        "coordinates": [
          90.63741,
          26.14118
        ]
      }
    },
    {
      "type": "Feature",
      "properties": {
        "event_name": "Bolsalgre_landslide",
        "date": "2022-06-17",
        "time": "None",
        "state": "Meghalaya",
        "district": "South Garo Hills",
        "source": "NESAC/NERDRR"
      },
      "geometry": {
        "type": "Point",
        "coordinates": [
          90.03326,
          25.459652
        ]
      }
    },
    {
      "type": "Feature",
      "properties": {
        "event_name": "Darrang_landslide",
        "date": "2022-06-17",
        "time": "None",
        "state": "Meghalaya",
        "district": "West Jaintia Hills",
        "source": "NESAC/NERDRR"
      },
      "geometry": {
        "type": "Point",
        "coordinates": [
          92.02121,
          25.206291
        ]
      }
    },
    {
      "type": "Feature",
      "properties": {
        "event_name": "Siju_landslide",
        "date": "2022-06-17",
        "time": "None",
        "state": "Meghalaya",
        "district": "South Garo Hills",
        "source": "NESAC/NERDRR"
      },
      "geometry": {
        "type": "Point",
        "coordinates": [
          90.68374,
          25.351841
        ]
      }
    },
    {
      "type": "Feature",
      "properties": {
        "event_name": "Laitlarem_landslide",
        "date": "2022-06-16",
        "time": "None",
        "state": "Meghalaya",
        "district": "East Khasi Hills",
        "source": "NESAC/NERDRR"
      },
      "geometry": {
        "type": "Point",
        "coordinates": [
          91.57084,
          25.44632
        ]
      }
    },
    {
      "type": "Feature",
      "properties": {
        "event_name": "Nizarpur_landslide",
        "date": "2022-06-12",
        "time": "None",
        "state": "Assam",
        "district": "Kurung Kumey",
        "source": "NESAC/NERDRR"
      },
      "geometry": {
        "type": "Point",
        "coordinates": [
          91.683105,
          26.11816
        ]
      }
    },
    {
      "type": "Feature",
      "properties": {
        "event_name": "Jebalgre_landslide",
        "date": "2022-06-09",
        "time": "None",
        "state": "Meghalaya",
        "district": "West Garo Hills",
        "source": "NESAC/NERDRR"
      },
      "geometry": {
        "type": "Point",
        "coordinates": [
          90.060165,
          25.389677
        ]
      }
    },
    {
      "type": "Feature",
      "properties": {
        "event_name": "Betasingh_landslide",
        "date": "2022-06-09",
        "time": "None",
        "state": "Meghalaya",
        "district": "South West Garo Hills",
        "source": "NESAC/NERDRR"
      },
      "geometry": {
        "type": "Point",
        "coordinates": [
          89.951546,
          25.507116
        ]
      }
    },
    {
      "type": "Feature",
      "properties": {
        "event_name": "Punjabi_dhabha_landslide",
        "date": "2022-05-16",
        "time": "21:30",
        "state": "Arunachal Pradesh",
        "district": "Papum Pare",
        "source": "NESAC/NERDRR"
      },
      "geometry": {
        "type": "Point",
        "coordinates": [
          93.62141,
          27.095318
        ]
      }
    },
    {
      "type": "Feature",
      "properties": {
        "event_name": "Ganga_Jully_basti_road",
        "date": "2022-05-16",
        "time": "None",
        "state": "Arunachal Pradesh",
        "district": "Papum Pare",
        "source": "NESAC/NERDRR"
      },
      "geometry": {
        "type": "Point",
        "coordinates": [
          93.61592,
          27.079184
        ]
      }
    },
    {
      "type": "Feature",
      "properties": {
        "event_name": "L4",
        "date": "2022-05-15",
        "time": "None",
        "state": "Assam",
        "district": "Dima Hasao",
        "source": "NESAC/NERDRR"
      },
      "geometry": {
        "type": "Point",
        "coordinates": [
          93.03218,
          25.145105
        ]
      }
    },
    {
      "type": "Feature",
      "properties": {
        "event_name": "DF5",
        "date": "2022-05-15",
        "time": "None",
        "state": "Assam",
        "district": "Dima Hasao",
        "source": "NESAC/NERDRR"
      },
      "geometry": {
        "type": "Point",
        "coordinates": [
          93.02946,
          25.145308
        ]
      }
    },
    {
      "type": "Feature",
      "properties": {
        "event_name": "DF4",
        "date": "2022-05-15",
        "time": "None",
        "state": "Assam",
        "district": "Dima Hasao",
        "source": "NESAC/NERDRR"
      },
      "geometry": {
        "type": "Point",
        "coordinates": [
          93.02944,
          25.144354
        ]
      }
    },
    {
      "type": "Feature",
      "properties": {
        "event_name": "L9a",
        "date": "2022-05-15",
        "time": "None",
        "state": "Assam",
        "district": "Dima Hasao",
        "source": "NESAC/NERDRR"
      },
      "geometry": {
        "type": "Point",
        "coordinates": [
          93.0336,
          25.148092
        ]
      }
    },
    {
      "type": "Feature",
      "properties": {
        "event_name": "L9b",
        "date": "2022-05-15",
        "time": "None",
        "state": "Assam",
        "district": "Dima Hasao",
        "source": "NESAC/NERDRR"
      },
      "geometry": {
        "type": "Point",
        "coordinates": [
          93.03361,
          25.14794
        ]
      }
    },
    {
      "type": "Feature",
      "properties": {
        "event_name": "L10",
        "date": "2022-05-15",
        "time": "None",
        "state": "Assam",
        "district": "Dima Hasao",
        "source": "NESAC/NERDRR"
      },
      "geometry": {
        "type": "Point",
        "coordinates": [
          93.01687,
          25.186506
        ]
      }
    },
    {
      "type": "Feature",
      "properties": {
        "event_name": "L11",
        "date": "2022-05-15",
        "time": "None",
        "state": "Assam",
        "district": "Dima Hasao",
        "source": "NESAC/NERDRR"
      },
      "geometry": {
        "type": "Point",
        "coordinates": [
          93.01751,
          25.18653
        ]
      }
    },
    {
      "type": "Feature",
      "properties": {
        "event_name": "L12",
        "date": "2022-05-15",
        "time": "None",
        "state": "Assam",
        "district": "Dima Hasao",
        "source": "NESAC/NERDRR"
      },
      "geometry": {
        "type": "Point",
        "coordinates": [
          93.01716,
          25.187185
        ]
      }
    },
    {
      "type": "Feature",
      "properties": {
        "event_name": "L13",
        "date": "2022-05-15",
        "time": "None",
        "state": "Assam",
        "district": "Dima Hasao",
        "source": "NESAC/NERDRR"
      },
      "geometry": {
        "type": "Point",
        "coordinates": [
          93.0178,
          25.18724
        ]
      }
    },
    {
      "type": "Feature",
      "properties": {
        "event_name": "L14",
        "date": "2022-05-15",
        "time": "None",
        "state": "Assam",
        "district": "Dima Hasao",
        "source": "NESAC/NERDRR"
      },
      "geometry": {
        "type": "Point",
        "coordinates": [
          93.01809,
          25.188253
        ]
      }
    },
    {
      "type": "Feature",
      "properties": {
        "event_name": "L15",
        "date": "2022-05-15",
        "time": "None",
        "state": "Assam",
        "district": "Dima Hasao",
        "source": "NESAC/NERDRR"
      },
      "geometry": {
        "type": "Point",
        "coordinates": [
          93.01832,
          25.187881
        ]
      }
    },
    {
      "type": "Feature",
      "properties": {
        "event_name": "L16",
        "date": "2022-05-15",
        "time": "None",
        "state": "Assam",
        "district": "Dima Hasao",
        "source": "NESAC/NERDRR"
      },
      "geometry": {
        "type": "Point",
        "coordinates": [
          93.018524,
          25.187809
        ]
      }
    },
    {
      "type": "Feature",
      "properties": {
        "event_name": "L17",
        "date": "2022-05-15",
        "time": "None",
        "state": "Assam",
        "district": "Dima Hasao",
        "source": "NESAC/NERDRR"
      },
      "geometry": {
        "type": "Point",
        "coordinates": [
          93.018745,
          25.187763
        ]
      }
    },
    {
      "type": "Feature",
      "properties": {
        "event_name": "L18",
        "date": "2022-05-15",
        "time": "None",
        "state": "Assam",
        "district": "Dima Hasao",
        "source": "NESAC/NERDRR"
      },
      "geometry": {
        "type": "Point",
        "coordinates": [
          93.01909,
          25.187649
        ]
      }
    },
    {
      "type": "Feature",
      "properties": {
        "event_name": "L22",
        "date": "2022-05-15",
        "time": "None",
        "state": "Assam",
        "district": "Dima Hasao",
        "source": "NESAC/NERDRR"
      },
      "geometry": {
        "type": "Point",
        "coordinates": [
          93.0194,
          25.186731
        ]
      }
    },
    {
      "type": "Feature",
      "properties": {
        "event_name": "L19",
        "date": "2022-05-15",
        "time": "None",
        "state": "Assam",
        "district": "Dima Hasao",
        "source": "NESAC/NERDRR"
      },
      "geometry": {
        "type": "Point",
        "coordinates": [
          93.01914,
          25.186766
        ]
      }
    },
    {
      "type": "Feature",
      "properties": {
        "event_name": "L27",
        "date": "2022-05-15",
        "time": "None",
        "state": "Assam",
        "district": "Dima Hasao",
        "source": "NESAC/NERDRR"
      },
      "geometry": {
        "type": "Point",
        "coordinates": [
          93.01877,
          25.186045
        ]
      }
    },
    {
      "type": "Feature",
      "properties": {
        "event_name": "L28",
        "date": "2022-05-15",
        "time": "None",
        "state": "Assam",
        "district": "Dima Hasao",
        "source": "NESAC/NERDRR"
      },
      "geometry": {
        "type": "Point",
        "coordinates": [
          93.01879,
          25.185911
        ]
      }
    },
    {
      "type": "Feature",
      "properties": {
        "event_name": "DF3",
        "date": "2022-05-15",
        "time": "None",
        "state": "Assam",
        "district": "Dima Hasao",
        "source": "NESAC/NERDRR"
      },
      "geometry": {
        "type": "Point",
        "coordinates": [
          93.02876,
          25.143646
        ]
      }
    },
    {
      "type": "Feature",
      "properties": {
        "event_name": "L20",
        "date": "2022-05-15",
        "time": "None",
        "state": "Assam",
        "district": "Dima Hasao",
        "source": "NESAC/NERDRR"
      },
      "geometry": {
        "type": "Point",
        "coordinates": [
          93.01923,
          25.186756
        ]
      }
    },
    {
      "type": "Feature",
      "properties": {
        "event_name": "L21",
        "date": "2022-05-15",
        "time": "None",
        "state": "Assam",
        "district": "Dima Hasao",
        "source": "NESAC/NERDRR"
      },
      "geometry": {
        "type": "Point",
        "coordinates": [
          93.01952,
          25.186605
        ]
      }
    },
    {
      "type": "Feature",
      "properties": {
        "event_name": "L23",
        "date": "2022-05-15",
        "time": "None",
        "state": "Assam",
        "district": "Dima Hasao",
        "source": "NESAC/NERDRR"
      },
      "geometry": {
        "type": "Point",
        "coordinates": [
          93.019455,
          25.186619
        ]
      }
    },
    {
      "type": "Feature",
      "properties": {
        "event_name": "L24",
        "date": "2022-05-15",
        "time": "None",
        "state": "Assam",
        "district": "Dima Hasao",
        "source": "NESAC/NERDRR"
      },
      "geometry": {
        "type": "Point",
        "coordinates": [
          93.01947,
          25.18669
        ]
      }
    },
    {
      "type": "Feature",
      "properties": {
        "event_name": "L25",
        "date": "2022-05-15",
        "time": "None",
        "state": "Assam",
        "district": "Dima Hasao",
        "source": "NESAC/NERDRR"
      },
      "geometry": {
        "type": "Point",
        "coordinates": [
          93.01897,
          25.186378
        ]
      }
    },
    {
      "type": "Feature",
      "properties": {
        "event_name": "L26",
        "date": "2022-05-15",
        "time": "None",
        "state": "Assam",
        "district": "Dima Hasao",
        "source": "NESAC/NERDRR"
      },
      "geometry": {
        "type": "Point",
        "coordinates": [
          93.01888,
          25.186222
        ]
      }
    },
    {
      "type": "Feature",
      "properties": {
        "event_name": "L30",
        "date": "2022-05-15",
        "time": "None",
        "state": "Assam",
        "district": "Dima Hasao",
        "source": "NESAC/NERDRR"
      },
      "geometry": {
        "type": "Point",
        "coordinates": [
          93.02017,
          25.186321
        ]
      }
    },
    {
      "type": "Feature",
      "properties": {
        "event_name": "L29",
        "date": "2022-05-15",
        "time": "None",
        "state": "Assam",
        "district": "Dima Hasao",
        "source": "NESAC/NERDRR"
      },
      "geometry": {
        "type": "Point",
        "coordinates": [
          93.019104,
          25.186026
        ]
      }
    },
    {
      "type": "Feature",
      "properties": {
        "event_name": "devi-nala-1",
        "date": "2022-05-15",
        "time": "None",
        "state": "Assam",
        "district": "Cachar",
        "source": "NESAC/NERDRR"
      },
      "geometry": {
        "type": "Point",
        "coordinates": [
          92.779236,
          25.03473
        ]
      }
    },
    {
      "type": "Feature",
      "properties": {
        "event_name": "devi-nala-2",
        "date": "2022-05-15",
        "time": "None",
        "state": "Assam",
        "district": "Cachar",
        "source": "NESAC/NERDRR"
      },
      "geometry": {
        "type": "Point",
        "coordinates": [
          92.78028,
          25.035023
        ]
      }
    },
    {
      "type": "Feature",
      "properties": {
        "event_name": "bandarkhal_nrsc_south1",
        "date": "2022-05-15",
        "time": "None",
        "state": "Assam",
        "district": "Cachar",
        "source": "NESAC/NERDRR"
      },
      "geometry": {
        "type": "Point",
        "coordinates": [
          92.80106,
          25.049883
        ]
      }
    },
    {
      "type": "Feature",
      "properties": {
        "event_name": "bandarkhal_north_1",
        "date": "2022-05-15",
        "time": "None",
        "state": "Assam",
        "district": "Cachar",
        "source": "NESAC/NERDRR"
      },
      "geometry": {
        "type": "Point",
        "coordinates": [
          92.79994,
          25.061815
        ]
      }
    },
    {
      "type": "Feature",
      "properties": {
        "event_name": "bandarkhal_north_2",
        "date": "2022-05-15",
        "time": "None",
        "state": "Assam",
        "district": "Cachar",
        "source": "NESAC/NERDRR"
      },
      "geometry": {
        "type": "Point",
        "coordinates": [
          92.79922,
          25.062498
        ]
      }
    },
    {
      "type": "Feature",
      "properties": {
        "event_name": "bandarkhal_north_east_1",
        "date": "2022-05-15",
        "time": "None",
        "state": "Assam",
        "district": "Cachar",
        "source": "NESAC/NERDRR"
      },
      "geometry": {
        "type": "Point",
        "coordinates": [
          92.80956,
          25.066957
        ]
      }
    },
    {
      "type": "Feature",
      "properties": {
        "event_name": "doloi_chunga_s1",
        "date": "2022-05-15",
        "time": "None",
        "state": "Assam",
        "district": "Cachar",
        "source": "NESAC/NERDRR"
      },
      "geometry": {
        "type": "Point",
        "coordinates": [
          92.81372,
          25.082067
        ]
      }
    },
    {
      "type": "Feature",
      "properties": {
        "event_name": "doloi_chunga_s2",
        "date": "2022-05-15",
        "time": "None",
        "state": "Assam",
        "district": "Cachar",
        "source": "NESAC/NERDRR"
      },
      "geometry": {
        "type": "Point",
        "coordinates": [
          92.85103,
          25.065077
        ]
      }
    },
    {
      "type": "Feature",
      "properties": {
        "event_name": "lodhi_basti1",
        "date": "2022-05-15",
        "time": "None",
        "state": "Assam",
        "district": "Cachar",
        "source": "NESAC/NERDRR"
      },
      "geometry": {
        "type": "Point",
        "coordinates": [
          92.8521,
          25.064798
        ]
      }
    },
    {
      "type": "Feature",
      "properties": {
        "event_name": "lodhi_basti2",
        "date": "2022-05-15",
        "time": "None",
        "state": "Assam",
        "district": "Cachar",
        "source": "NESAC/NERDRR"
      },
      "geometry": {
        "type": "Point",
        "coordinates": [
          92.87685,
          25.064266
        ]
      }
    },
    {
      "type": "Feature",
      "properties": {
        "event_name": "saisi_w1",
        "date": "2022-05-15",
        "time": "None",
        "state": "Assam",
        "district": "Cachar",
        "source": "NESAC/NERDRR"
      },
      "geometry": {
        "type": "Point",
        "coordinates": [
          92.87666,
          25.061062
        ]
      }
    },
    {
      "type": "Feature",
      "properties": {
        "event_name": "nachangjol_1",
        "date": "2022-05-15",
        "time": "None",
        "state": "Assam",
        "district": "Cachar",
        "source": "NESAC/NERDRR"
      },
      "geometry": {
        "type": "Point",
        "coordinates": [
          92.8663,
          25.07341
        ]
      }
    },
    {
      "type": "Feature",
      "properties": {
        "event_name": "Maharajpur",
        "date": "2022-05-15",
        "time": "None",
        "state": "Assam",
        "district": "Dima Hasao",
        "source": "NESAC/NERDRR"
      },
      "geometry": {
        "type": "Point",
        "coordinates": [
          92.868065,
          25.08474
        ]
      }
    },
    {
      "type": "Feature",
      "properties": {
        "event_name": "bungkhang_sw1",
        "date": "2022-05-15",
        "time": "None",
        "state": "Assam",
        "district": "Dima Hasao",
        "source": "NESAC/NERDRR"
      },
      "geometry": {
        "type": "Point",
        "coordinates": [
          92.87005,
          25.08061
        ]
      }
    },
    {
      "type": "Feature",
      "properties": {
        "event_name": "bungkhang_sw2",
        "date": "2022-05-15",
        "time": "None",
        "state": "Assam",
        "district": "Dima Hasao",
        "source": "NESAC/NERDRR"
      },
      "geometry": {
        "type": "Point",
        "coordinates": [
          92.87329,
          25.074862
        ]
      }
    },
    {
      "type": "Feature",
      "properties": {
        "event_name": "bungkhang_3",
        "date": "2022-05-15",
        "time": "None",
        "state": "Assam",
        "district": "Dima Hasao",
        "source": "NESAC/NERDRR"
      },
      "geometry": {
        "type": "Point",
        "coordinates": [
          92.88341,
          25.078197
        ]
      }
    },
    {
      "type": "Feature",
      "properties": {
        "event_name": "bungkhang_1",
        "date": "2022-05-15",
        "time": "None",
        "state": "Assam",
        "district": "Dima Hasao",
        "source": "NESAC/NERDRR"
      },
      "geometry": {
        "type": "Point",
        "coordinates": [
          92.733284,
          25.091064
        ]
      }
    },
    {
      "type": "Feature",
      "properties": {
        "event_name": "bungkhang_2",
        "date": "2022-05-15",
        "time": "None",
        "state": "Assam",
        "district": "Dima Hasao",
        "source": "NESAC/NERDRR"
      },
      "geometry": {
        "type": "Point",
        "coordinates": [
          92.737595,
          25.095066
        ]
      }
    },
    {
      "type": "Feature",
      "properties": {
        "event_name": "doloi_chunga_s3",
        "date": "2022-05-15",
        "time": "None",
        "state": "Assam",
        "district": "Dima Hasao",
        "source": "NESAC/NERDRR"
      },
      "geometry": {
        "type": "Point",
        "coordinates": [
          92.73741,
          25.137493
        ]
      }
    },
    {
      "type": "Feature",
      "properties": {
        "event_name": "doloi_chunga_se1",
        "date": "2022-05-15",
        "time": "None",
        "state": "Assam",
        "district": "Dima Hasao",
        "source": "NESAC/NERDRR"
      },
      "geometry": {
        "type": "Point",
        "coordinates": [
          92.75996,
          25.115389
        ]
      }
    },
    {
      "type": "Feature",
      "properties": {
        "event_name": "nachangjol_2",
        "date": "2022-05-15",
        "time": "None",
        "state": "Assam",
        "district": "Dima Hasao",
        "source": "NESAC/NERDRR"
      },
      "geometry": {
        "type": "Point",
        "coordinates": [
          92.78221,
          25.128378
        ]
      }
    },
    {
      "type": "Feature",
      "properties": {
        "event_name": "nachangjol_3",
        "date": "2022-05-15",
        "time": "None",
        "state": "Assam",
        "district": "Dima Hasao",
        "source": "NESAC/NERDRR"
      },
      "geometry": {
        "type": "Point",
        "coordinates": [
          92.77173,
          25.124657
        ]
      }
    },
    {
      "type": "Feature",
      "properties": {
        "event_name": "nachangjol_4",
        "date": "2022-05-15",
        "time": "None",
        "state": "Assam",
        "district": "Dima Hasao",
        "source": "NESAC/NERDRR"
      },
      "geometry": {
        "type": "Point",
        "coordinates": [
          92.77259,
          25.106842
        ]
      }
    },
    {
      "type": "Feature",
      "properties": {
        "event_name": "new_harangjao1",
        "date": "2022-05-15",
        "time": "None",
        "state": "Assam",
        "district": "Dima Hasao",
        "source": "NESAC/NERDRR"
      },
      "geometry": {
        "type": "Point",
        "coordinates": [
          92.8712,
          25.111677
        ]
      }
    },
    {
      "type": "Feature",
      "properties": {
        "event_name": "new_harangjao2",
        "date": "2022-05-15",
        "time": "None",
        "state": "Assam",
        "district": "Dima Hasao",
        "source": "NESAC/NERDRR"
      },
      "geometry": {
        "type": "Point",
        "coordinates": [
          92.8845,
          25.110813
        ]
      }
    },
    {
      "type": "Feature",
      "properties": {
        "event_name": "new_harangjao3",
        "date": "2022-05-15",
        "time": "None",
        "state": "Assam",
        "district": "Dima Hasao",
        "source": "NESAC/NERDRR"
      },
      "geometry": {
        "type": "Point",
        "coordinates": [
          92.88966,
          25.103504
        ]
      }
    },
    {
      "type": "Feature",
      "properties": {
        "event_name": "harangajao_nw",
        "date": "2022-05-15",
        "time": "None",
        "state": "Assam",
        "district": "Dima Hasao",
        "source": "NESAC/NERDRR"
      },
      "geometry": {
        "type": "Point",
        "coordinates": [
          92.820015,
          25.147371
        ]
      }
    },
    {
      "type": "Feature",
      "properties": {
        "event_name": "khomunom",
        "date": "2022-05-15",
        "time": "None",
        "state": "Assam",
        "district": "Dima Hasao",
        "source": "NESAC/NERDRR"
      },
      "geometry": {
        "type": "Point",
        "coordinates": [
          93.1018,
          25.069427
        ]
      }
    },
    {
      "type": "Feature",
      "properties": {
        "event_name": "hill_haflong1",
        "date": "2022-05-15",
        "time": "None",
        "state": "Assam",
        "district": "Dima Hasao",
        "source": "NESAC/NERDRR"
      },
      "geometry": {
        "type": "Point",
        "coordinates": [
          93.0184,
          25.15346
        ]
      }
    },
    {
      "type": "Feature",
      "properties": {
        "event_name": "jatinga_lumpur",
        "date": "2022-05-15",
        "time": "None",
        "state": "Assam",
        "district": "Dima Hasao",
        "source": "NESAC/NERDRR"
      },
      "geometry": {
        "type": "Point",
        "coordinates": [
          92.9266,
          25.127455
        ]
      }
    },
    {
      "type": "Feature",
      "properties": {
        "event_name": "L1",
        "date": "2022-05-15",
        "time": "None",
        "state": "Assam",
        "district": "Dima Hasao",
        "source": "NESAC/NERDRR"
      },
      "geometry": {
        "type": "Point",
        "coordinates": [
          93.03285,
          25.151909
        ]
      }
    },
    {
      "type": "Feature",
      "properties": {
        "event_name": "DF1",
        "date": "2022-05-15",
        "time": "None",
        "state": "Assam",
        "district": "Dima Hasao",
        "source": "NESAC/NERDRR"
      },
      "geometry": {
        "type": "Point",
        "coordinates": [
          93.03088,
          25.149664
        ]
      }
    },
    {
      "type": "Feature",
      "properties": {
        "event_name": "DF2",
        "date": "2022-05-15",
        "time": "None",
        "state": "Assam",
        "district": "Dima Hasao",
        "source": "NESAC/NERDRR"
      },
      "geometry": {
        "type": "Point",
        "coordinates": [
          93.03178,
          25.149872
        ]
      }
    },
    {
      "type": "Feature",
      "properties": {
        "event_name": "L2",
        "date": "2022-05-15",
        "time": "None",
        "state": "Assam",
        "district": "Dima Hasao",
        "source": "NESAC/NERDRR"
      },
      "geometry": {
        "type": "Point",
        "coordinates": [
          93.031586,
          25.148912
        ]
      }
    },
    {
      "type": "Feature",
      "properties": {
        "event_name": "L3",
        "date": "2022-05-15",
        "time": "None",
        "state": "Assam",
        "district": "Dima Hasao",
        "source": "NESAC/NERDRR"
      },
      "geometry": {
        "type": "Point",
        "coordinates": [
          93.03081,
          25.14752
        ]
      }
    },
    {
      "type": "Feature",
      "properties": {
        "event_name": "L8",
        "date": "2022-05-15",
        "time": "None",
        "state": "Assam",
        "district": "Dima Hasao",
        "source": "NESAC/NERDRR"
      },
      "geometry": {
        "type": "Point",
        "coordinates": [
          93.028824,
          25.145393
        ]
      }
    },
    {
      "type": "Feature",
      "properties": {
        "event_name": "L5",
        "date": "2022-05-15",
        "time": "None",
        "state": "Assam",
        "district": "Dima Hasao",
        "source": "NESAC/NERDRR"
      },
      "geometry": {
        "type": "Point",
        "coordinates": [
          93.03013,
          25.145468
        ]
      }
    },
    {
      "type": "Feature",
      "properties": {
        "event_name": "L7",
        "date": "2022-05-15",
        "time": "None",
        "state": "Assam",
        "district": "Dima Hasao",
        "source": "NESAC/NERDRR"
      },
      "geometry": {
        "type": "Point",
        "coordinates": [
          93.02707,
          25.144587
        ]
      }
    },
    {
      "type": "Feature",
      "properties": {
        "event_name": "L6",
        "date": "2022-05-15",
        "time": "None",
        "state": "Assam",
        "district": "Dima Hasao",
        "source": "NESAC/NERDRR"
      },
      "geometry": {
        "type": "Point",
        "coordinates": [
          93.03085,
          25.141546
        ]
      }
    },
    {
      "type": "Feature",
      "properties": {
        "event_name": "DF6",
        "date": "2022-05-15",
        "time": "None",
        "state": "Assam",
        "district": "Dima Hasao",
        "source": "NESAC/NERDRR"
      },
      "geometry": {
        "type": "Point",
        "coordinates": [
          93.03172,
          25.143412
        ]
      }
    },
    {
      "type": "Feature",
      "properties": {
        "event_name": "Hokai_pungchi",
        "date": "2022-05-14",
        "time": "None",
        "state": "Assam",
        "district": "Dima Hasao",
        "source": "NESAC/NERDRR"
      },
      "geometry": {
        "type": "Point",
        "coordinates": [
          92.9836,
          25.159405
        ]
      }
    },
    {
      "type": "Feature",
      "properties": {
        "event_name": "Sulung_tapin_landslide",
        "date": "2022-04-19",
        "time": "None",
        "state": "Arunachal Pradesh",
        "district": "Papum Pare",
        "source": "NESAC/NERDRR"
      },
      "geometry": {
        "type": "Point",
        "coordinates": [
          93.27676,
          27.856197
        ]
      }
    },
    {
      "type": "Feature",
      "properties": {
        "event_name": "Byndihati-Umtyra_1",
        "date": "2022-04-13",
        "time": "None",
        "state": "Meghalaya",
        "district": "Jaintia Hills",
        "source": "NESAC/NERDRR"
      },
      "geometry": {
        "type": "Point",
        "coordinates": [
          92.386284,
          25.299032
        ]
      }
    },
    {
      "type": "Feature",
      "properties": {
        "event_name": "Nongsning_1",
        "date": "2022-04-13",
        "time": "None",
        "state": "Meghalaya",
        "district": "Jaintia Hills",
        "source": "NESAC/NERDRR"
      },
      "geometry": {
        "type": "Point",
        "coordinates": [
          92.38365,
          25.263586
        ]
      }
    },
    {
      "type": "Feature",
      "properties": {
        "event_name": "Byndihati-Umtyra_9",
        "date": "2022-04-13",
        "time": "None",
        "state": "Meghalaya",
        "district": "Jaintia Hills",
        "source": "NESAC/NERDRR"
      },
      "geometry": {
        "type": "Point",
        "coordinates": [
          92.38735,
          25.297401
        ]
      }
    },
    {
      "type": "Feature",
      "properties": {
        "event_name": "Byndihati-Umtyra_4",
        "date": "2022-04-13",
        "time": "None",
        "state": "Meghalaya",
        "district": "Jaintia Hills",
        "source": "NESAC/NERDRR"
      },
      "geometry": {
        "type": "Point",
        "coordinates": [
          92.386955,
          25.29842
        ]
      }
    },
    {
      "type": "Feature",
      "properties": {
        "event_name": "Byndihati-Umtyra_3",
        "date": "2022-04-13",
        "time": "None",
        "state": "Meghalaya",
        "district": "Jaintia Hills",
        "source": "NESAC/NERDRR"
      },
      "geometry": {
        "type": "Point",
        "coordinates": [
          92.386894,
          25.29857
        ]
      }
    },
    {
      "type": "Feature",
      "properties": {
        "event_name": "Byndihati-Umtyra_2",
        "date": "2022-04-13",
        "time": "None",
        "state": "Meghalaya",
        "district": "Jaintia Hills",
        "source": "NESAC/NERDRR"
      },
      "geometry": {
        "type": "Point",
        "coordinates": [
          92.38648,
          25.298933
        ]
      }
    },
    {
      "type": "Feature",
      "properties": {
        "event_name": "Byndihati-Umtyra_Road_Creep",
        "date": "2022-04-13",
        "time": "None",
        "state": "Meghalaya",
        "district": "Jaintia Hills",
        "source": "NESAC/NERDRR"
      },
      "geometry": {
        "type": "Point",
        "coordinates": [
          92.3835,
          25.300713
        ]
      }
    },
    {
      "type": "Feature",
      "properties": {
        "event_name": "Before_Sonapur3",
        "date": "2022-04-13",
        "time": "None",
        "state": "Meghalaya",
        "district": "Jaintia Hills",
        "source": "NESAC/NERDRR"
      },
      "geometry": {
        "type": "Point",
        "coordinates": [
          92.37368,
          25.113762
        ]
      }
    },
    {
      "type": "Feature",
      "properties": {
        "event_name": "Before_Sonapur2",
        "date": "2022-04-13",
        "time": "None",
        "state": "Meghalaya",
        "district": "Jaintia Hills",
        "source": "NESAC/NERDRR"
      },
      "geometry": {
        "type": "Point",
        "coordinates": [
          92.38578,
          25.12547
        ]
      }
    },
    {
      "type": "Feature",
      "properties": {
        "event_name": "3km_before_sonapur_1",
        "date": "2022-04-13",
        "time": "None",
        "state": "Meghalaya",
        "district": "Jaintia Hills",
        "source": "NESAC/NERDRR"
      },
      "geometry": {
        "type": "Point",
        "coordinates": [
          92.388245,
          25.129538
        ]
      }
    },
    {
      "type": "Feature",
      "properties": {
        "event_name": "HP_petrol_pump_tongseng_3",
        "date": "2022-04-13",
        "time": "None",
        "state": "Meghalaya",
        "district": "Jaintia Hills",
        "source": "NESAC/NERDRR"
      },
      "geometry": {
        "type": "Point",
        "coordinates": [
          92.37898,
          25.140808
        ]
      }
    },
    {
      "type": "Feature",
      "properties": {
        "event_name": "HP_petrol_pump_tongseng_2",
        "date": "2022-04-13",
        "time": "None",
        "state": "Meghalaya",
        "district": "Jaintia Hills",
        "source": "NESAC/NERDRR"
      },
      "geometry": {
        "type": "Point",
        "coordinates": [
          92.37903,
          25.140772
        ]
      }
    },
    {
      "type": "Feature",
      "properties": {
        "event_name": "HP_petrol_pump_tongseng_1",
        "date": "2022-04-13",
        "time": "None",
        "state": "Meghalaya",
        "district": "Jaintia Hills",
        "source": "NESAC/NERDRR"
      },
      "geometry": {
        "type": "Point",
        "coordinates": [
          92.379005,
          25.14076
        ]
      }
    },
    {
      "type": "Feature",
      "properties": {
        "event_name": "Tongseng4",
        "date": "2022-04-13",
        "time": "None",
        "state": "Meghalaya",
        "district": "Jaintia Hills",
        "source": "NESAC/NERDRR"
      },
      "geometry": {
        "type": "Point",
        "coordinates": [
          92.37443,
          25.144033
        ]
      }
    },
    {
      "type": "Feature",
      "properties": {
        "event_name": "Tongseng3",
        "date": "2022-04-13",
        "time": "None",
        "state": "Meghalaya",
        "district": "Jaintia Hills",
        "source": "NESAC/NERDRR"
      },
      "geometry": {
        "type": "Point",
        "coordinates": [
          92.37366,
          25.1438
        ]
      }
    },
    {
      "type": "Feature",
      "properties": {
        "event_name": "Tongseng2",
        "date": "2022-04-13",
        "time": "None",
        "state": "Meghalaya",
        "district": "Jaintia Hills",
        "source": "NESAC/NERDRR"
      },
      "geometry": {
        "type": "Point",
        "coordinates": [
          92.373055,
          25.143984
        ]
      }
    },
    {
      "type": "Feature",
      "properties": {
        "event_name": "Tongseng1",
        "date": "2022-04-13",
        "time": "None",
        "state": "Meghalaya",
        "district": "Jaintia Hills",
        "source": "NESAC/NERDRR"
      },
      "geometry": {
        "type": "Point",
        "coordinates": [
          92.37676,
          25.147703
        ]
      }
    },
    {
      "type": "Feature",
      "properties": {
        "event_name": "Umlaper_tea_stall_1",
        "date": "2022-04-13",
        "time": "None",
        "state": "Meghalaya",
        "district": "Jaintia Hills",
        "source": "NESAC/NERDRR"
      },
      "geometry": {
        "type": "Point",
        "coordinates": [
          92.36781,
          25.150444
        ]
      }
    },
    {
      "type": "Feature",
      "properties": {
        "event_name": "Lumshnong_1",
        "date": "2022-04-13",
        "time": "None",
        "state": "Meghalaya",
        "district": "Jaintia Hills",
        "source": "NESAC/NERDRR"
      },
      "geometry": {
        "type": "Point",
        "coordinates": [
          92.37552,
          25.190948
        ]
      }
    },
    {
      "type": "Feature",
      "properties": {
        "event_name": "Thangskai_1",
        "date": "2022-04-13",
        "time": "None",
        "state": "Meghalaya",
        "district": "Jaintia Hills",
        "source": "NESAC/NERDRR"
      },
      "geometry": {
        "type": "Point",
        "coordinates": [
          92.37896,
          25.220339
        ]
      }
    },
    {
      "type": "Feature",
      "properties": {
        "event_name": "Shiehruphi_1",
        "date": "2022-04-13",
        "time": "None",
        "state": "Meghalaya",
        "district": "Jaintia Hills",
        "source": "NESAC/NERDRR"
      },
      "geometry": {
        "type": "Point",
        "coordinates": [
          92.3757,
          25.242348
        ]
      }
    },
    {
      "type": "Feature",
      "properties": {
        "event_name": "Nongsning_12",
        "date": "2022-04-13",
        "time": "None",
        "state": "Meghalaya",
        "district": "Jaintia Hills",
        "source": "NESAC/NERDRR"
      },
      "geometry": {
        "type": "Point",
        "coordinates": [
          92.38551,
          25.259485
        ]
      }
    },
    {
      "type": "Feature",
      "properties": {
        "event_name": "Malidor_Indian_oil_pp1",
        "date": "2022-04-10",
        "time": "None",
        "state": "Assam",
        "district": "Cachar",
        "source": "NESAC/NERDRR"
      },
      "geometry": {
        "type": "Point",
        "coordinates": [
          92.45863,
          25.031443
        ]
      }
    },
    {
      "type": "Feature",
      "properties": {
        "event_name": "Malidor_after_bridge_2",
        "date": "2022-04-10",
        "time": "None",
        "state": "Assam",
        "district": "Cachar",
        "source": "NESAC/NERDRR"
      },
      "geometry": {
        "type": "Point",
        "coordinates": [
          92.464066,
          25.029991
        ]
      }
    },
    {
      "type": "Feature",
      "properties": {
        "event_name": "Malidor_after_bridge_1",
        "date": "2022-04-10",
        "time": "None",
        "state": "Assam",
        "district": "Cachar",
        "source": "NESAC/NERDRR"
      },
      "geometry": {
        "type": "Point",
        "coordinates": [
          92.463036,
          25.031351
        ]
      }
    },
    {
      "type": "Feature",
      "properties": {
        "event_name": "Malidor_meghalaya_1",
        "date": "2022-04-10",
        "time": "Midnight",
        "state": "Assam",
        "district": "Cachar",
        "source": "NESAC/NERDRR"
      },
      "geometry": {
        "type": "Point",
        "coordinates": [
          92.45981,
          25.033175
        ]
      }
    },
    {
      "type": "Feature",
      "properties": {
        "event_name": "Malidor_meghalaya_4",
        "date": "2022-04-10",
        "time": "None",
        "state": "Assam",
        "district": "Cachar",
        "source": "NESAC/NERDRR"
      },
      "geometry": {
        "type": "Point",
        "coordinates": [
          92.455505,
          25.031765
        ]
      }
    },
    {
      "type": "Feature",
      "properties": {
        "event_name": "Malidor_Indian_oil_pp2",
        "date": "2022-04-10",
        "time": "None",
        "state": "Assam",
        "district": "Cachar",
        "source": "NESAC/NERDRR"
      },
      "geometry": {
        "type": "Point",
        "coordinates": [
          92.458496,
          25.03144
        ]
      }
    },
    {
      "type": "Feature",
      "properties": {
        "event_name": "Wensoi Landslide",
        "date": "2021-11-08",
        "time": "-",
        "state": "Nagaland",
        "district": "Tuensang",
        "source": "NESAC/NERDRR"
      },
      "geometry": {
        "type": "Point",
        "coordinates": [
          95.0615,
          26.25008
        ]
      }
    },
    {
      "type": "Feature",
      "properties": {
        "event_name": "Pani House Landslide",
        "date": "2021-10-20",
        "time": "-",
        "state": "Sikkim",
        "district": "East Sikkim",
        "source": "NESAC/NERDRR"
      },
      "geometry": {
        "type": "Point",
        "coordinates": [
          88.609436,
          27.32459
        ]
      }
    },
    {
      "type": "Feature",
      "properties": {
        "event_name": "Pandu_landslide",
        "date": "2021-10-20",
        "time": "-",
        "state": "Assam",
        "district": "Kamrup metro",
        "source": "NESAC/NERDRR"
      },
      "geometry": {
        "type": "Point",
        "coordinates": [
          91.69016,
          26.170252
        ]
      }
    },
    {
      "type": "Feature",
      "properties": {
        "event_name": "Khulmulen-Sajik landslide",
        "date": "2021-10-09",
        "time": "-",
        "state": "Manipur",
        "district": "Chandel",
        "source": "NESAC/NERDRR"
      },
      "geometry": {
        "type": "Point",
        "coordinates": [
          93.91583,
          24.005219
        ]
      }
    },
    {
      "type": "Feature",
      "properties": {
        "event_name": "Thingsulthliah landslide",
        "date": "2021-10-09",
        "time": "-",
        "state": "Mizoram",
        "district": "Aizawl",
        "source": "NESAC/NERDRR"
      },
      "geometry": {
        "type": "Point",
        "coordinates": [
          92.85943,
          23.689863
        ]
      }
    },
    {
      "type": "Feature",
      "properties": {
        "event_name": "20_landslides_BCT_road",
        "date": "2021-09-20",
        "time": "-",
        "state": "Arunachal Pradesh",
        "district": "West Kameng",
        "source": "NESAC/NERDRR"
      },
      "geometry": {
        "type": "Point",
        "coordinates": [
          92.56607,
          27.104443
        ]
      }
    },
    {
      "type": "Feature",
      "properties": {
        "event_name": "Raga landslide",
        "date": "2021-09-09",
        "time": "-",
        "state": "Arunachal Pradesh",
        "district": "Lower Subansiri",
        "source": "NESAC/NERDRR"
      },
      "geometry": {
        "type": "Point",
        "coordinates": [
          94.07395,
          27.794025
        ]
      }
    },
    {
      "type": "Feature",
      "properties": {
        "event_name": "Chedang Saddle Landslide",
        "date": "2021-09-09",
        "time": "-",
        "state": "Nagaland",
        "district": "Tuensang",
        "source": "NESAC/NERDRR"
      },
      "geometry": {
        "type": "Point",
        "coordinates": [
          94.93942,
          26.23259
        ]
      }
    },
    {
      "type": "Feature",
      "properties": {
        "event_name": "Bongten-Changay Landslide",
        "date": "2021-08-29",
        "time": "-",
        "state": "Sikkim",
        "district": "West Sikkim",
        "source": "NESAC/NERDRR"
      },
      "geometry": {
        "type": "Point",
        "coordinates": [
          88.15823,
          27.276428
        ]
      }
    },
    {
      "type": "Feature",
      "properties": {
        "event_name": "Jorethang-Legship Landslide",
        "date": "2021-08-27",
        "time": "-",
        "state": "Sikkim",
        "district": "West Sikkim",
        "source": "NESAC/NERDRR"
      },
      "geometry": {
        "type": "Point",
        "coordinates": [
          88.30746,
          27.221268
        ]
      }
    },
    {
      "type": "Feature",
      "properties": {
        "event_name": "Sarsima Landlside",
        "date": "2021-08-26",
        "time": "-",
        "state": "Tripura",
        "district": "South",
        "source": "NESAC/NERDRR"
      },
      "geometry": {
        "type": "Point",
        "coordinates": [
          91.48073,
          23.2463
        ]
      }
    },
    {
      "type": "Feature",
      "properties": {
        "event_name": "Zochachhuah landslide",
        "date": "2021-08-26",
        "time": "-",
        "state": "Mizoram",
        "district": "Lawngtlai",
        "source": "NESAC/NERDRR"
      },
      "geometry": {
        "type": "Point",
        "coordinates": [
          92.761696,
          22.130154
        ]
      }
    },
    {
      "type": "Feature",
      "properties": {
        "event_name": "Jharjhari landslide",
        "date": "2021-08-26",
        "time": "-",
        "state": "Tripura",
        "district": "South",
        "source": "NESAC/NERDRR"
      },
      "geometry": {
        "type": "Point",
        "coordinates": [
          91.494286,
          23.228159
        ]
      }
    },
    {
      "type": "Feature",
      "properties": {
        "event_name": "Burapahar Landslide",
        "date": "2021-08-25",
        "time": "-",
        "state": "Assam",
        "district": "Nagaon",
        "source": "NESAC/NERDRR"
      },
      "geometry": {
        "type": "Point",
        "coordinates": [
          93.11099,
          26.57476
        ]
      }
    },
    {
      "type": "Feature",
      "properties": {
        "event_name": "Muneew Tareybhir Landslide",
        "date": "2021-08-24",
        "time": "-",
        "state": "Sikkim",
        "district": "West Sikkim",
        "source": "NESAC/NERDRR"
      },
      "geometry": {
        "type": "Point",
        "coordinates": [
          88.152084,
          27.1624
        ]
      }
    },
    {
      "type": "Feature",
      "properties": {
        "event_name": "Samsing Shanti Turn Landslide",
        "date": "2021-08-24",
        "time": "-",
        "state": "Sikkim",
        "district": "East Sikkim",
        "source": "NESAC/NERDRR"
      },
      "geometry": {
        "type": "Point",
        "coordinates": [
          88.61499,
          27.250223
        ]
      }
    },
    {
      "type": "Feature",
      "properties": {
        "event_name": "S_kholep_landslide",
        "date": "2021-08-20",
        "time": "-",
        "state": "Manipur",
        "district": "Churachandpur",
        "source": "NESAC/NERDRR"
      },
      "geometry": {
        "type": "Point",
        "coordinates": [
          93.50938,
          24.503658
        ]
      }
    },
    {
      "type": "Feature",
      "properties": {
        "event_name": "Pungro-Mimi landslide",
        "date": "2021-08-17",
        "time": "-",
        "state": "Nagaland",
        "district": "Kiphire",
        "source": "NESAC/NERDRR"
      },
      "geometry": {
        "type": "Point",
        "coordinates": [
          94.863045,
          25.7623
        ]
      }
    },
    {
      "type": "Feature",
      "properties": {
        "event_name": "Awang_khul_landslide",
        "date": "2021-08-16",
        "time": "-",
        "state": "Manipur",
        "district": "Tamenglong",
        "source": "NESAC/NERDRR"
      },
      "geometry": {
        "type": "Point",
        "coordinates": [
          93.56119,
          24.82604
        ]
      }
    },
    {
      "type": "Feature",
      "properties": {
        "event_name": "Tuting_Yingkiong_landslide",
        "date": "2021-08-13",
        "time": "-",
        "state": "Arunachal Pradesh",
        "district": "Upper Siang",
        "source": "NESAC/NERDRR"
      },
      "geometry": {
        "type": "Point",
        "coordinates": [
          94.74865,
          28.84961
        ]
      }
    },
    {
      "type": "Feature",
      "properties": {
        "event_name": "Sirki Waterfall Landslide",
        "date": "2021-08-13",
        "time": "14:48",
        "state": "Arunachal Pradesh",
        "district": "East Siang",
        "source": "NESAC/NERDRR"
      },
      "geometry": {
        "type": "Point",
        "coordinates": [
          95.27484,
          28.122053
        ]
      }
    },
    {
      "type": "Feature",
      "properties": {
        "event_name": "Likabali_Basar_landslide",
        "date": "2021-08-13",
        "time": "-",
        "state": "Arunachal Pradesh",
        "district": "West Siang",
        "source": "NESAC/NERDRR"
      },
      "geometry": {
        "type": "Point",
        "coordinates": [
          94.72132,
          27.784222
        ]
      }
    },
    {
      "type": "Feature",
      "properties": {
        "event_name": "Basilakha_landslide",
        "date": "2021-08-08",
        "time": "-",
        "state": "Sikkim",
        "district": "East Sikkim",
        "source": "NESAC/NERDRR"
      },
      "geometry": {
        "type": "Point",
        "coordinates": [
          88.59728,
          27.255463
        ]
      }
    },
    {
      "type": "Feature",
      "properties": {
        "event_name": "Borabari_landslide",
        "date": "2021-08-06",
        "time": "14:30",
        "state": "Assam",
        "district": "Kamrup metro",
        "source": "NESAC/NERDRR"
      },
      "geometry": {
        "type": "Point",
        "coordinates": [
          91.810524,
          26.154238
        ]
      }
    },
    {
      "type": "Feature",
      "properties": {
        "event_name": "Lower Etsuchuka Colony landslide",
        "date": "2021-08-06",
        "time": "-",
        "state": "Nagaland",
        "district": "Wokha",
        "source": "NESAC/NERDRR"
      },
      "geometry": {
        "type": "Point",
        "coordinates": [
          94.25462,
          26.0929
        ]
      }
    },
    {
      "type": "Feature",
      "properties": {
        "event_name": "Police_Point_landslide",
        "date": "2021-08-06",
        "time": "-",
        "state": "Nagaland",
        "district": "Wokha",
        "source": "NESAC/NERDRR"
      },
      "geometry": {
        "type": "Point",
        "coordinates": [
          94.25429,
          26.096249
        ]
      }
    },
    {
      "type": "Feature",
      "properties": {
        "event_name": "Airfield_colony_landslide",
        "date": "2021-08-06",
        "time": "-",
        "state": "Nagaland",
        "district": "Wokha",
        "source": "NESAC/NERDRR"
      },
      "geometry": {
        "type": "Point",
        "coordinates": [
          94.246956,
          26.091211
        ]
      }
    },
    {
      "type": "Feature",
      "properties": {
        "event_name": "Sanis_Doyang_landslide",
        "date": "2021-08-05",
        "time": "-",
        "state": "Nagaland",
        "district": "Wokha",
        "source": "NESAC/NERDRR"
      },
      "geometry": {
        "type": "Point",
        "coordinates": [
          94.22194,
          26.208542
        ]
      }
    },
    {
      "type": "Feature",
      "properties": {
        "event_name": "Lamlenkon_landslide",
        "date": "2021-08-02",
        "time": "3:30",
        "state": "Manipur",
        "district": "Tamenglong",
        "source": "NESAC/NERDRR"
      },
      "geometry": {
        "type": "Point",
        "coordinates": [
          93.857704,
          25.24112
        ]
      }
    },
    {
      "type": "Feature",
      "properties": {
        "event_name": "Kuliang_landslide",
        "date": "2021-08-02",
        "time": "7:00",
        "state": "Meghalaya",
        "district": "Jaintia Hills",
        "source": "NESAC/NERDRR"
      },
      "geometry": {
        "type": "Point",
        "coordinates": [
          92.36206,
          25.081741
        ]
      }
    },
    {
      "type": "Feature",
      "properties": {
        "event_name": "Pfutsero-Lanye Landslide",
        "date": "2021-07-31",
        "time": "-",
        "state": "Nagaland",
        "district": "Phek",
        "source": "NESAC/NERDRR"
      },
      "geometry": {
        "type": "Point",
        "coordinates": [
          94.40295,
          25.723469
        ]
      }
    },
    {
      "type": "Feature",
      "properties": {
        "event_name": "Seley_Ward_landslide",
        "date": "2021-07-31",
        "time": "-",
        "state": "Sikkim",
        "district": "East Sikkim",
        "source": "NESAC/NERDRR"
      },
      "geometry": {
        "type": "Point",
        "coordinates": [
          88.48781,
          27.36654
        ]
      }
    },
    {
      "type": "Feature",
      "properties": {
        "event_name": "Seti Jhora Landslide",
        "date": "2021-07-31",
        "time": "-",
        "state": "Sikkim",
        "district": "Kalimpong",
        "source": "NESAC/NERDRR"
      },
      "geometry": {
        "type": "Point",
        "coordinates": [
          88.441414,
          26.939386
        ]
      }
    },
    {
      "type": "Feature",
      "properties": {
        "event_name": "Pfutsero-Khomi-Phek landslide",
        "date": "2021-07-31",
        "time": "-",
        "state": "Nagaland",
        "district": "Phek",
        "source": "NESAC/NERDRR"
      },
      "geometry": {
        "type": "Point",
        "coordinates": [
          94.409424,
          25.659725
        ]
      }
    },
    {
      "type": "Feature",
      "properties": {
        "event_name": "Sisney Landslide",
        "date": "2021-07-30",
        "time": "-",
        "state": "Sikkim",
        "district": "West Sikkim",
        "source": "NESAC/NERDRR"
      },
      "geometry": {
        "type": "Point",
        "coordinates": [
          88.28041,
          27.146368
        ]
      }
    },
    {
      "type": "Feature",
      "properties": {
        "event_name": "Mamkhola Landslide",
        "date": "2021-07-30",
        "time": "-",
        "state": "Sikkim",
        "district": "Kalimpong",
        "source": "NESAC/NERDRR"
      },
      "geometry": {
        "type": "Point",
        "coordinates": [
          88.53194,
          27.142902
        ]
      }
    },
    {
      "type": "Feature",
      "properties": {
        "event_name": "Melli 2 Landslide",
        "date": "2021-07-30",
        "time": "-",
        "state": "Sikkim",
        "district": "Kalimpong",
        "source": "NESAC/NERDRR"
      },
      "geometry": {
        "type": "Point",
        "coordinates": [
          88.46675,
          27.10871
        ]
      }
    },
    {
      "type": "Feature",
      "properties": {
        "event_name": "Melli_Jorethang_landslide",
        "date": "2021-07-30",
        "time": "-",
        "state": "Sikkim",
        "district": "South Sikkim",
        "source": "NESAC/NERDRR"
      },
      "geometry": {
        "type": "Point",
        "coordinates": [
          88.32593,
          27.111336
        ]
      }
    },
    {
      "type": "Feature",
      "properties": {
        "event_name": "Melli Bazaar Landslide",
        "date": "2021-07-30",
        "time": "-",
        "state": "Sikkim",
        "district": "South Sikkim",
        "source": "NESAC/NERDRR"
      },
      "geometry": {
        "type": "Point",
        "coordinates": [
          88.45682,
          27.090725
        ]
      }
    },
    {
      "type": "Feature",
      "properties": {
        "event_name": "Melli Secondary School Landslide",
        "date": "2021-07-29",
        "time": "-",
        "state": "Sikkim",
        "district": "South Sikkim",
        "source": "NESAC/NERDRR"
      },
      "geometry": {
        "type": "Point",
        "coordinates": [
          88.45744,
          27.090965
        ]
      }
    },
    {
      "type": "Feature",
      "properties": {
        "event_name": "Chahmol_landslide",
        "date": "2021-07-26",
        "time": "-",
        "state": "Manipur",
        "district": "Chandel",
        "source": "NESAC/NERDRR"
      },
      "geometry": {
        "type": "Point",
        "coordinates": [
          94.16025,
          24.319567
        ]
      }
    },
    {
      "type": "Feature",
      "properties": {
        "event_name": "Wangshu_PwD_Road_landslide",
        "date": "2021-07-20",
        "time": "-",
        "state": "Nagaland",
        "district": "Tuensang",
        "source": "NESAC/NERDRR"
      },
      "geometry": {
        "type": "Point",
        "coordinates": [
          94.76711,
          26.046658
        ]
      }
    },
    {
      "type": "Feature",
      "properties": {
        "event_name": "Bualtei landslide",
        "date": "2021-07-19",
        "time": "-",
        "state": "Mizoram",
        "district": "Lunglei",
        "source": "NESAC/NERDRR"
      },
      "geometry": {
        "type": "Point",
        "coordinates": [
          92.81657,
          22.805046
        ]
      }
    },
    {
      "type": "Feature",
      "properties": {
        "event_name": "Sibilong_temple_landslide",
        "date": "2021-07-19",
        "time": "-",
        "state": "Manipur",
        "district": "Tamenglong",
        "source": "NESAC/NERDRR"
      },
      "geometry": {
        "type": "Point",
        "coordinates": [
          93.332535,
          24.767366
        ]
      }
    },
    {
      "type": "Feature",
      "properties": {
        "event_name": "Thingou_landslide",
        "date": "2021-07-19",
        "time": "14:50",
        "state": "Manipur",
        "district": "Tamenglong",
        "source": "NESAC/NERDRR"
      },
      "geometry": {
        "type": "Point",
        "coordinates": [
          93.44025,
          24.818354
        ]
      }
    },
    {
      "type": "Feature",
      "properties": {
        "event_name": "Phek_landslide",
        "date": "2021-07-14",
        "time": "-",
        "state": "Nagaland",
        "district": "Phek",
        "source": "NESAC/NERDRR"
      },
      "geometry": {
        "type": "Point",
        "coordinates": [
          94.68675,
          25.603106
        ]
      }
    },
    {
      "type": "Feature",
      "properties": {
        "event_name": "Losami_Phek_landslide",
        "date": "2021-07-12",
        "time": "-",
        "state": "Nagaland",
        "district": "Phek",
        "source": "NESAC/NERDRR"
      },
      "geometry": {
        "type": "Point",
        "coordinates": [
          94.43881,
          25.657787
        ]
      }
    },
    {
      "type": "Feature",
      "properties": {
        "event_name": "Tode landslide",
        "date": "2021-07-08",
        "time": "-",
        "state": "Arunachal Pradesh",
        "district": "Upper Subansiri",
        "source": "NESAC/NERDRR"
      },
      "geometry": {
        "type": "Point",
        "coordinates": [
          94.46781,
          27.965813
        ]
      }
    },
    {
      "type": "Feature",
      "properties": {
        "event_name": "Garu Landslide",
        "date": "2021-06-30",
        "time": "-",
        "state": "Arunachal Pradesh",
        "district": "West Siang",
        "source": "NESAC/NERDRR"
      },
      "geometry": {
        "type": "Point",
        "coordinates": [
          94.71335,
          27.796144
        ]
      }
    },
    {
      "type": "Feature",
      "properties": {
        "event_name": "Tura_dalu_stretch",
        "date": "2021-06-30",
        "time": "-",
        "state": "Meghalaya",
        "district": "West Garo Hills",
        "source": "NESAC/NERDRR"
      },
      "geometry": {
        "type": "Point",
        "coordinates": [
          90.21467,
          25.499357
        ]
      }
    },
    {
      "type": "Feature",
      "properties": {
        "event_name": "Pasighat_Yingkiong_Landslide",
        "date": "2021-06-30",
        "time": "-",
        "state": "Arunachal Pradesh",
        "district": "Upper Siang",
        "source": "NESAC/NERDRR"
      },
      "geometry": {
        "type": "Point",
        "coordinates": [
          95.2351,
          28.214773
        ]
      }
    },
    {
      "type": "Feature",
      "properties": {
        "event_name": "Malikona_Village_landslide",
        "date": "2021-06-30",
        "time": "-",
        "state": "Meghalaya",
        "district": "South Garo Hills",
        "source": "NESAC/NERDRR"
      },
      "geometry": {
        "type": "Point",
        "coordinates": [
          90.83192,
          25.202694
        ]
      }
    },
    {
      "type": "Feature",
      "properties": {
        "event_name": "Rotlung Landslide",
        "date": "2021-06-27",
        "time": "-",
        "state": "Arunachal Pradesh",
        "district": "East Siang",
        "source": "NESAC/NERDRR"
      },
      "geometry": {
        "type": "Point",
        "coordinates": [
          95.18139,
          28.15361
        ]
      }
    },
    {
      "type": "Feature",
      "properties": {
        "event_name": "Sangam_bridge_collapse",
        "date": "2021-06-27",
        "time": "-",
        "state": "Arunachal Pradesh",
        "district": "East Siang",
        "source": "NESAC/NERDRR"
      },
      "geometry": {
        "type": "Point",
        "coordinates": [
          94.9963,
          28.233723
        ]
      }
    },
    {
      "type": "Feature",
      "properties": {
        "event_name": "Tamei_landslide",
        "date": "2021-06-24",
        "time": "-",
        "state": "Manipur",
        "district": "Tamenglong",
        "source": "NESAC/NERDRR"
      },
      "geometry": {
        "type": "Point",
        "coordinates": [
          93.67799,
          25.158297
        ]
      }
    },
    {
      "type": "Feature",
      "properties": {
        "event_name": "Kuthong Landslide",
        "date": "2021-06-22",
        "time": "1:30",
        "state": "Arunachal Pradesh",
        "district": "Tirap",
        "source": "NESAC/NERDRR"
      },
      "geometry": {
        "type": "Point",
        "coordinates": [
          95.603615,
          26.911945
        ]
      }
    },
    {
      "type": "Feature",
      "properties": {
        "event_name": "Water_works_colony_landslide",
        "date": "2021-06-18",
        "time": "4:30",
        "state": "Assam",
        "district": "Kamrup metro",
        "source": "NESAC/NERDRR"
      },
      "geometry": {
        "type": "Point",
        "coordinates": [
          91.69463,
          26.162785
        ]
      }
    },
    {
      "type": "Feature",
      "properties": {
        "event_name": "Bhalukhola_landslide",
        "date": "2021-06-18",
        "time": "-",
        "state": "Sikkim",
        "district": "Kalimpong",
        "source": "NESAC/NERDRR"
      },
      "geometry": {
        "type": "Point",
        "coordinates": [
          88.46469,
          27.09117
        ]
      }
    },
    {
      "type": "Feature",
      "properties": {
        "event_name": "Pekong Landslide",
        "date": "2021-06-17",
        "time": "-",
        "state": "Arunachal Pradesh",
        "district": "Upper Siang",
        "source": "NESAC/NERDRR"
      },
      "geometry": {
        "type": "Point",
        "coordinates": [
          94.84254,
          28.936253
        ]
      }
    },
    {
      "type": "Feature",
      "properties": {
        "event_name": "Mini_Secretariat_landlside",
        "date": "2021-06-16",
        "time": "-",
        "state": "Manipur",
        "district": "Ukhrul",
        "source": "NESAC/NERDRR"
      },
      "geometry": {
        "type": "Point",
        "coordinates": [
          94.35842,
          25.091768
        ]
      }
    },
    {
      "type": "Feature",
      "properties": {
        "event_name": "Thuampui landslide",
        "date": "2021-06-11",
        "time": "21:30:00",
        "state": "Mizoram",
        "district": "Aizawl",
        "source": "NESAC/NERDRR"
      },
      "geometry": {
        "type": "Point",
        "coordinates": [
          92.74174,
          23.74192
        ]
      }
    },
    {
      "type": "Feature",
      "properties": {
        "event_name": "Tashi Namgyal Secondary School Landslide",
        "date": "2021-06-09",
        "time": "-",
        "state": "Sikkim",
        "district": "East Sikkim",
        "source": "NESAC/NERDRR"
      },
      "geometry": {
        "type": "Point",
        "coordinates": [
          88.60828,
          27.343271
        ]
      }
    },
    {
      "type": "Feature",
      "properties": {
        "event_name": "Leporiang Landslide",
        "date": "2021-06-08",
        "time": "morning",
        "state": "Arunachal Pradesh",
        "district": "Papum Pare",
        "source": "NESAC/NERDRR"
      },
      "geometry": {
        "type": "Point",
        "coordinates": [
          93.335976,
          27.241524
        ]
      }
    },
    {
      "type": "Feature",
      "properties": {
        "event_name": "Tamei2_landslide",
        "date": "2021-06-07",
        "time": "-",
        "state": "Manipur",
        "district": "Tamenglong",
        "source": "NESAC/NERDRR"
      },
      "geometry": {
        "type": "Point",
        "coordinates": [
          93.67799,
          25.158297
        ]
      }
    },
    {
      "type": "Feature",
      "properties": {
        "event_name": "Tujang_Waichong_landslide",
        "date": "2021-06-06",
        "time": "-",
        "state": "Manipur",
        "district": "Senapati",
        "source": "NESAC/NERDRR"
      },
      "geometry": {
        "type": "Point",
        "coordinates": [
          93.82014,
          25.217562
        ]
      }
    },
    {
      "type": "Feature",
      "properties": {
        "event_name": "BCT Road Landslide",
        "date": "2021-06-05",
        "time": "9:30",
        "state": "Arunachal Pradesh",
        "district": "West Kameng",
        "source": "NESAC/NERDRR"
      },
      "geometry": {
        "type": "Point",
        "coordinates": [
          92.43801,
          27.326763
        ]
      }
    },
    {
      "type": "Feature",
      "properties": {
        "event_name": "Seesa Golai Landslide",
        "date": "2021-06-01",
        "time": "-",
        "state": "Sikkim",
        "district": "East Sikkim",
        "source": "NESAC/NERDRR"
      },
      "geometry": {
        "type": "Point",
        "coordinates": [
          88.61023,
          27.326815
        ]
      }
    },
    {
      "type": "Feature",
      "properties": {
        "event_name": "IG Park Landslide",
        "date": "2021-05-31",
        "time": "-",
        "state": "Arunachal Pradesh",
        "district": "Papum Pare",
        "source": "NESAC/NERDRR"
      },
      "geometry": {
        "type": "Point",
        "coordinates": [
          93.62232,
          27.095984
        ]
      }
    },
    {
      "type": "Feature",
      "properties": {
        "event_name": "Nechipu_Saddle_landslide",
        "date": "2021-05-25",
        "time": "-",
        "state": "Arunachal Pradesh",
        "district": "West Kameng",
        "source": "NESAC/NERDRR"
      },
      "geometry": {
        "type": "Point",
        "coordinates": [
          92.47977,
          27.208118
        ]
      }
    },
    {
      "type": "Feature",
      "properties": {
        "event_name": "Piphema_landslide",
        "date": "2021-05-10",
        "time": "7:00",
        "state": "Nagaland",
        "district": "Dimapur",
        "source": "NESAC/NERDRR"
      },
      "geometry": {
        "type": "Point",
        "coordinates": [
          93.94068,
          25.766188
        ]
      }
    },
    {
      "type": "Feature",
      "properties": {
        "event_name": "Membachur_Garbow_landslide",
        "date": "2021-04-28",
        "time": "-",
        "state": "Arunachal Pradesh",
        "district": "West Kameng",
        "source": "NESAC/NERDRR"
      },
      "geometry": {
        "type": "Point",
        "coordinates": [
          92.303986,
          27.186598
        ]
      }
    },
    {
      "type": "Feature",
      "properties": {
        "event_name": "Kyonsola_waterfall_landslide",
        "date": "2021-03-25",
        "time": "-",
        "state": "Sikkim",
        "district": "East Sikkim",
        "source": "NESAC/NERDRR"
      },
      "geometry": {
        "type": "Point",
        "coordinates": [
          88.72834,
          27.376583
        ]
      }
    },
    {
      "type": "Feature",
      "properties": {
        "event_name": "Sonapani_landslide",
        "date": "2021-02-24",
        "time": "-",
        "state": "Meghalaya",
        "district": "East Khasi Hills",
        "source": "NESAC/NERDRR"
      },
      "geometry": {
        "type": "Point",
        "coordinates": [
          91.86466,
          25.585545
        ]
      }
    },
    {
      "type": "Feature",
      "properties": {
        "event_name": "TL Park 2 landslide",
        "date": "2021-02-17",
        "time": "-",
        "state": "Nagaland",
        "district": "Dimapur",
        "source": "NESAC/NERDRR"
      },
      "geometry": {
        "type": "Point",
        "coordinates": [
          93.806,
          25.772598
        ]
      }
    },
    {
      "type": "Feature",
      "properties": {
        "event_name": "TL Park landslide",
        "date": "2021-02-02",
        "time": "-",
        "state": "Nagaland",
        "district": "Dimapur",
        "source": "NESAC/NERDRR"
      },
      "geometry": {
        "type": "Point",
        "coordinates": [
          93.80566,
          25.793499
        ]
      }
    },
    {
      "type": "Feature",
      "properties": {
        "event_name": "Shobhala",
        "date": "2020-10-24",
        "time": "None",
        "state": "Meghalaya",
        "district": "Ri-bhoi",
        "source": "NESAC/NERDRR"
      },
      "geometry": {
        "type": "Point",
        "coordinates": [
          91.889,
          25.746
        ]
      }
    },
    {
      "type": "Feature",
      "properties": {
        "event_name": "Khongnem-Thana",
        "date": "2020-10-23",
        "time": "None",
        "state": "Manipur",
        "district": "Senapati",
        "source": "NESAC/NERDRR"
      },
      "geometry": {
        "type": "Point",
        "coordinates": [
          94.06528,
          25.355955
        ]
      }
    },
    {
      "type": "Feature",
      "properties": {
        "event_name": "Tumpui_veng1",
        "date": "2020-10-21",
        "time": "Night",
        "state": "Mizoram",
        "district": "Kolasib",
        "source": "NESAC/NERDRR"
      },
      "geometry": {
        "type": "Point",
        "coordinates": [
          92.67528,
          24.231943
        ]
      }
    },
    {
      "type": "Feature",
      "properties": {
        "event_name": "Phullen3",
        "date": "2020-10-13",
        "time": "4:30 P.M",
        "state": "Mizoram",
        "district": "Aizawl",
        "source": "NESAC/NERDRR"
      },
      "geometry": {
        "type": "Point",
        "coordinates": [
          93.05194,
          23.84111
        ]
      }
    },
    {
      "type": "Feature",
      "properties": {
        "event_name": "Zembawk_1",
        "date": "2020-10-06",
        "time": "3:05 P.M",
        "state": "Mizoram",
        "district": "Aizawl",
        "source": "NESAC/NERDRR"
      },
      "geometry": {
        "type": "Point",
        "coordinates": [
          92.760025,
          23.731928
        ]
      }
    },
    {
      "type": "Feature",
      "properties": {
        "event_name": "Lower PWD",
        "date": "2020-10-04",
        "time": "None",
        "state": "Nagaland",
        "district": "Kohima",
        "source": "NESAC/NERDRR"
      },
      "geometry": {
        "type": "Point",
        "coordinates": [
          94.106,
          25.662
        ]
      }
    },
    {
      "type": "Feature",
      "properties": {
        "event_name": "Khazawl1",
        "date": "2020-10-03",
        "time": "Night",
        "state": "Mizoram",
        "district": "Champhai",
        "source": "NESAC/NERDRR"
      },
      "geometry": {
        "type": "Point",
        "coordinates": [
          93.19319,
          23.523083
        ]
      }
    },
    {
      "type": "Feature",
      "properties": {
        "event_name": "Rulchawm1",
        "date": "2020-10-02",
        "time": "7:45 P.M",
        "state": "Mizoram",
        "district": "Aizawl",
        "source": "NESAC/NERDRR"
      },
      "geometry": {
        "type": "Point",
        "coordinates": [
          92.9675,
          23.6625
        ]
      }
    },
    {
      "type": "Feature",
      "properties": {
        "event_name": "Boom Tafel",
        "date": "2020-10-02",
        "time": "8:30 P.M.",
        "state": "Sikkim",
        "district": "West Sikkim",
        "source": "NESAC/NERDRR"
      },
      "geometry": {
        "type": "Point",
        "coordinates": [
          88.2034,
          27.2206
        ]
      }
    },
    {
      "type": "Feature",
      "properties": {
        "event_name": "Vaivakawn_1",
        "date": "2020-10-02",
        "time": "9:00 P.M",
        "state": "Mizoram",
        "district": "Aizawl",
        "source": "NESAC/NERDRR"
      },
      "geometry": {
        "type": "Point",
        "coordinates": [
          92.71415,
          23.73952
        ]
      }
    },
    {
      "type": "Feature",
      "properties": {
        "event_name": "Venglai_1",
        "date": "2020-10-01",
        "time": "8:30 P.M",
        "state": "Mizoram",
        "district": "Aizawl",
        "source": "NESAC/NERDRR"
      },
      "geometry": {
        "type": "Point",
        "coordinates": [
          92.72158,
          23.740454
        ]
      }
    },
    {
      "type": "Feature",
      "properties": {
        "event_name": "Maubawk_2",
        "date": "2020-09-27",
        "time": "3:05 P.M",
        "state": "Mizoram",
        "district": "Aizawl",
        "source": "NESAC/NERDRR"
      },
      "geometry": {
        "type": "Point",
        "coordinates": [
          92.70033,
          23.72324
        ]
      }
    },
    {
      "type": "Feature",
      "properties": {
        "event_name": "Thangshalai",
        "date": "2020-09-27",
        "time": "None",
        "state": "Meghalaya",
        "district": "East Khasi Hills",
        "source": "NESAC/NERDRR"
      },
      "geometry": {
        "type": "Point",
        "coordinates": [
          92.05989,
          25.590668
        ]
      }
    },
    {
      "type": "Feature",
      "properties": {
        "event_name": "L267",
        "date": "2020-09-26",
        "time": "None",
        "state": "Meghalaya",
        "district": "East khasi hills",
        "source": "NESAC/NERDRR"
      },
      "geometry": {
        "type": "Point",
        "coordinates": [
          91.86076,
          25.5573
        ]
      }
    },
    {
      "type": "Feature",
      "properties": {
        "event_name": "L48",
        "date": "2020-09-25",
        "time": "None",
        "state": "Meghalaya",
        "district": "East khasi hills",
        "source": "NESAC/NERDRR"
      },
      "geometry": {
        "type": "Point",
        "coordinates": [
          91.97107,
          25.552668
        ]
      }
    },
    {
      "type": "Feature",
      "properties": {
        "event_name": "Dhobi Ghat Landslide",
        "date": "2020-09-25",
        "time": "Early morning",
        "state": "Meghalaya",
        "district": "East Khasi Hills",
        "source": "NESAC/NERDRR"
      },
      "geometry": {
        "type": "Point",
        "coordinates": [
          91.88,
          25.561
        ]
      }
    },
    {
      "type": "Feature",
      "properties": {
        "event_name": "L261",
        "date": "2020-09-25",
        "time": "None",
        "state": "Meghalaya",
        "district": "East khasi hills",
        "source": "NESAC/NERDRR"
      },
      "geometry": {
        "type": "Point",
        "coordinates": [
          91.74595,
          25.4717
        ]
      }
    },
    {
      "type": "Feature",
      "properties": {
        "event_name": "L277",
        "date": "2020-09-25",
        "time": "None",
        "state": "Meghalaya",
        "district": "East khasi hills",
        "source": "NESAC/NERDRR"
      },
      "geometry": {
        "type": "Point",
        "coordinates": [
          91.8215,
          25.4895
        ]
      }
    },
    {
      "type": "Feature",
      "properties": {
        "event_name": "L278",
        "date": "2020-09-25",
        "time": "None",
        "state": "Meghalaya",
        "district": "East khasi hills",
        "source": "NESAC/NERDRR"
      },
      "geometry": {
        "type": "Point",
        "coordinates": [
          91.817,
          25.5097
        ]
      }
    },
    {
      "type": "Feature",
      "properties": {
        "event_name": "L260",
        "date": "2020-09-25",
        "time": "None",
        "state": "Meghalaya",
        "district": "East khasi hills",
        "source": "NESAC/NERDRR"
      },
      "geometry": {
        "type": "Point",
        "coordinates": [
          91.61,
          25.45
        ]
      }
    },
    {
      "type": "Feature",
      "properties": {
        "event_name": "L47",
        "date": "2020-09-25",
        "time": "None",
        "state": "Meghalaya",
        "district": "East khasi hills",
        "source": "NESAC/NERDRR"
      },
      "geometry": {
        "type": "Point",
        "coordinates": [
          91.92699,
          25.524616
        ]
      }
    },
    {
      "type": "Feature",
      "properties": {
        "event_name": "L285",
        "date": "2020-09-24",
        "time": "None",
        "state": "Meghalaya",
        "district": "East khasi hills",
        "source": "NESAC/NERDRR"
      },
      "geometry": {
        "type": "Point",
        "coordinates": [
          91.5,
          25.29
        ]
      }
    },
    {
      "type": "Feature",
      "properties": {
        "event_name": "L272",
        "date": "2020-09-24",
        "time": "None",
        "state": "Meghalaya",
        "district": "East khasi hills",
        "source": "NESAC/NERDRR"
      },
      "geometry": {
        "type": "Point",
        "coordinates": [
          91.8062,
          25.5035
        ]
      }
    },
    {
      "type": "Feature",
      "properties": {
        "event_name": "L338",
        "date": "2020-09-24",
        "time": "None",
        "state": "Meghalaya",
        "district": "West Khasi Hills",
        "source": "NESAC/NERDRR"
      },
      "geometry": {
        "type": "Point",
        "coordinates": [
          91.16778,
          25.624443
        ]
      }
    },
    {
      "type": "Feature",
      "properties": {
        "event_name": "L281",
        "date": "2020-09-24",
        "time": "None",
        "state": "Meghalaya",
        "district": "East khasi hills",
        "source": "NESAC/NERDRR"
      },
      "geometry": {
        "type": "Point",
        "coordinates": [
          91.8062,
          25.5035
        ]
      }
    },
    {
      "type": "Feature",
      "properties": {
        "event_name": "L282",
        "date": "2020-09-24",
        "time": "None",
        "state": "Meghalaya",
        "district": "East khasi hills",
        "source": "NESAC/NERDRR"
      },
      "geometry": {
        "type": "Point",
        "coordinates": [
          91.8215,
          25.4895
        ]
      }
    },
    {
      "type": "Feature",
      "properties": {
        "event_name": "L287",
        "date": "2020-09-24",
        "time": "None",
        "state": "Meghalaya",
        "district": "East khasi hills",
        "source": "NESAC/NERDRR"
      },
      "geometry": {
        "type": "Point",
        "coordinates": [
          91.5,
          25.29
        ]
      }
    },
    {
      "type": "Feature",
      "properties": {
        "event_name": "L266",
        "date": "2020-09-24",
        "time": "None",
        "state": "Meghalaya",
        "district": "East khasi hills",
        "source": "NESAC/NERDRR"
      },
      "geometry": {
        "type": "Point",
        "coordinates": [
          91.8409,
          25.563
        ]
      }
    },
    {
      "type": "Feature",
      "properties": {
        "event_name": "landslide at Ryndang briew",
        "date": "2020-09-24",
        "time": "None",
        "state": "Meghalaya",
        "district": "East Khasi Hills",
        "source": "NESAC/NERDRR"
      },
      "geometry": {
        "type": "Point",
        "coordinates": [
          91.893,
          25.65
        ]
      }
    },
    {
      "type": "Feature",
      "properties": {
        "event_name": "Bawngkawn_1",
        "date": "2020-09-22",
        "time": "3:00 A.M",
        "state": "Mizoram",
        "district": "Aizawl",
        "source": "NESAC/NERDRR"
      },
      "geometry": {
        "type": "Point",
        "coordinates": [
          92.731186,
          23.721556
        ]
      }
    },
    {
      "type": "Feature",
      "properties": {
        "event_name": "Patkai Bridge to Kukidolong road strech",
        "date": "2020-09-19",
        "time": "5:00 A.M.",
        "state": "Nagaland",
        "district": "Dimapur",
        "source": "NESAC/NERDRR"
      },
      "geometry": {
        "type": "Point",
        "coordinates": [
          93.814735,
          25.770794
        ]
      }
    },
    {
      "type": "Feature",
      "properties": {
        "event_name": "L324",
        "date": "2020-09-17",
        "time": "None",
        "state": "Meghalaya",
        "district": "South West Garo Hills",
        "source": "NESAC/NERDRR"
      },
      "geometry": {
        "type": "Point",
        "coordinates": [
          89.99917,
          25.574167
        ]
      }
    },
    {
      "type": "Feature",
      "properties": {
        "event_name": "L323",
        "date": "2020-09-17",
        "time": "None",
        "state": "Meghalaya",
        "district": "South West Garo Hills",
        "source": "NESAC/NERDRR"
      },
      "geometry": {
        "type": "Point",
        "coordinates": [
          89.992775,
          25.567778
        ]
      }
    },
    {
      "type": "Feature",
      "properties": {
        "event_name": "L330",
        "date": "2020-09-17",
        "time": "None",
        "state": "Meghalaya",
        "district": "South West Garo Hills",
        "source": "NESAC/NERDRR"
      },
      "geometry": {
        "type": "Point",
        "coordinates": [
          89.943054,
          25.501389
        ]
      }
    },
    {
      "type": "Feature",
      "properties": {
        "event_name": "L331",
        "date": "2020-09-17",
        "time": "None",
        "state": "Meghalaya",
        "district": "South West Garo Hills",
        "source": "NESAC/NERDRR"
      },
      "geometry": {
        "type": "Point",
        "coordinates": [
          89.98556,
          25.589167
        ]
      }
    },
    {
      "type": "Feature",
      "properties": {
        "event_name": "L328",
        "date": "2020-09-17",
        "time": "None",
        "state": "Meghalaya",
        "district": "South West Garo Hills",
        "source": "NESAC/NERDRR"
      },
      "geometry": {
        "type": "Point",
        "coordinates": [
          89.97,
          25.581388
        ]
      }
    },
    {
      "type": "Feature",
      "properties": {
        "event_name": "L325",
        "date": "2020-09-17",
        "time": "None",
        "state": "Meghalaya",
        "district": "South West Garo Hills",
        "source": "NESAC/NERDRR"
      },
      "geometry": {
        "type": "Point",
        "coordinates": [
          89.98556,
          25.589167
        ]
      }
    },
    {
      "type": "Feature",
      "properties": {
        "event_name": "L332",
        "date": "2020-09-17",
        "time": "None",
        "state": "Meghalaya",
        "district": "South West Garo Hills",
        "source": "NESAC/NERDRR"
      },
      "geometry": {
        "type": "Point",
        "coordinates": [
          89.937225,
          25.5525
        ]
      }
    },
    {
      "type": "Feature",
      "properties": {
        "event_name": "L326",
        "date": "2020-09-17",
        "time": "None",
        "state": "Meghalaya",
        "district": "South West Garo Hills",
        "source": "NESAC/NERDRR"
      },
      "geometry": {
        "type": "Point",
        "coordinates": [
          90.005554,
          25.577778
        ]
      }
    },
    {
      "type": "Feature",
      "properties": {
        "event_name": "L329",
        "date": "2020-09-17",
        "time": "None",
        "state": "Meghalaya",
        "district": "South West Garo Hills",
        "source": "NESAC/NERDRR"
      },
      "geometry": {
        "type": "Point",
        "coordinates": [
          89.93222,
          25.544167
        ]
      }
    },
    {
      "type": "Feature",
      "properties": {
        "event_name": "Bandardewa Landslide",
        "date": "2020-09-17",
        "time": "None",
        "state": "Arunachal Pradesh",
        "district": "Papum Pare",
        "source": "NESAC/NERDRR"
      },
      "geometry": {
        "type": "Point",
        "coordinates": [
          93.826,
          27.104
        ]
      }
    },
    {
      "type": "Feature",
      "properties": {
        "event_name": "L327",
        "date": "2020-09-17",
        "time": "None",
        "state": "Meghalaya",
        "district": "South West Garo Hills",
        "source": "NESAC/NERDRR"
      },
      "geometry": {
        "type": "Point",
        "coordinates": [
          89.98194,
          25.559723
        ]
      }
    },
    {
      "type": "Feature",
      "properties": {
        "event_name": "Patkai Bridge to Kukidolong road strech",
        "date": "2020-09-12",
        "time": "None",
        "state": "Nagaland",
        "district": "Dimapur",
        "source": "NESAC/NERDRR"
      },
      "geometry": {
        "type": "Point",
        "coordinates": [
          93.805565,
          25.793833
        ]
      }
    },
    {
      "type": "Feature",
      "properties": {
        "event_name": "Gangtok_Rangpo_landslides",
        "date": "2020-09-08",
        "time": "None",
        "state": "Sikkim",
        "district": "East Sikkim",
        "source": "NESAC/NERDRR"
      },
      "geometry": {
        "type": "Point",
        "coordinates": [
          88.553,
          27.261
        ]
      }
    },
    {
      "type": "Feature",
      "properties": {
        "event_name": "20 Mile Bardun",
        "date": "2020-09-08",
        "time": "None",
        "state": "Sikkim",
        "district": "East Sikkim",
        "source": "NESAC/NERDRR"
      },
      "geometry": {
        "type": "Point",
        "coordinates": [
          88.59,
          27.286
        ]
      }
    },
    {
      "type": "Feature",
      "properties": {
        "event_name": "Gai Dhara Landslide",
        "date": "2020-09-08",
        "time": "None",
        "state": "Sikkim",
        "district": "East Sikkim",
        "source": "NESAC/NERDRR"
      },
      "geometry": {
        "type": "Point",
        "coordinates": [
          88.546,
          27.256
        ]
      }
    },
    {
      "type": "Feature",
      "properties": {
        "event_name": "Patkai Bridge to Kukidolong road strech",
        "date": "2020-09-07",
        "time": "None",
        "state": "Nagaland",
        "district": "Dimapur",
        "source": "NESAC/NERDRR"
      },
      "geometry": {
        "type": "Point",
        "coordinates": [
          93.80233,
          25.796417
        ]
      }
    },
    {
      "type": "Feature",
      "properties": {
        "event_name": "L334",
        "date": "2020-09-06",
        "time": "None",
        "state": "Meghalaya",
        "district": "East Garo Hills",
        "source": "NESAC/NERDRR"
      },
      "geometry": {
        "type": "Point",
        "coordinates": [
          90.57521,
          25.582556
        ]
      }
    },
    {
      "type": "Feature",
      "properties": {
        "event_name": "Maubuang_1",
        "date": "2020-08-31",
        "time": "Night",
        "state": "Mizoram",
        "district": "Aizawl",
        "source": "NESAC/NERDRR"
      },
      "geometry": {
        "type": "Point",
        "coordinates": [
          92.70826,
          23.48888
        ]
      }
    },
    {
      "type": "Feature",
      "properties": {
        "event_name": "L211",
        "date": "2020-08-30",
        "time": "None",
        "state": "Meghalaya",
        "district": "East khasi hills",
        "source": "NESAC/NERDRR"
      },
      "geometry": {
        "type": "Point",
        "coordinates": [
          91.76536,
          25.347097
        ]
      }
    },
    {
      "type": "Feature",
      "properties": {
        "event_name": "Kotlen",
        "date": "2020-08-28",
        "time": "11: 00 A.M",
        "state": "Manipur",
        "district": "Senapati",
        "source": "NESAC/NERDRR"
      },
      "geometry": {
        "type": "Point",
        "coordinates": [
          93.696,
          24.792
        ]
      }
    },
    {
      "type": "Feature",
      "properties": {
        "event_name": "Electric_veng5",
        "date": "2020-08-24",
        "time": "Evening",
        "state": "Mizoram",
        "district": "Serchhip",
        "source": "NESAC/NERDRR"
      },
      "geometry": {
        "type": "Point",
        "coordinates": [
          92.89083,
          23.533611
        ]
      }
    },
    {
      "type": "Feature",
      "properties": {
        "event_name": "L106",
        "date": "2020-08-20",
        "time": "None",
        "state": "Meghalaya",
        "district": "East khasi hills",
        "source": "NESAC/NERDRR"
      },
      "geometry": {
        "type": "Point",
        "coordinates": [
          91.761894,
          25.187498
        ]
      }
    },
    {
      "type": "Feature",
      "properties": {
        "event_name": "L294",
        "date": "2020-08-20",
        "time": "None",
        "state": "Meghalaya",
        "district": "East jaintia hills",
        "source": "NESAC/NERDRR"
      },
      "geometry": {
        "type": "Point",
        "coordinates": [
          92.57937,
          25.38
        ]
      }
    },
    {
      "type": "Feature",
      "properties": {
        "event_name": "Khongkhang",
        "date": "2020-08-20",
        "time": "None",
        "state": "Manipur",
        "district": "Chandel",
        "source": "NESAC/NERDRR"
      },
      "geometry": {
        "type": "Point",
        "coordinates": [
          94.222,
          24.318
        ]
      }
    },
    {
      "type": "Feature",
      "properties": {
        "event_name": "Electric_veng4",
        "date": "2020-08-20",
        "time": "Night",
        "state": "Mizoram",
        "district": "Lawngtlai",
        "source": "NESAC/NERDRR"
      },
      "geometry": {
        "type": "Point",
        "coordinates": [
          92.88944,
          22.534166
        ]
      }
    },
    {
      "type": "Feature",
      "properties": {
        "event_name": "L303",
        "date": "2020-08-20",
        "time": "None",
        "state": "Meghalaya",
        "district": "East jaintia hills",
        "source": "NESAC/NERDRR"
      },
      "geometry": {
        "type": "Point",
        "coordinates": [
          92.58505,
          25.375587
        ]
      }
    },
    {
      "type": "Feature",
      "properties": {
        "event_name": "L156",
        "date": "2020-08-20",
        "time": "None",
        "state": "Meghalaya",
        "district": "East khasi hills",
        "source": "NESAC/NERDRR"
      },
      "geometry": {
        "type": "Point",
        "coordinates": [
          91.75064,
          25.223053
        ]
      }
    },
    {
      "type": "Feature",
      "properties": {
        "event_name": "L131",
        "date": "2020-08-20",
        "time": "None",
        "state": "Meghalaya",
        "district": "East khasi hills",
        "source": "NESAC/NERDRR"
      },
      "geometry": {
        "type": "Point",
        "coordinates": [
          91.75616,
          25.22238
        ]
      }
    },
    {
      "type": "Feature",
      "properties": {
        "event_name": "Laii Village",
        "date": "2020-08-20",
        "time": "02:45 A.M",
        "state": "Manipur",
        "district": "Senapati",
        "source": "NESAC/NERDRR"
      },
      "geometry": {
        "type": "Point",
        "coordinates": [
          94.387,
          25.498
        ]
      }
    },
    {
      "type": "Feature",
      "properties": {
        "event_name": "Mehruliesta, Paramedical Colony",
        "date": "2020-08-19",
        "time": "11:45 A.M",
        "state": "Nagaland",
        "district": "Kohima",
        "source": "NESAC/NERDRR"
      },
      "geometry": {
        "type": "Point",
        "coordinates": [
          94.091,
          25.664
        ]
      }
    },
    {
      "type": "Feature",
      "properties": {
        "event_name": "DC Hill West Colony",
        "date": "2020-08-17",
        "time": "None",
        "state": "Nagaland",
        "district": "Zunheboto",
        "source": "NESAC/NERDRR"
      },
      "geometry": {
        "type": "Point",
        "coordinates": [
          94.519,
          26.01
        ]
      }
    },
    {
      "type": "Feature",
      "properties": {
        "event_name": "Phullen2",
        "date": "2020-08-17",
        "time": "07:45 P.M",
        "state": "Mizoram",
        "district": "Aizawl",
        "source": "NESAC/NERDRR"
      },
      "geometry": {
        "type": "Point",
        "coordinates": [
          93.0475,
          23.855618
        ]
      }
    },
    {
      "type": "Feature",
      "properties": {
        "event_name": "Alongmen Ward, Mokochung",
        "date": "2020-08-15",
        "time": "None",
        "state": "Nagaland",
        "district": "Mokokchung",
        "source": "NESAC/NERDRR"
      },
      "geometry": {
        "type": "Point",
        "coordinates": [
          94.522,
          26.326
        ]
      }
    },
    {
      "type": "Feature",
      "properties": {
        "event_name": "Akuluto Town",
        "date": "2020-08-14",
        "time": "None",
        "state": "Nagaland",
        "district": "Zunheboto",
        "source": "NESAC/NERDRR"
      },
      "geometry": {
        "type": "Point",
        "coordinates": [
          94.487,
          26.166
        ]
      }
    },
    {
      "type": "Feature",
      "properties": {
        "event_name": "Maubawk_3",
        "date": "2020-08-13",
        "time": "6:00 P.M",
        "state": "Mizoram",
        "district": "Aizawl",
        "source": "NESAC/NERDRR"
      },
      "geometry": {
        "type": "Point",
        "coordinates": [
          92.695946,
          23.751072
        ]
      }
    },
    {
      "type": "Feature",
      "properties": {
        "event_name": "Khenjonglang Landslide",
        "date": "2020-08-11",
        "time": "4:00 A.M",
        "state": "Manipur",
        "district": "Imphal east",
        "source": "NESAC/NERDRR"
      },
      "geometry": {
        "type": "Point",
        "coordinates": [
          93.986,
          24.748
        ]
      }
    },
    {
      "type": "Feature",
      "properties": {
        "event_name": "L322",
        "date": "2020-08-09",
        "time": "None",
        "state": "Meghalaya",
        "district": "South West Garo Hills",
        "source": "NESAC/NERDRR"
      },
      "geometry": {
        "type": "Point",
        "coordinates": [
          89.5919,
          25.275
        ]
      }
    },
    {
      "type": "Feature",
      "properties": {
        "event_name": "Hnahlan-1",
        "date": "2020-08-08",
        "time": "Evening",
        "state": "Mizoram",
        "district": "Champhai",
        "source": "NESAC/NERDRR"
      },
      "geometry": {
        "type": "Point",
        "coordinates": [
          93.382774,
          23.692778
        ]
      }
    },
    {
      "type": "Feature",
      "properties": {
        "event_name": "Jorengthang Landslide",
        "date": "2020-08-06",
        "time": "None",
        "state": "Sikkim",
        "district": "South Sikkim",
        "source": "NESAC/NERDRR"
      },
      "geometry": {
        "type": "Point",
        "coordinates": [
          88.311,
          27.163
        ]
      }
    },
    {
      "type": "Feature",
      "properties": {
        "event_name": "Electric_veng3",
        "date": "2020-08-04",
        "time": "Night",
        "state": "Mizoram",
        "district": "Serchhip",
        "source": "NESAC/NERDRR"
      },
      "geometry": {
        "type": "Point",
        "coordinates": [
          92.891945,
          23.533611
        ]
      }
    },
    {
      "type": "Feature",
      "properties": {
        "event_name": "College_veng1",
        "date": "2020-08-03",
        "time": "Evening",
        "state": "Mizoram",
        "district": "Lawngtlai",
        "source": "NESAC/NERDRR"
      },
      "geometry": {
        "type": "Point",
        "coordinates": [
          92.5575,
          22.533611
        ]
      }
    },
    {
      "type": "Feature",
      "properties": {
        "event_name": "Bazaar_veng1",
        "date": "2020-08-03",
        "time": "Night",
        "state": "Mizoram",
        "district": "Lawngtlai",
        "source": "NESAC/NERDRR"
      },
      "geometry": {
        "type": "Point",
        "coordinates": [
          92.89889,
          22.527222
        ]
      }
    },
    {
      "type": "Feature",
      "properties": {
        "event_name": "Electric_veng2",
        "date": "2020-08-03",
        "time": "Evening",
        "state": "Mizoram",
        "district": "Lawngtlai",
        "source": "NESAC/NERDRR"
      },
      "geometry": {
        "type": "Point",
        "coordinates": [
          92.889725,
          22.536112
        ]
      }
    },
    {
      "type": "Feature",
      "properties": {
        "event_name": "College_veng2",
        "date": "2020-08-02",
        "time": "Night",
        "state": "Mizoram",
        "district": "Lawngtlai",
        "source": "NESAC/NERDRR"
      },
      "geometry": {
        "type": "Point",
        "coordinates": [
          92.896385,
          22.515556
        ]
      }
    },
    {
      "type": "Feature",
      "properties": {
        "event_name": "Zotlang-1",
        "date": "2020-08-01",
        "time": "Evening",
        "state": "Mizoram",
        "district": "Champhai",
        "source": "NESAC/NERDRR"
      },
      "geometry": {
        "type": "Point",
        "coordinates": [
          93.382774,
          23.692778
        ]
      }
    },
    {
      "type": "Feature",
      "properties": {
        "event_name": "Tura Highway landslide",
        "date": "2020-07-24",
        "time": "None",
        "state": "Meghalaya",
        "district": "West Garo Hills",
        "source": "NESAC/NERDRR"
      },
      "geometry": {
        "type": "Point",
        "coordinates": [
          90.394,
          25.726
        ]
      }
    },
    {
      "type": "Feature",
      "properties": {
        "event_name": "K Sinam Village_NH 37",
        "date": "2020-07-21",
        "time": "None",
        "state": "Manipur",
        "district": "Senapati",
        "source": "NESAC/NERDRR"
      },
      "geometry": {
        "type": "Point",
        "coordinates": [
          93.985,
          24.925
        ]
      }
    },
    {
      "type": "Feature",
      "properties": {
        "event_name": "Vaivakawn_2",
        "date": "2020-07-17",
        "time": "Night",
        "state": "Mizoram",
        "district": "Aizawl",
        "source": "NESAC/NERDRR"
      },
      "geometry": {
        "type": "Point",
        "coordinates": [
          92.708725,
          23.739746
        ]
      }
    },
    {
      "type": "Feature",
      "properties": {
        "event_name": "Mawthadraishan C andRD",
        "date": "2020-07-14",
        "time": "None",
        "state": "Meghalaya",
        "district": "West Khasi Hills",
        "source": "NESAC/NERDRR"
      },
      "geometry": {
        "type": "Point",
        "coordinates": [
          91.469,
          25.516
        ]
      }
    },
    {
      "type": "Feature",
      "properties": {
        "event_name": "Nongstoin Block CandRD",
        "date": "2020-07-14",
        "time": "None",
        "state": "Meghalaya",
        "district": "West Khasi Hills",
        "source": "NESAC/NERDRR"
      },
      "geometry": {
        "type": "Point",
        "coordinates": [
          91.272,
          25.523
        ]
      }
    },
    {
      "type": "Feature",
      "properties": {
        "event_name": "Mawshynrut C and D block",
        "date": "2020-07-14",
        "time": "None",
        "state": "Meghalaya",
        "district": "West Khasi Hills",
        "source": "NESAC/NERDRR"
      },
      "geometry": {
        "type": "Point",
        "coordinates": [
          91.055,
          25.676
        ]
      }
    },
    {
      "type": "Feature",
      "properties": {
        "event_name": "L339",
        "date": "2020-07-13",
        "time": "None",
        "state": "Meghalaya",
        "district": "West Khasi Hills",
        "source": "NESAC/NERDRR"
      },
      "geometry": {
        "type": "Point",
        "coordinates": [
          90.81416,
          25.551666
        ]
      }
    },
    {
      "type": "Feature",
      "properties": {
        "event_name": "L337",
        "date": "2020-07-13",
        "time": "None",
        "state": "Meghalaya",
        "district": "South Garo Hills",
        "source": "NESAC/NERDRR"
      },
      "geometry": {
        "type": "Point",
        "coordinates": [
          90.5069,
          25.26278
        ]
      }
    },
    {
      "type": "Feature",
      "properties": {
        "event_name": "L336",
        "date": "2020-07-13",
        "time": "None",
        "state": "Meghalaya",
        "district": "South Garo Hills",
        "source": "NESAC/NERDRR"
      },
      "geometry": {
        "type": "Point",
        "coordinates": [
          90.5069,
          25.26278
        ]
      }
    },
    {
      "type": "Feature",
      "properties": {
        "event_name": "L335",
        "date": "2020-07-13",
        "time": "None",
        "state": "Meghalaya",
        "district": "South Garo Hills",
        "source": "NESAC/NERDRR"
      },
      "geometry": {
        "type": "Point",
        "coordinates": [
          90.5069,
          25.26278
        ]
      }
    },
    {
      "type": "Feature",
      "properties": {
        "event_name": "Jorabat Landslide",
        "date": "2020-07-12",
        "time": "None",
        "state": "Assam",
        "district": "Kamrup metro",
        "source": "NESAC/NERDRR"
      },
      "geometry": {
        "type": "Point",
        "coordinates": [
          91.863,
          26.102
        ]
      }
    },
    {
      "type": "Feature",
      "properties": {
        "event_name": "Police Reserve",
        "date": "2020-07-12",
        "time": "None",
        "state": "Meghalaya",
        "district": "East Khasi Hills",
        "source": "NESAC/NERDRR"
      },
      "geometry": {
        "type": "Point",
        "coordinates": [
          91.884,
          25.581
        ]
      }
    },
    {
      "type": "Feature",
      "properties": {
        "event_name": "L333",
        "date": "2020-07-12",
        "time": "None",
        "state": "Meghalaya",
        "district": "East Garo Hills",
        "source": "NESAC/NERDRR"
      },
      "geometry": {
        "type": "Point",
        "coordinates": [
          90.57833,
          25.592367
        ]
      }
    },
    {
      "type": "Feature",
      "properties": {
        "event_name": "Mamit2",
        "date": "2020-07-11",
        "time": "Night",
        "state": "Mizoram",
        "district": "Mamit",
        "source": "NESAC/NERDRR"
      },
      "geometry": {
        "type": "Point",
        "coordinates": [
          92.492226,
          23.916945
        ]
      }
    },
    {
      "type": "Feature",
      "properties": {
        "event_name": "Melriat_1",
        "date": "2020-07-11",
        "time": "Night",
        "state": "Mizoram",
        "district": "Aizawl",
        "source": "NESAC/NERDRR"
      },
      "geometry": {
        "type": "Point",
        "coordinates": [
          92.72628,
          23.562675
        ]
      }
    },
    {
      "type": "Feature",
      "properties": {
        "event_name": "L271",
        "date": "2020-07-11",
        "time": "None",
        "state": "Meghalaya",
        "district": "East khasi hills",
        "source": "NESAC/NERDRR"
      },
      "geometry": {
        "type": "Point",
        "coordinates": [
          91.81968,
          25.49393
        ]
      }
    },
    {
      "type": "Feature",
      "properties": {
        "event_name": "Nongstoin \ufffd Tura By-pass\ufffd",
        "date": "2020-07-11",
        "time": "None",
        "state": "Meghalaya",
        "district": "West Khasi Hills",
        "source": "NESAC/NERDRR"
      },
      "geometry": {
        "type": "Point",
        "coordinates": [
          91.262,
          25.528
        ]
      }
    },
    {
      "type": "Feature",
      "properties": {
        "event_name": "High School Area",
        "date": "2020-07-11",
        "time": "None",
        "state": "Nagaland",
        "district": "Kohima",
        "source": "NESAC/NERDRR"
      },
      "geometry": {
        "type": "Point",
        "coordinates": [
          94.098,
          25.689
        ]
      }
    },
    {
      "type": "Feature",
      "properties": {
        "event_name": "Laitlyngkot-Pomlum",
        "date": "2020-07-11",
        "time": "None",
        "state": "Meghalaya",
        "district": "East Khasi Hills",
        "source": "NESAC/NERDRR"
      },
      "geometry": {
        "type": "Point",
        "coordinates": [
          91.84,
          25.448
        ]
      }
    },
    {
      "type": "Feature",
      "properties": {
        "event_name": "Mawthawiang\ufffd",
        "date": "2020-07-10",
        "time": "None",
        "state": "Meghalaya",
        "district": "West Khasi Hills",
        "source": "NESAC/NERDRR"
      },
      "geometry": {
        "type": "Point",
        "coordinates": [
          91.471,
          25.43
        ]
      }
    },
    {
      "type": "Feature",
      "properties": {
        "event_name": "Tigdo Landslide",
        "date": "2020-07-10",
        "time": "2:30 A.M",
        "state": "Arunachal Pradesh",
        "district": "Papum Pare",
        "source": "NESAC/NERDRR"
      },
      "geometry": {
        "type": "Point",
        "coordinates": [
          93.74347,
          27.134693
        ]
      }
    },
    {
      "type": "Feature",
      "properties": {
        "event_name": "Phullen5",
        "date": "2020-07-10",
        "time": "Night",
        "state": "Mizoram",
        "district": "Aizawl",
        "source": "NESAC/NERDRR"
      },
      "geometry": {
        "type": "Point",
        "coordinates": [
          92.88556,
          23.673332
        ]
      }
    },
    {
      "type": "Feature",
      "properties": {
        "event_name": "Sailam_1",
        "date": "2020-07-10",
        "time": "11:00 A.M",
        "state": "Mizoram",
        "district": "Aizawl",
        "source": "NESAC/NERDRR"
      },
      "geometry": {
        "type": "Point",
        "coordinates": [
          92.7973,
          23.350964
        ]
      }
    },
    {
      "type": "Feature",
      "properties": {
        "event_name": "Modrijo",
        "date": "2020-07-10",
        "time": "None",
        "state": "Arunachal Pradesh",
        "district": "Papum Pare",
        "source": "NESAC/NERDRR"
      },
      "geometry": {
        "type": "Point",
        "coordinates": [
          93.698,
          27.107
        ]
      }
    },
    {
      "type": "Feature",
      "properties": {
        "event_name": "L43",
        "date": "2020-07-10",
        "time": "None",
        "state": "Meghalaya",
        "district": "East khasi hills",
        "source": "NESAC/NERDRR"
      },
      "geometry": {
        "type": "Point",
        "coordinates": [
          91.9854,
          25.378433
        ]
      }
    },
    {
      "type": "Feature",
      "properties": {
        "event_name": "Mawthawpdah-Rangdikhew road",
        "date": "2020-07-09",
        "time": "None",
        "state": "Meghalaya",
        "district": "West Khasi Hills",
        "source": "NESAC/NERDRR"
      },
      "geometry": {
        "type": "Point",
        "coordinates": [
          91.416,
          25.417
        ]
      }
    },
    {
      "type": "Feature",
      "properties": {
        "event_name": "L249",
        "date": "2020-07-09",
        "time": "None",
        "state": "Meghalaya",
        "district": "East khasi hills",
        "source": "NESAC/NERDRR"
      },
      "geometry": {
        "type": "Point",
        "coordinates": [
          91.71739,
          25.287216
        ]
      }
    },
    {
      "type": "Feature",
      "properties": {
        "event_name": "L321",
        "date": "2020-07-08",
        "time": "None",
        "state": "Meghalaya",
        "district": "South West Garo Hills",
        "source": "NESAC/NERDRR"
      },
      "geometry": {
        "type": "Point",
        "coordinates": [
          89.953,
          25.471905
        ]
      }
    },
    {
      "type": "Feature",
      "properties": {
        "event_name": "Between Xuivi and Kilomi District",
        "date": "2020-07-08",
        "time": "None",
        "state": "Nagaland",
        "district": "Zunheboto",
        "source": "NESAC/NERDRR"
      },
      "geometry": {
        "type": "Point",
        "coordinates": [
          94.441,
          25.873
        ]
      }
    },
    {
      "type": "Feature",
      "properties": {
        "event_name": "Electric_veng1",
        "date": "2020-07-07",
        "time": "Evening",
        "state": "Mizoram",
        "district": "Lawngtlai",
        "source": "NESAC/NERDRR"
      },
      "geometry": {
        "type": "Point",
        "coordinates": [
          92.88722,
          22.536667
        ]
      }
    },
    {
      "type": "Feature",
      "properties": {
        "event_name": "Twilang Landslide",
        "date": "2020-07-06",
        "time": "None",
        "state": "Manipur",
        "district": "Senapati",
        "source": "NESAC/NERDRR"
      },
      "geometry": {
        "type": "Point",
        "coordinates": [
          93.911,
          25.236
        ]
      }
    },
    {
      "type": "Feature",
      "properties": {
        "event_name": "Bawngkawn_2",
        "date": "2020-07-04",
        "time": "3:00 A.M",
        "state": "Mizoram",
        "district": "Aizawl",
        "source": "NESAC/NERDRR"
      },
      "geometry": {
        "type": "Point",
        "coordinates": [
          92.728676,
          23.720222
        ]
      }
    },
    {
      "type": "Feature",
      "properties": {
        "event_name": "L274",
        "date": "2020-06-29",
        "time": "None",
        "state": "Meghalaya",
        "district": "East khasi hills",
        "source": "NESAC/NERDRR"
      },
      "geometry": {
        "type": "Point",
        "coordinates": [
          91.8062,
          25.5035
        ]
      }
    },
    {
      "type": "Feature",
      "properties": {
        "event_name": "Mangang-Chungtohong Road",
        "date": "2020-06-29",
        "time": "None",
        "state": "Sikkim",
        "district": "North Sikkim",
        "source": "NESAC/NERDRR"
      },
      "geometry": {
        "type": "Point",
        "coordinates": [
          88.535,
          27.502
        ]
      }
    },
    {
      "type": "Feature",
      "properties": {
        "event_name": "Landslide near Fambrong Falls",
        "date": "2020-06-28",
        "time": "None",
        "state": "Sikkim",
        "district": "West Sikkim",
        "source": "NESAC/NERDRR"
      },
      "geometry": {
        "type": "Point",
        "coordinates": [
          88.232,
          27.357
        ]
      }
    },
    {
      "type": "Feature",
      "properties": {
        "event_name": "Guwahati Landslied",
        "date": "2020-06-28",
        "time": "None",
        "state": "Assam",
        "district": "Kamrup metro",
        "source": "NESAC/NERDRR"
      },
      "geometry": {
        "type": "Point",
        "coordinates": [
          91.765,
          26.196
        ]
      }
    },
    {
      "type": "Feature",
      "properties": {
        "event_name": "L143",
        "date": "2020-06-27",
        "time": "None",
        "state": "Meghalaya",
        "district": "East khasi hills",
        "source": "NESAC/NERDRR"
      },
      "geometry": {
        "type": "Point",
        "coordinates": [
          91.74226,
          25.217028
        ]
      }
    },
    {
      "type": "Feature",
      "properties": {
        "event_name": "L39",
        "date": "2020-06-27",
        "time": "None",
        "state": "Meghalaya",
        "district": "East khasi hills",
        "source": "NESAC/NERDRR"
      },
      "geometry": {
        "type": "Point",
        "coordinates": [
          91.981186,
          25.37435
        ]
      }
    },
    {
      "type": "Feature",
      "properties": {
        "event_name": "L340",
        "date": "2020-06-27",
        "time": "None",
        "state": "Meghalaya",
        "district": "West Khasi Hills",
        "source": "NESAC/NERDRR"
      },
      "geometry": {
        "type": "Point",
        "coordinates": [
          91.178055,
          25.6
        ]
      }
    },
    {
      "type": "Feature",
      "properties": {
        "event_name": "Mangan-Sangkhalang Road",
        "date": "2020-06-27",
        "time": "None",
        "state": "Sikkim",
        "district": "North Sikkim",
        "source": "NESAC/NERDRR"
      },
      "geometry": {
        "type": "Point",
        "coordinates": [
          88.528,
          27.506
        ]
      }
    },
    {
      "type": "Feature",
      "properties": {
        "event_name": "L265",
        "date": "2020-06-27",
        "time": "None",
        "state": "Meghalaya",
        "district": "East khasi hills",
        "source": "NESAC/NERDRR"
      },
      "geometry": {
        "type": "Point",
        "coordinates": [
          91.845,
          25.566
        ]
      }
    },
    {
      "type": "Feature",
      "properties": {
        "event_name": "L222",
        "date": "2020-06-27",
        "time": "None",
        "state": "Meghalaya",
        "district": "East khasi hills",
        "source": "NESAC/NERDRR"
      },
      "geometry": {
        "type": "Point",
        "coordinates": [
          91.76776,
          25.34702
        ]
      }
    },
    {
      "type": "Feature",
      "properties": {
        "event_name": "Tessta V NHPC Landslide",
        "date": "2020-06-27",
        "time": "None",
        "state": "Sikkim",
        "district": "East Sikkim",
        "source": "NESAC/NERDRR"
      },
      "geometry": {
        "type": "Point",
        "coordinates": [
          88.459,
          27.251
        ]
      }
    },
    {
      "type": "Feature",
      "properties": {
        "event_name": "Uphill Panang Landslide",
        "date": "2020-06-27",
        "time": "8:00 P.M",
        "state": "Sikkim",
        "district": "North Sikkim",
        "source": "NESAC/NERDRR"
      },
      "geometry": {
        "type": "Point",
        "coordinates": [
          88.509,
          27.52
        ]
      }
    },
    {
      "type": "Feature",
      "properties": {
        "event_name": "SDMA_AS_2020_North Guwahati3",
        "date": "2020-06-27",
        "time": "6:00 P.M",
        "state": "Assam",
        "district": "Kamrrup Rural",
        "source": "NESAC/NERDRR"
      },
      "geometry": {
        "type": "Point",
        "coordinates": [
          91.75978,
          26.262201
        ]
      }
    },
    {
      "type": "Feature",
      "properties": {
        "event_name": "L273",
        "date": "2020-06-27",
        "time": "None",
        "state": "Meghalaya",
        "district": "East khasi hills",
        "source": "NESAC/NERDRR"
      },
      "geometry": {
        "type": "Point",
        "coordinates": [
          91.8062,
          25.5035
        ]
      }
    },
    {
      "type": "Feature",
      "properties": {
        "event_name": "L218",
        "date": "2020-06-27",
        "time": "None",
        "state": "Meghalaya",
        "district": "East khasi hills",
        "source": "NESAC/NERDRR"
      },
      "geometry": {
        "type": "Point",
        "coordinates": [
          91.766815,
          25.393795
        ]
      }
    },
    {
      "type": "Feature",
      "properties": {
        "event_name": "L227",
        "date": "2020-06-27",
        "time": "None",
        "state": "Meghalaya",
        "district": "East khasi hills",
        "source": "NESAC/NERDRR"
      },
      "geometry": {
        "type": "Point",
        "coordinates": [
          91.79079,
          25.33172
        ]
      }
    },
    {
      "type": "Feature",
      "properties": {
        "event_name": "L231",
        "date": "2020-06-27",
        "time": "None",
        "state": "Meghalaya",
        "district": "East khasi hills",
        "source": "NESAC/NERDRR"
      },
      "geometry": {
        "type": "Point",
        "coordinates": [
          91.803795,
          25.326237
        ]
      }
    },
    {
      "type": "Feature",
      "properties": {
        "event_name": "L293",
        "date": "2020-06-27",
        "time": "None",
        "state": "Meghalaya",
        "district": "East khasi hills",
        "source": "NESAC/NERDRR"
      },
      "geometry": {
        "type": "Point",
        "coordinates": [
          91.49,
          25.29
        ]
      }
    },
    {
      "type": "Feature",
      "properties": {
        "event_name": "L292",
        "date": "2020-06-27",
        "time": "None",
        "state": "Meghalaya",
        "district": "East khasi hills",
        "source": "NESAC/NERDRR"
      },
      "geometry": {
        "type": "Point",
        "coordinates": [
          91.5,
          25.29
        ]
      }
    },
    {
      "type": "Feature",
      "properties": {
        "event_name": "L291",
        "date": "2020-06-27",
        "time": "None",
        "state": "Meghalaya",
        "district": "East khasi hills",
        "source": "NESAC/NERDRR"
      },
      "geometry": {
        "type": "Point",
        "coordinates": [
          91.5,
          25.29
        ]
      }
    },
    {
      "type": "Feature",
      "properties": {
        "event_name": "L270",
        "date": "2020-06-27",
        "time": "None",
        "state": "Meghalaya",
        "district": "East khasi hills",
        "source": "NESAC/NERDRR"
      },
      "geometry": {
        "type": "Point",
        "coordinates": [
          91.805,
          25.49052
        ]
      }
    },
    {
      "type": "Feature",
      "properties": {
        "event_name": "L290",
        "date": "2020-06-27",
        "time": "None",
        "state": "Meghalaya",
        "district": "East khasi hills",
        "source": "NESAC/NERDRR"
      },
      "geometry": {
        "type": "Point",
        "coordinates": [
          91.5,
          25.29
        ]
      }
    },
    {
      "type": "Feature",
      "properties": {
        "event_name": "L289",
        "date": "2020-06-27",
        "time": "None",
        "state": "Meghalaya",
        "district": "East khasi hills",
        "source": "NESAC/NERDRR"
      },
      "geometry": {
        "type": "Point",
        "coordinates": [
          91.5,
          25.29
        ]
      }
    },
    {
      "type": "Feature",
      "properties": {
        "event_name": "L288",
        "date": "2020-06-27",
        "time": "None",
        "state": "Meghalaya",
        "district": "East khasi hills",
        "source": "NESAC/NERDRR"
      },
      "geometry": {
        "type": "Point",
        "coordinates": [
          91.5,
          25.29
        ]
      }
    },
    {
      "type": "Feature",
      "properties": {
        "event_name": "L269",
        "date": "2020-06-27",
        "time": "None",
        "state": "Meghalaya",
        "district": "East khasi hills",
        "source": "NESAC/NERDRR"
      },
      "geometry": {
        "type": "Point",
        "coordinates": [
          91.82072,
          25.48429
        ]
      }
    },
    {
      "type": "Feature",
      "properties": {
        "event_name": "L268",
        "date": "2020-06-27",
        "time": "None",
        "state": "Meghalaya",
        "district": "East khasi hills",
        "source": "NESAC/NERDRR"
      },
      "geometry": {
        "type": "Point",
        "coordinates": [
          91.81946,
          25.496
        ]
      }
    },
    {
      "type": "Feature",
      "properties": {
        "event_name": "L263",
        "date": "2020-06-27",
        "time": "None",
        "state": "Meghalaya",
        "district": "East khasi hills",
        "source": "NESAC/NERDRR"
      },
      "geometry": {
        "type": "Point",
        "coordinates": [
          91.845,
          25.566
        ]
      }
    },
    {
      "type": "Feature",
      "properties": {
        "event_name": "L264",
        "date": "2020-06-27",
        "time": "None",
        "state": "Meghalaya",
        "district": "East khasi hills",
        "source": "NESAC/NERDRR"
      },
      "geometry": {
        "type": "Point",
        "coordinates": [
          91.84,
          25.56
        ]
      }
    },
    {
      "type": "Feature",
      "properties": {
        "event_name": "L148",
        "date": "2020-06-27",
        "time": "None",
        "state": "Meghalaya",
        "district": "East khasi hills",
        "source": "NESAC/NERDRR"
      },
      "geometry": {
        "type": "Point",
        "coordinates": [
          91.7434,
          25.218138
        ]
      }
    },
    {
      "type": "Feature",
      "properties": {
        "event_name": "L283",
        "date": "2020-06-27",
        "time": "None",
        "state": "Meghalaya",
        "district": "East khasi hills",
        "source": "NESAC/NERDRR"
      },
      "geometry": {
        "type": "Point",
        "coordinates": [
          91.8357,
          25.4617
        ]
      }
    },
    {
      "type": "Feature",
      "properties": {
        "event_name": "L280",
        "date": "2020-06-27",
        "time": "None",
        "state": "Meghalaya",
        "district": "East khasi hills",
        "source": "NESAC/NERDRR"
      },
      "geometry": {
        "type": "Point",
        "coordinates": [
          91.8215,
          25.4895
        ]
      }
    },
    {
      "type": "Feature",
      "properties": {
        "event_name": "L279",
        "date": "2020-06-27",
        "time": "None",
        "state": "Meghalaya",
        "district": "East khasi hills",
        "source": "NESAC/NERDRR"
      },
      "geometry": {
        "type": "Point",
        "coordinates": [
          91.817,
          25.5097
        ]
      }
    },
    {
      "type": "Feature",
      "properties": {
        "event_name": "Lum Village",
        "date": "2020-06-27",
        "time": "None",
        "state": "Sikkim",
        "district": "North Sikkim",
        "source": "NESAC/NERDRR"
      },
      "geometry": {
        "type": "Point",
        "coordinates": [
          88.47566,
          27.389505
        ]
      }
    },
    {
      "type": "Feature",
      "properties": {
        "event_name": "Hee Gyanthang",
        "date": "2020-06-27",
        "time": "None",
        "state": "Sikkim",
        "district": "North Sikkim",
        "source": "NESAC/NERDRR"
      },
      "geometry": {
        "type": "Point",
        "coordinates": [
          88.48735,
          27.456923
        ]
      }
    },
    {
      "type": "Feature",
      "properties": {
        "event_name": "Barfok-Lingdok GPU",
        "date": "2020-06-27",
        "time": "None",
        "state": "Sikkim",
        "district": "North Sikkim",
        "source": "NESAC/NERDRR"
      },
      "geometry": {
        "type": "Point",
        "coordinates": [
          88.50451,
          27.505192
        ]
      }
    },
    {
      "type": "Feature",
      "properties": {
        "event_name": "L276",
        "date": "2020-06-27",
        "time": "None",
        "state": "Meghalaya",
        "district": "East khasi hills",
        "source": "NESAC/NERDRR"
      },
      "geometry": {
        "type": "Point",
        "coordinates": [
          91.8215,
          25.4895
        ]
      }
    },
    {
      "type": "Feature",
      "properties": {
        "event_name": "L275",
        "date": "2020-06-27",
        "time": "None",
        "state": "Meghalaya",
        "district": "East khasi hills",
        "source": "NESAC/NERDRR"
      },
      "geometry": {
        "type": "Point",
        "coordinates": [
          91.8215,
          25.4895
        ]
      }
    },
    {
      "type": "Feature",
      "properties": {
        "event_name": "SDMA_AS_2020_North Guwahati2",
        "date": "2020-06-27",
        "time": "6:00 P.M",
        "state": "Assam",
        "district": "Kamrrup Rural",
        "source": "NESAC/NERDRR"
      },
      "geometry": {
        "type": "Point",
        "coordinates": [
          91.76268,
          26.254368
        ]
      }
    },
    {
      "type": "Feature",
      "properties": {
        "event_name": "L244",
        "date": "2020-06-26",
        "time": "None",
        "state": "Meghalaya",
        "district": "East khasi hills",
        "source": "NESAC/NERDRR"
      },
      "geometry": {
        "type": "Point",
        "coordinates": [
          91.74226,
          25.217028
        ]
      }
    },
    {
      "type": "Feature",
      "properties": {
        "event_name": "L254",
        "date": "2020-06-26",
        "time": "None",
        "state": "Meghalaya",
        "district": "East khasi hills",
        "source": "NESAC/NERDRR"
      },
      "geometry": {
        "type": "Point",
        "coordinates": [
          91.704445,
          25.323774
        ]
      }
    },
    {
      "type": "Feature",
      "properties": {
        "event_name": "L240",
        "date": "2020-06-26",
        "time": "None",
        "state": "Meghalaya",
        "district": "East khasi hills",
        "source": "NESAC/NERDRR"
      },
      "geometry": {
        "type": "Point",
        "coordinates": [
          91.70465,
          25.32275
        ]
      }
    },
    {
      "type": "Feature",
      "properties": {
        "event_name": "SDMA_AS_2020_North Guwahati1",
        "date": "2020-06-26",
        "time": "4:00 P.M",
        "state": "Assam",
        "district": "Kamrrup Rural",
        "source": "NESAC/NERDRR"
      },
      "geometry": {
        "type": "Point",
        "coordinates": [
          91.69352,
          26.214209
        ]
      }
    },
    {
      "type": "Feature",
      "properties": {
        "event_name": "L241",
        "date": "2020-06-26",
        "time": "None",
        "state": "Meghalaya",
        "district": "East khasi hills",
        "source": "NESAC/NERDRR"
      },
      "geometry": {
        "type": "Point",
        "coordinates": [
          91.70504,
          25.321398
        ]
      }
    },
    {
      "type": "Feature",
      "properties": {
        "event_name": "L242",
        "date": "2020-06-26",
        "time": "None",
        "state": "Meghalaya",
        "district": "East khasi hills",
        "source": "NESAC/NERDRR"
      },
      "geometry": {
        "type": "Point",
        "coordinates": [
          91.70549,
          25.321072
        ]
      }
    },
    {
      "type": "Feature",
      "properties": {
        "event_name": "L243",
        "date": "2020-06-26",
        "time": "None",
        "state": "Meghalaya",
        "district": "East khasi hills",
        "source": "NESAC/NERDRR"
      },
      "geometry": {
        "type": "Point",
        "coordinates": [
          91.71027,
          25.291964
        ]
      }
    },
    {
      "type": "Feature",
      "properties": {
        "event_name": "L255",
        "date": "2020-06-26",
        "time": "None",
        "state": "Meghalaya",
        "district": "East khasi hills",
        "source": "NESAC/NERDRR"
      },
      "geometry": {
        "type": "Point",
        "coordinates": [
          91.704636,
          25.322756
        ]
      }
    },
    {
      "type": "Feature",
      "properties": {
        "event_name": "L34",
        "date": "2020-06-26",
        "time": "None",
        "state": "Meghalaya",
        "district": "East khasi hills",
        "source": "NESAC/NERDRR"
      },
      "geometry": {
        "type": "Point",
        "coordinates": [
          91.98962,
          25.385916
        ]
      }
    },
    {
      "type": "Feature",
      "properties": {
        "event_name": "SDMA_AS_2020_Kahilipara Slide",
        "date": "2020-06-26",
        "time": "None",
        "state": "Assam",
        "district": "Kamrup metro",
        "source": "NESAC/NERDRR"
      },
      "geometry": {
        "type": "Point",
        "coordinates": [
          91.756,
          26.146
        ]
      }
    },
    {
      "type": "Feature",
      "properties": {
        "event_name": "SDMA_AS_2020_Amingaon Slide 01",
        "date": "2020-06-25",
        "time": "None",
        "state": "Assam",
        "district": "Kamrrup Rural",
        "source": "NESAC/NERDRR"
      },
      "geometry": {
        "type": "Point",
        "coordinates": [
          91.689445,
          26.210833
        ]
      }
    },
    {
      "type": "Feature",
      "properties": {
        "event_name": "North_Sikkim_cutoff_event_2",
        "date": "2020-06-25",
        "time": "None",
        "state": "Sikkim",
        "district": "North Sikkim",
        "source": "NESAC/NERDRR"
      },
      "geometry": {
        "type": "Point",
        "coordinates": [
          88.61,
          27.453
        ]
      }
    },
    {
      "type": "Feature",
      "properties": {
        "event_name": "Donyi Colony",
        "date": "2020-06-25",
        "time": "8:12 A.M",
        "state": "Arunachal Pradesh",
        "district": "Papum Pare",
        "source": "NESAC/NERDRR"
      },
      "geometry": {
        "type": "Point",
        "coordinates": [
          93.61283,
          27.081306
        ]
      }
    },
    {
      "type": "Feature",
      "properties": {
        "event_name": "North_Sikkim_cutoff_event_3",
        "date": "2020-06-25",
        "time": "None",
        "state": "Sikkim",
        "district": "East Sikkim",
        "source": "NESAC/NERDRR"
      },
      "geometry": {
        "type": "Point",
        "coordinates": [
          88.505,
          27.384
        ]
      }
    },
    {
      "type": "Feature",
      "properties": {
        "event_name": "L138",
        "date": "2020-06-25",
        "time": "None",
        "state": "Meghalaya",
        "district": "East khasi hills",
        "source": "NESAC/NERDRR"
      },
      "geometry": {
        "type": "Point",
        "coordinates": [
          91.74852,
          25.219904
        ]
      }
    },
    {
      "type": "Feature",
      "properties": {
        "event_name": "North_Sikkim_cutoff_event_1",
        "date": "2020-06-25",
        "time": "None",
        "state": "Sikkim",
        "district": "North Sikkim",
        "source": "NESAC/NERDRR"
      },
      "geometry": {
        "type": "Point",
        "coordinates": [
          88.546,
          27.411
        ]
      }
    },
    {
      "type": "Feature",
      "properties": {
        "event_name": "L135",
        "date": "2020-06-24",
        "time": "None",
        "state": "Meghalaya",
        "district": "East khasi hills",
        "source": "NESAC/NERDRR"
      },
      "geometry": {
        "type": "Point",
        "coordinates": [
          91.76816,
          25.220486
        ]
      }
    },
    {
      "type": "Feature",
      "properties": {
        "event_name": "L60",
        "date": "2020-06-24",
        "time": "None",
        "state": "Meghalaya",
        "district": "East khasi hills",
        "source": "NESAC/NERDRR"
      },
      "geometry": {
        "type": "Point",
        "coordinates": [
          91.68635,
          25.242388
        ]
      }
    },
    {
      "type": "Feature",
      "properties": {
        "event_name": "L62",
        "date": "2020-06-24",
        "time": "None",
        "state": "Meghalaya",
        "district": "East khasi hills",
        "source": "NESAC/NERDRR"
      },
      "geometry": {
        "type": "Point",
        "coordinates": [
          91.68306,
          25.23164
        ]
      }
    },
    {
      "type": "Feature",
      "properties": {
        "event_name": "L68",
        "date": "2020-06-24",
        "time": "None",
        "state": "Meghalaya",
        "district": "East khasi hills",
        "source": "NESAC/NERDRR"
      },
      "geometry": {
        "type": "Point",
        "coordinates": [
          91.69045,
          25.24625
        ]
      }
    },
    {
      "type": "Feature",
      "properties": {
        "event_name": "L70",
        "date": "2020-06-24",
        "time": "None",
        "state": "Meghalaya",
        "district": "East khasi hills",
        "source": "NESAC/NERDRR"
      },
      "geometry": {
        "type": "Point",
        "coordinates": [
          91.69256,
          25.24733
        ]
      }
    },
    {
      "type": "Feature",
      "properties": {
        "event_name": "L72",
        "date": "2020-06-24",
        "time": "None",
        "state": "Meghalaya",
        "district": "East khasi hills",
        "source": "NESAC/NERDRR"
      },
      "geometry": {
        "type": "Point",
        "coordinates": [
          91.64796,
          25.210033
        ]
      }
    },
    {
      "type": "Feature",
      "properties": {
        "event_name": "L75",
        "date": "2020-06-24",
        "time": "None",
        "state": "Meghalaya",
        "district": "East khasi hills",
        "source": "NESAC/NERDRR"
      },
      "geometry": {
        "type": "Point",
        "coordinates": [
          91.643585,
          25.207712
        ]
      }
    },
    {
      "type": "Feature",
      "properties": {
        "event_name": "L78",
        "date": "2020-06-24",
        "time": "None",
        "state": "Meghalaya",
        "district": "East khasi hills",
        "source": "NESAC/NERDRR"
      },
      "geometry": {
        "type": "Point",
        "coordinates": [
          91.639565,
          25.199503
        ]
      }
    },
    {
      "type": "Feature",
      "properties": {
        "event_name": "L80",
        "date": "2020-06-24",
        "time": "None",
        "state": "Meghalaya",
        "district": "East khasi hills",
        "source": "NESAC/NERDRR"
      },
      "geometry": {
        "type": "Point",
        "coordinates": [
          91.69045,
          25.24625
        ]
      }
    },
    {
      "type": "Feature",
      "properties": {
        "event_name": "L82",
        "date": "2020-06-24",
        "time": "None",
        "state": "Meghalaya",
        "district": "East khasi hills",
        "source": "NESAC/NERDRR"
      },
      "geometry": {
        "type": "Point",
        "coordinates": [
          91.69256,
          25.24733
        ]
      }
    },
    {
      "type": "Feature",
      "properties": {
        "event_name": "L95",
        "date": "2020-06-24",
        "time": "None",
        "state": "Meghalaya",
        "district": "East khasi hills",
        "source": "NESAC/NERDRR"
      },
      "geometry": {
        "type": "Point",
        "coordinates": [
          91.68635,
          25.242388
        ]
      }
    },
    {
      "type": "Feature",
      "properties": {
        "event_name": "L165",
        "date": "2020-06-24",
        "time": "None",
        "state": "Meghalaya",
        "district": "East khasi hills",
        "source": "NESAC/NERDRR"
      },
      "geometry": {
        "type": "Point",
        "coordinates": [
          91.643585,
          25.207712
        ]
      }
    },
    {
      "type": "Feature",
      "properties": {
        "event_name": "L168",
        "date": "2020-06-24",
        "time": "None",
        "state": "Meghalaya",
        "district": "East khasi hills",
        "source": "NESAC/NERDRR"
      },
      "geometry": {
        "type": "Point",
        "coordinates": [
          91.639565,
          25.199503
        ]
      }
    },
    {
      "type": "Feature",
      "properties": {
        "event_name": "L170",
        "date": "2020-06-24",
        "time": "None",
        "state": "Meghalaya",
        "district": "East khasi hills",
        "source": "NESAC/NERDRR"
      },
      "geometry": {
        "type": "Point",
        "coordinates": [
          91.64884,
          25.259016
        ]
      }
    },
    {
      "type": "Feature",
      "properties": {
        "event_name": "L171",
        "date": "2020-06-24",
        "time": "None",
        "state": "Meghalaya",
        "district": "East khasi hills",
        "source": "NESAC/NERDRR"
      },
      "geometry": {
        "type": "Point",
        "coordinates": [
          91.68306,
          25.23164
        ]
      }
    },
    {
      "type": "Feature",
      "properties": {
        "event_name": "L195",
        "date": "2020-06-24",
        "time": "None",
        "state": "Meghalaya",
        "district": "East khasi hills",
        "source": "NESAC/NERDRR"
      },
      "geometry": {
        "type": "Point",
        "coordinates": [
          91.767845,
          25.355244
        ]
      }
    },
    {
      "type": "Feature",
      "properties": {
        "event_name": "L205",
        "date": "2020-06-24",
        "time": "None",
        "state": "Meghalaya",
        "district": "East khasi hills",
        "source": "NESAC/NERDRR"
      },
      "geometry": {
        "type": "Point",
        "coordinates": [
          91.79825,
          25.323166
        ]
      }
    },
    {
      "type": "Feature",
      "properties": {
        "event_name": "L251",
        "date": "2020-06-24",
        "time": "None",
        "state": "Meghalaya",
        "district": "East khasi hills",
        "source": "NESAC/NERDRR"
      },
      "geometry": {
        "type": "Point",
        "coordinates": [
          91.65249,
          25.256828
        ]
      }
    },
    {
      "type": "Feature",
      "properties": {
        "event_name": "L252",
        "date": "2020-06-24",
        "time": "None",
        "state": "Meghalaya",
        "district": "East khasi hills",
        "source": "NESAC/NERDRR"
      },
      "geometry": {
        "type": "Point",
        "coordinates": [
          91.65043,
          25.261497
        ]
      }
    },
    {
      "type": "Feature",
      "properties": {
        "event_name": "L253",
        "date": "2020-06-24",
        "time": "None",
        "state": "Meghalaya",
        "district": "East khasi hills",
        "source": "NESAC/NERDRR"
      },
      "geometry": {
        "type": "Point",
        "coordinates": [
          91.64691,
          25.262333
        ]
      }
    },
    {
      "type": "Feature",
      "properties": {
        "event_name": "L93",
        "date": "2020-06-17",
        "time": "None",
        "state": "Meghalaya",
        "district": "East khasi hills",
        "source": "NESAC/NERDRR"
      },
      "geometry": {
        "type": "Point",
        "coordinates": [
          91.68985,
          25.244923
        ]
      }
    },
    {
      "type": "Feature",
      "properties": {
        "event_name": "L58",
        "date": "2020-06-17",
        "time": "None",
        "state": "Meghalaya",
        "district": "East khasi hills",
        "source": "NESAC/NERDRR"
      },
      "geometry": {
        "type": "Point",
        "coordinates": [
          91.68985,
          25.244923
        ]
      }
    },
    {
      "type": "Feature",
      "properties": {
        "event_name": "Lumshnong_landslide",
        "date": "2020-06-16",
        "time": "None",
        "state": "Meghalaya",
        "district": "East Jaintia Hills",
        "source": "NESAC/NERDRR"
      },
      "geometry": {
        "type": "Point",
        "coordinates": [
          92.37444,
          25.18166
        ]
      }
    },
    {
      "type": "Feature",
      "properties": {
        "event_name": "Ramhlun_1",
        "date": "2020-06-15",
        "time": "Night",
        "state": "Mizoram",
        "district": "Aizawl",
        "source": "NESAC/NERDRR"
      },
      "geometry": {
        "type": "Point",
        "coordinates": [
          92.723,
          23.746222
        ]
      }
    },
    {
      "type": "Feature",
      "properties": {
        "event_name": "Mamit3",
        "date": "2020-06-11",
        "time": "Night",
        "state": "Mizoram",
        "district": "Mamit",
        "source": "NESAC/NERDRR"
      },
      "geometry": {
        "type": "Point",
        "coordinates": [
          92.49028,
          23.924168
        ]
      }
    },
    {
      "type": "Feature",
      "properties": {
        "event_name": "Mamit4",
        "date": "2020-06-11",
        "time": "Night",
        "state": "Mizoram",
        "district": "Mamit",
        "source": "NESAC/NERDRR"
      },
      "geometry": {
        "type": "Point",
        "coordinates": [
          92.39056,
          23.912779
        ]
      }
    },
    {
      "type": "Feature",
      "properties": {
        "event_name": "Khatla_1",
        "date": "2020-06-10",
        "time": "Day",
        "state": "Mizoram",
        "district": "Aizawl",
        "source": "NESAC/NERDRR"
      },
      "geometry": {
        "type": "Point",
        "coordinates": [
          92.71698,
          23.720278
        ]
      }
    },
    {
      "type": "Feature",
      "properties": {
        "event_name": "Mamit1",
        "date": "2020-06-10",
        "time": "Night",
        "state": "Mizoram",
        "district": "Mamit",
        "source": "NESAC/NERDRR"
      },
      "geometry": {
        "type": "Point",
        "coordinates": [
          92.49111,
          23.92
        ]
      }
    },
    {
      "type": "Feature",
      "properties": {
        "event_name": "SDMA_AS_2020_SONAI1",
        "date": "2020-06-08",
        "time": "None",
        "state": "Assam",
        "district": "Cachar",
        "source": "NESAC/NERDRR"
      },
      "geometry": {
        "type": "Point",
        "coordinates": [
          92.98835,
          24.647875
        ]
      }
    },
    {
      "type": "Feature",
      "properties": {
        "event_name": "Thakka Road mudslide",
        "date": "2020-06-08",
        "time": "None",
        "state": "Sikkim",
        "district": "South Sikkim",
        "source": "NESAC/NERDRR"
      },
      "geometry": {
        "type": "Point",
        "coordinates": [
          88.421,
          27.257
        ]
      }
    },
    {
      "type": "Feature",
      "properties": {
        "event_name": "SDMA_AS_2020_SONAI2",
        "date": "2020-06-08",
        "time": "None",
        "state": "Assam",
        "district": "Cachar",
        "source": "NESAC/NERDRR"
      },
      "geometry": {
        "type": "Point",
        "coordinates": [
          92.98905,
          24.646982
        ]
      }
    },
    {
      "type": "Feature",
      "properties": {
        "event_name": "SDMA_AS_2020_SONAI3",
        "date": "2020-06-08",
        "time": "None",
        "state": "Assam",
        "district": "Cachar",
        "source": "NESAC/NERDRR"
      },
      "geometry": {
        "type": "Point",
        "coordinates": [
          92.989075,
          24.649889
        ]
      }
    },
    {
      "type": "Feature",
      "properties": {
        "event_name": "SDMA_AS_2020_SONAI4",
        "date": "2020-06-08",
        "time": "None",
        "state": "Assam",
        "district": "Cachar",
        "source": "NESAC/NERDRR"
      },
      "geometry": {
        "type": "Point",
        "coordinates": [
          92.82317,
          24.727879
        ]
      }
    },
    {
      "type": "Feature",
      "properties": {
        "event_name": "SDMA_AS_2020_Govindanagar Slide",
        "date": "2020-06-05",
        "time": "None",
        "state": "Assam",
        "district": "Cachar",
        "source": "NESAC/NERDRR"
      },
      "geometry": {
        "type": "Point",
        "coordinates": [
          92.90381,
          24.721916
        ]
      }
    },
    {
      "type": "Feature",
      "properties": {
        "event_name": "Maubawk_1",
        "date": "2020-06-05",
        "time": "11:00 A.M",
        "state": "Mizoram",
        "district": "Aizawl",
        "source": "NESAC/NERDRR"
      },
      "geometry": {
        "type": "Point",
        "coordinates": [
          92.6981,
          23.720156
        ]
      }
    },
    {
      "type": "Feature",
      "properties": {
        "event_name": "SDMA_AS_2020_SONAI5",
        "date": "2020-06-04",
        "time": "None",
        "state": "Assam",
        "district": "Cachar",
        "source": "NESAC/NERDRR"
      },
      "geometry": {
        "type": "Point",
        "coordinates": [
          92.903854,
          24.721872
        ]
      }
    },
    {
      "type": "Feature",
      "properties": {
        "event_name": "Imphal-Jiribam Landslide-1a",
        "date": "2020-06-02",
        "time": "None",
        "state": "Manipur",
        "district": "Tamenglong",
        "source": "NESAC/NERDRR"
      },
      "geometry": {
        "type": "Point",
        "coordinates": [
          93.284,
          24.774
        ]
      }
    },
    {
      "type": "Feature",
      "properties": {
        "event_name": "SDMA_AS_2020_Mohanpur Grant Slide 3",
        "date": "2020-06-02",
        "time": "None",
        "state": "Assam",
        "district": "Hailakandi",
        "source": "NESAC/NERDRR"
      },
      "geometry": {
        "type": "Point",
        "coordinates": [
          92.64739,
          24.731167
        ]
      }
    },
    {
      "type": "Feature",
      "properties": {
        "event_name": "SDMA_AS_2020_Mohanpur Grant Slide 2",
        "date": "2020-06-02",
        "time": "None",
        "state": "Assam",
        "district": "Hailakandi",
        "source": "NESAC/NERDRR"
      },
      "geometry": {
        "type": "Point",
        "coordinates": [
          92.650085,
          24.706556
        ]
      }
    },
    {
      "type": "Feature",
      "properties": {
        "event_name": "SDMA_AS_2020_Karimpur Slide 2",
        "date": "2020-06-02",
        "time": "None",
        "state": "Assam",
        "district": "Karimganj",
        "source": "NESAC/NERDRR"
      },
      "geometry": {
        "type": "Point",
        "coordinates": [
          92.45372,
          24.780027
        ]
      }
    },
    {
      "type": "Feature",
      "properties": {
        "event_name": "SDMA_AS_2020_Mohanpur Grant Slide 1",
        "date": "2020-06-02",
        "time": "None",
        "state": "Assam",
        "district": "Hailakandi",
        "source": "NESAC/NERDRR"
      },
      "geometry": {
        "type": "Point",
        "coordinates": [
          92.646805,
          24.703638
        ]
      }
    },
    {
      "type": "Feature",
      "properties": {
        "event_name": "SDMA_AS_2020_Karimpur Slide 1",
        "date": "2020-06-02",
        "time": "None",
        "state": "Assam",
        "district": "Karimganj",
        "source": "NESAC/NERDRR"
      },
      "geometry": {
        "type": "Point",
        "coordinates": [
          92.45564,
          24.783806
        ]
      }
    },
    {
      "type": "Feature",
      "properties": {
        "event_name": "SDMA_AS_2020_Kanakpur Slide",
        "date": "2020-06-02",
        "time": "None",
        "state": "Assam",
        "district": "Cachar",
        "source": "NESAC/NERDRR"
      },
      "geometry": {
        "type": "Point",
        "coordinates": [
          93.07306,
          24.920973
        ]
      }
    },
    {
      "type": "Feature",
      "properties": {
        "event_name": "Imphal-Jiribam Landslide-1b",
        "date": "2020-06-02",
        "time": "None",
        "state": "Manipur",
        "district": "Tamenglong",
        "source": "NESAC/NERDRR"
      },
      "geometry": {
        "type": "Point",
        "coordinates": [
          93.473,
          24.8205
        ]
      }
    },
    {
      "type": "Feature",
      "properties": {
        "event_name": "Imphal-Jiribam Landslide-1c",
        "date": "2020-06-02",
        "time": "None",
        "state": "Manipur",
        "district": "Tamenglong",
        "source": "NESAC/NERDRR"
      },
      "geometry": {
        "type": "Point",
        "coordinates": [
          93.2457,
          24.8172
        ]
      }
    },
    {
      "type": "Feature",
      "properties": {
        "event_name": "Imphal-Jiribam Landslide-1d",
        "date": "2020-06-02",
        "time": "None",
        "state": "Manipur",
        "district": "Senapati",
        "source": "NESAC/NERDRR"
      },
      "geometry": {
        "type": "Point",
        "coordinates": [
          94.142,
          25.396
        ]
      }
    },
    {
      "type": "Feature",
      "properties": {
        "event_name": "SDMA_AS_2020_Chandipur Grant Slide",
        "date": "2020-06-02",
        "time": "None",
        "state": "Assam",
        "district": "Hailakandi",
        "source": "NESAC/NERDRR"
      },
      "geometry": {
        "type": "Point",
        "coordinates": [
          92.55505,
          24.79489
        ]
      }
    },
    {
      "type": "Feature",
      "properties": {
        "event_name": "Sokpay_landslide",
        "date": "2020-06-01",
        "time": "7:00 P.M",
        "state": "Sikkim",
        "district": "South Sikkim",
        "source": "NESAC/NERDRR"
      },
      "geometry": {
        "type": "Point",
        "coordinates": [
          88.429,
          27.39
        ]
      }
    },
    {
      "type": "Feature",
      "properties": {
        "event_name": "Mamit5",
        "date": "2020-05-29",
        "time": "Day",
        "state": "Mizoram",
        "district": "Mamit",
        "source": "NESAC/NERDRR"
      },
      "geometry": {
        "type": "Point",
        "coordinates": [
          92.49,
          23.94861
        ]
      }
    },
    {
      "type": "Feature",
      "properties": {
        "event_name": "18th km of Mawkdok Khadarshnong Road",
        "date": "2020-05-29",
        "time": "None",
        "state": "Meghalaya",
        "district": "East Khasi Hills",
        "source": "NESAC/NERDRR"
      },
      "geometry": {
        "type": "Point",
        "coordinates": [
          91.786,
          25.4
        ]
      }
    },
    {
      "type": "Feature",
      "properties": {
        "event_name": "Mualpheng_1",
        "date": "2020-05-28",
        "time": "Day",
        "state": "Mizoram",
        "district": "Aizawl",
        "source": "NESAC/NERDRR"
      },
      "geometry": {
        "type": "Point",
        "coordinates": [
          92.97425,
          23.612047
        ]
      }
    },
    {
      "type": "Feature",
      "properties": {
        "event_name": "L128",
        "date": "2020-05-27",
        "time": "None",
        "state": "Meghalaya",
        "district": "East khasi hills",
        "source": "NESAC/NERDRR"
      },
      "geometry": {
        "type": "Point",
        "coordinates": [
          91.747505,
          25.217813
        ]
      }
    },
    {
      "type": "Feature",
      "properties": {
        "event_name": "L125",
        "date": "2020-05-27",
        "time": "None",
        "state": "Meghalaya",
        "district": "East khasi hills",
        "source": "NESAC/NERDRR"
      },
      "geometry": {
        "type": "Point",
        "coordinates": [
          91.74566,
          25.217484
        ]
      }
    },
    {
      "type": "Feature",
      "properties": {
        "event_name": "L256",
        "date": "2020-05-27",
        "time": "None",
        "state": "Meghalaya",
        "district": "East khasi hills",
        "source": "NESAC/NERDRR"
      },
      "geometry": {
        "type": "Point",
        "coordinates": [
          92.08766,
          25.47981
        ]
      }
    },
    {
      "type": "Feature",
      "properties": {
        "event_name": "L177",
        "date": "2020-05-27",
        "time": "None",
        "state": "Meghalaya",
        "district": "East khasi hills",
        "source": "NESAC/NERDRR"
      },
      "geometry": {
        "type": "Point",
        "coordinates": [
          91.82667,
          25.460016
        ]
      }
    },
    {
      "type": "Feature",
      "properties": {
        "event_name": "L191",
        "date": "2020-05-27",
        "time": "None",
        "state": "Meghalaya",
        "district": "East khasi hills",
        "source": "NESAC/NERDRR"
      },
      "geometry": {
        "type": "Point",
        "coordinates": [
          91.75563,
          25.380148
        ]
      }
    },
    {
      "type": "Feature",
      "properties": {
        "event_name": "L154",
        "date": "2020-05-27",
        "time": "None",
        "state": "Meghalaya",
        "district": "East khasi hills",
        "source": "NESAC/NERDRR"
      },
      "geometry": {
        "type": "Point",
        "coordinates": [
          91.760284,
          25.246328
        ]
      }
    },
    {
      "type": "Feature",
      "properties": {
        "event_name": "L32",
        "date": "2020-05-27",
        "time": "None",
        "state": "Meghalaya",
        "district": "East khasi hills",
        "source": "NESAC/NERDRR"
      },
      "geometry": {
        "type": "Point",
        "coordinates": [
          91.94392,
          25.380934
        ]
      }
    },
    {
      "type": "Feature",
      "properties": {
        "event_name": "Imphal-Jiribam Landslide-2",
        "date": "2020-05-27",
        "time": "3: 00 A.M",
        "state": "Manipur",
        "district": "Tamenglong",
        "source": "NESAC/NERDRR"
      },
      "geometry": {
        "type": "Point",
        "coordinates": [
          93.43889,
          24.775278
        ]
      }
    },
    {
      "type": "Feature",
      "properties": {
        "event_name": "L2",
        "date": "2020-05-26",
        "time": "None",
        "state": "Meghalaya",
        "district": "East khasi hills",
        "source": "NESAC/NERDRR"
      },
      "geometry": {
        "type": "Point",
        "coordinates": [
          91.98842,
          25.38875
        ]
      }
    },
    {
      "type": "Feature",
      "properties": {
        "event_name": "L10",
        "date": "2020-05-26",
        "time": "None",
        "state": "Meghalaya",
        "district": "East khasi hills",
        "source": "NESAC/NERDRR"
      },
      "geometry": {
        "type": "Point",
        "coordinates": [
          91.99098,
          25.392033
        ]
      }
    },
    {
      "type": "Feature",
      "properties": {
        "event_name": "L259",
        "date": "2020-05-26",
        "time": "None",
        "state": "Meghalaya",
        "district": "East khasi hills",
        "source": "NESAC/NERDRR"
      },
      "geometry": {
        "type": "Point",
        "coordinates": [
          91.8468,
          25.351
        ]
      }
    },
    {
      "type": "Feature",
      "properties": {
        "event_name": "L306",
        "date": "2020-05-26",
        "time": "None",
        "state": "Meghalaya",
        "district": "East jaintia hills",
        "source": "NESAC/NERDRR"
      },
      "geometry": {
        "type": "Point",
        "coordinates": [
          92.3277,
          25.369427
        ]
      }
    },
    {
      "type": "Feature",
      "properties": {
        "event_name": "L307",
        "date": "2020-05-26",
        "time": "None",
        "state": "Meghalaya",
        "district": "East jaintia hills",
        "source": "NESAC/NERDRR"
      },
      "geometry": {
        "type": "Point",
        "coordinates": [
          92.29368,
          25.433273
        ]
      }
    },
    {
      "type": "Feature",
      "properties": {
        "event_name": "L308",
        "date": "2020-05-26",
        "time": "None",
        "state": "Meghalaya",
        "district": "East jaintia hills",
        "source": "NESAC/NERDRR"
      },
      "geometry": {
        "type": "Point",
        "coordinates": [
          92.29312,
          25.433172
        ]
      }
    },
    {
      "type": "Feature",
      "properties": {
        "event_name": "L122",
        "date": "2020-05-26",
        "time": "None",
        "state": "Meghalaya",
        "district": "East khasi hills",
        "source": "NESAC/NERDRR"
      },
      "geometry": {
        "type": "Point",
        "coordinates": [
          91.7551,
          25.199219
        ]
      }
    },
    {
      "type": "Feature",
      "properties": {
        "event_name": "L119",
        "date": "2020-05-26",
        "time": "None",
        "state": "Meghalaya",
        "district": "East khasi hills",
        "source": "NESAC/NERDRR"
      },
      "geometry": {
        "type": "Point",
        "coordinates": [
          91.75361,
          25.208124
        ]
      }
    },
    {
      "type": "Feature",
      "properties": {
        "event_name": "L112",
        "date": "2020-05-26",
        "time": "None",
        "state": "Meghalaya",
        "district": "East khasi hills",
        "source": "NESAC/NERDRR"
      },
      "geometry": {
        "type": "Point",
        "coordinates": [
          91.73486,
          25.208784
        ]
      }
    },
    {
      "type": "Feature",
      "properties": {
        "event_name": "L111",
        "date": "2020-05-26",
        "time": "None",
        "state": "Meghalaya",
        "district": "East khasi hills",
        "source": "NESAC/NERDRR"
      },
      "geometry": {
        "type": "Point",
        "coordinates": [
          91.76275,
          25.186453
        ]
      }
    },
    {
      "type": "Feature",
      "properties": {
        "event_name": "L105",
        "date": "2020-05-26",
        "time": "None",
        "state": "Meghalaya",
        "district": "East khasi hills",
        "source": "NESAC/NERDRR"
      },
      "geometry": {
        "type": "Point",
        "coordinates": [
          91.71844,
          25.223047
        ]
      }
    },
    {
      "type": "Feature",
      "properties": {
        "event_name": "L104",
        "date": "2020-05-26",
        "time": "None",
        "state": "Meghalaya",
        "district": "East khasi hills",
        "source": "NESAC/NERDRR"
      },
      "geometry": {
        "type": "Point",
        "coordinates": [
          91.7153,
          25.223282
        ]
      }
    },
    {
      "type": "Feature",
      "properties": {
        "event_name": "L100",
        "date": "2020-05-26",
        "time": "None",
        "state": "Meghalaya",
        "district": "East khasi hills",
        "source": "NESAC/NERDRR"
      },
      "geometry": {
        "type": "Point",
        "coordinates": [
          91.73885,
          25.216091
        ]
      }
    },
    {
      "type": "Feature",
      "properties": {
        "event_name": "L97",
        "date": "2020-05-26",
        "time": "None",
        "state": "Meghalaya",
        "district": "East khasi hills",
        "source": "NESAC/NERDRR"
      },
      "geometry": {
        "type": "Point",
        "coordinates": [
          91.741745,
          25.221401
        ]
      }
    },
    {
      "type": "Feature",
      "properties": {
        "event_name": "L341",
        "date": "2020-05-26",
        "time": "None",
        "state": "Meghalaya",
        "district": "West Jaintia Hills",
        "source": "NESAC/NERDRR"
      },
      "geometry": {
        "type": "Point",
        "coordinates": [
          92.19447,
          25.442333
        ]
      }
    },
    {
      "type": "Feature",
      "properties": {
        "event_name": "L342",
        "date": "2020-05-26",
        "time": "None",
        "state": "Meghalaya",
        "district": "West Jaintia Hills",
        "source": "NESAC/NERDRR"
      },
      "geometry": {
        "type": "Point",
        "coordinates": [
          92.19558,
          25.441778
        ]
      }
    },
    {
      "type": "Feature",
      "properties": {
        "event_name": "L344",
        "date": "2020-05-26",
        "time": "None",
        "state": "Meghalaya",
        "district": "West Jaintia Hills",
        "source": "NESAC/NERDRR"
      },
      "geometry": {
        "type": "Point",
        "coordinates": [
          92.19525,
          25.436306
        ]
      }
    },
    {
      "type": "Feature",
      "properties": {
        "event_name": "L345",
        "date": "2020-05-26",
        "time": "None",
        "state": "Meghalaya",
        "district": "West Jaintia Hills",
        "source": "NESAC/NERDRR"
      },
      "geometry": {
        "type": "Point",
        "coordinates": [
          92.198364,
          25.435057
        ]
      }
    },
    {
      "type": "Feature",
      "properties": {
        "event_name": "L346",
        "date": "2020-05-26",
        "time": "None",
        "state": "Meghalaya",
        "district": "West Jaintia Hills",
        "source": "NESAC/NERDRR"
      },
      "geometry": {
        "type": "Point",
        "coordinates": [
          92.201385,
          25.447416
        ]
      }
    },
    {
      "type": "Feature",
      "properties": {
        "event_name": "L347",
        "date": "2020-05-26",
        "time": "None",
        "state": "Meghalaya",
        "district": "West Jaintia Hills",
        "source": "NESAC/NERDRR"
      },
      "geometry": {
        "type": "Point",
        "coordinates": [
          92.19453,
          25.45075
        ]
      }
    },
    {
      "type": "Feature",
      "properties": {
        "event_name": "L348",
        "date": "2020-05-26",
        "time": "None",
        "state": "Meghalaya",
        "district": "West Jaintia Hills",
        "source": "NESAC/NERDRR"
      },
      "geometry": {
        "type": "Point",
        "coordinates": [
          92.18784,
          25.453518
        ]
      }
    },
    {
      "type": "Feature",
      "properties": {
        "event_name": "L349",
        "date": "2020-05-26",
        "time": "None",
        "state": "Meghalaya",
        "district": "West Jaintia Hills",
        "source": "NESAC/NERDRR"
      },
      "geometry": {
        "type": "Point",
        "coordinates": [
          92.19447,
          25.442333
        ]
      }
    },
    {
      "type": "Feature",
      "properties": {
        "event_name": "L350",
        "date": "2020-05-26",
        "time": "None",
        "state": "Meghalaya",
        "district": "West Jaintia Hills",
        "source": "NESAC/NERDRR"
      },
      "geometry": {
        "type": "Point",
        "coordinates": [
          92.19558,
          25.441778
        ]
      }
    },
    {
      "type": "Feature",
      "properties": {
        "event_name": "L351",
        "date": "2020-05-26",
        "time": "None",
        "state": "Meghalaya",
        "district": "West Jaintia Hills",
        "source": "NESAC/NERDRR"
      },
      "geometry": {
        "type": "Point",
        "coordinates": [
          92.191086,
          25.44139
        ]
      }
    },
    {
      "type": "Feature",
      "properties": {
        "event_name": "L352",
        "date": "2020-05-26",
        "time": "None",
        "state": "Meghalaya",
        "district": "West Jaintia Hills",
        "source": "NESAC/NERDRR"
      },
      "geometry": {
        "type": "Point",
        "coordinates": [
          92.19525,
          25.436306
        ]
      }
    },
    {
      "type": "Feature",
      "properties": {
        "event_name": "L353",
        "date": "2020-05-26",
        "time": "None",
        "state": "Meghalaya",
        "district": "West Jaintia Hills",
        "source": "NESAC/NERDRR"
      },
      "geometry": {
        "type": "Point",
        "coordinates": [
          92.198364,
          25.435057
        ]
      }
    },
    {
      "type": "Feature",
      "properties": {
        "event_name": "L354",
        "date": "2020-05-26",
        "time": "None",
        "state": "Meghalaya",
        "district": "West Jaintia Hills",
        "source": "NESAC/NERDRR"
      },
      "geometry": {
        "type": "Point",
        "coordinates": [
          92.201385,
          25.447416
        ]
      }
    },
    {
      "type": "Feature",
      "properties": {
        "event_name": "L355",
        "date": "2020-05-26",
        "time": "None",
        "state": "Meghalaya",
        "district": "West Jaintia Hills",
        "source": "NESAC/NERDRR"
      },
      "geometry": {
        "type": "Point",
        "coordinates": [
          92.19453,
          25.45075
        ]
      }
    },
    {
      "type": "Feature",
      "properties": {
        "event_name": "L356",
        "date": "2020-05-26",
        "time": "None",
        "state": "Meghalaya",
        "district": "West Jaintia Hills",
        "source": "NESAC/NERDRR"
      },
      "geometry": {
        "type": "Point",
        "coordinates": [
          92.19453,
          25.45075
        ]
      }
    },
    {
      "type": "Feature",
      "properties": {
        "event_name": "L357",
        "date": "2020-05-26",
        "time": "None",
        "state": "Meghalaya",
        "district": "West Jaintia Hills",
        "source": "NESAC/NERDRR"
      },
      "geometry": {
        "type": "Point",
        "coordinates": [
          92.18784,
          25.453518
        ]
      }
    },
    {
      "type": "Feature",
      "properties": {
        "event_name": "L358",
        "date": "2020-05-26",
        "time": "None",
        "state": "Meghalaya",
        "district": "West Jaintia Hills",
        "source": "NESAC/NERDRR"
      },
      "geometry": {
        "type": "Point",
        "coordinates": [
          92.19447,
          25.442333
        ]
      }
    },
    {
      "type": "Feature",
      "properties": {
        "event_name": "L359",
        "date": "2020-05-26",
        "time": "None",
        "state": "Meghalaya",
        "district": "West Jaintia Hills",
        "source": "NESAC/NERDRR"
      },
      "geometry": {
        "type": "Point",
        "coordinates": [
          92.19558,
          25.441778
        ]
      }
    },
    {
      "type": "Feature",
      "properties": {
        "event_name": "L360",
        "date": "2020-05-26",
        "time": "None",
        "state": "Meghalaya",
        "district": "West Jaintia Hills",
        "source": "NESAC/NERDRR"
      },
      "geometry": {
        "type": "Point",
        "coordinates": [
          92.191086,
          25.44139
        ]
      }
    },
    {
      "type": "Feature",
      "properties": {
        "event_name": "L361",
        "date": "2020-05-26",
        "time": "None",
        "state": "Meghalaya",
        "district": "West Jaintia Hills",
        "source": "NESAC/NERDRR"
      },
      "geometry": {
        "type": "Point",
        "coordinates": [
          92.19525,
          25.436306
        ]
      }
    },
    {
      "type": "Feature",
      "properties": {
        "event_name": "L362",
        "date": "2020-05-26",
        "time": "None",
        "state": "Meghalaya",
        "district": "West Jaintia Hills",
        "source": "NESAC/NERDRR"
      },
      "geometry": {
        "type": "Point",
        "coordinates": [
          92.198364,
          25.435057
        ]
      }
    },
    {
      "type": "Feature",
      "properties": {
        "event_name": "L363",
        "date": "2020-05-26",
        "time": "None",
        "state": "Meghalaya",
        "district": "West Jaintia Hills",
        "source": "NESAC/NERDRR"
      },
      "geometry": {
        "type": "Point",
        "coordinates": [
          92.201385,
          25.447416
        ]
      }
    },
    {
      "type": "Feature",
      "properties": {
        "event_name": "L364",
        "date": "2020-05-26",
        "time": "None",
        "state": "Meghalaya",
        "district": "West Jaintia Hills",
        "source": "NESAC/NERDRR"
      },
      "geometry": {
        "type": "Point",
        "coordinates": [
          92.19453,
          25.45075
        ]
      }
    },
    {
      "type": "Feature",
      "properties": {
        "event_name": "L365",
        "date": "2020-05-26",
        "time": "None",
        "state": "Meghalaya",
        "district": "West Jaintia Hills",
        "source": "NESAC/NERDRR"
      },
      "geometry": {
        "type": "Point",
        "coordinates": [
          92.19453,
          25.45075
        ]
      }
    },
    {
      "type": "Feature",
      "properties": {
        "event_name": "L366",
        "date": "2020-05-26",
        "time": "None",
        "state": "Meghalaya",
        "district": "West Jaintia Hills",
        "source": "NESAC/NERDRR"
      },
      "geometry": {
        "type": "Point",
        "coordinates": [
          92.18784,
          25.453518
        ]
      }
    },
    {
      "type": "Feature",
      "properties": {
        "event_name": "L18",
        "date": "2020-05-26",
        "time": "None",
        "state": "Meghalaya",
        "district": "East khasi hills",
        "source": "NESAC/NERDRR"
      },
      "geometry": {
        "type": "Point",
        "coordinates": [
          91.93597,
          25.3946
        ]
      }
    },
    {
      "type": "Feature",
      "properties": {
        "event_name": "Shillong-Agartala-Sabrum Rd",
        "date": "2020-05-26",
        "time": "None",
        "state": "Meghalaya",
        "district": "Jaintia Hills",
        "source": "NESAC/NERDRR"
      },
      "geometry": {
        "type": "Point",
        "coordinates": [
          92.18784,
          25.453518
        ]
      }
    },
    {
      "type": "Feature",
      "properties": {
        "event_name": "Caroline-Jowai",
        "date": "2020-05-26",
        "time": "None",
        "state": "Meghalaya",
        "district": "Jaintia Hills",
        "source": "NESAC/NERDRR"
      },
      "geometry": {
        "type": "Point",
        "coordinates": [
          92.19453,
          25.45075
        ]
      }
    },
    {
      "type": "Feature",
      "properties": {
        "event_name": "Salaroh Landslide",
        "date": "2020-05-26",
        "time": "None",
        "state": "Meghalaya",
        "district": "Jaintia Hills",
        "source": "NESAC/NERDRR"
      },
      "geometry": {
        "type": "Point",
        "coordinates": [
          92.201385,
          25.447416
        ]
      }
    },
    {
      "type": "Feature",
      "properties": {
        "event_name": "Chilliangraij Landslide",
        "date": "2020-05-26",
        "time": "None",
        "state": "Meghalaya",
        "district": "Jaintia Hills",
        "source": "NESAC/NERDRR"
      },
      "geometry": {
        "type": "Point",
        "coordinates": [
          92.198364,
          25.435057
        ]
      }
    },
    {
      "type": "Feature",
      "properties": {
        "event_name": "Chutwakhu road landslide",
        "date": "2020-05-26",
        "time": "None",
        "state": "Meghalaya",
        "district": "Jaintia Hills",
        "source": "NESAC/NERDRR"
      },
      "geometry": {
        "type": "Point",
        "coordinates": [
          92.19525,
          25.436306
        ]
      }
    },
    {
      "type": "Feature",
      "properties": {
        "event_name": "Riatsiatsim Landslide",
        "date": "2020-05-26",
        "time": "None",
        "state": "Meghalaya",
        "district": "Jaintia Hills",
        "source": "NESAC/NERDRR"
      },
      "geometry": {
        "type": "Point",
        "coordinates": [
          92.191086,
          25.44139
        ]
      }
    },
    {
      "type": "Feature",
      "properties": {
        "event_name": "Iawmusiang Landslide \ufffd II",
        "date": "2020-05-26",
        "time": "None",
        "state": "Meghalaya",
        "district": "Jaintia Hills",
        "source": "NESAC/NERDRR"
      },
      "geometry": {
        "type": "Point",
        "coordinates": [
          92.19558,
          25.441778
        ]
      }
    },
    {
      "type": "Feature",
      "properties": {
        "event_name": "Iawmusiang Landslide - I",
        "date": "2020-05-26",
        "time": "None",
        "state": "Meghalaya",
        "district": "Jaintia Hills",
        "source": "NESAC/NERDRR"
      },
      "geometry": {
        "type": "Point",
        "coordinates": [
          92.19447,
          25.442333
        ]
      }
    },
    {
      "type": "Feature",
      "properties": {
        "event_name": "Myong Kyong 12th Mile Silde",
        "date": "2020-05-26",
        "time": "5:00 P.M",
        "state": "Sikkim",
        "district": "North Sikkim",
        "source": "NESAC/NERDRR"
      },
      "geometry": {
        "type": "Point",
        "coordinates": [
          88.424,
          27.565
        ]
      }
    },
    {
      "type": "Feature",
      "properties": {
        "event_name": "L250",
        "date": "2020-05-25",
        "time": "None",
        "state": "Meghalaya",
        "district": "East khasi hills",
        "source": "NESAC/NERDRR"
      },
      "geometry": {
        "type": "Point",
        "coordinates": [
          91.659996,
          25.329208
        ]
      }
    },
    {
      "type": "Feature",
      "properties": {
        "event_name": "Variengte_IOC_veng1",
        "date": "2020-05-25",
        "time": "Night",
        "state": "Mizoram",
        "district": "Kolasib",
        "source": "NESAC/NERDRR"
      },
      "geometry": {
        "type": "Point",
        "coordinates": [
          92.74167,
          24.455
        ]
      }
    },
    {
      "type": "Feature",
      "properties": {
        "event_name": "Aarzoo Village",
        "date": "2020-05-25",
        "time": "None",
        "state": "Arunachal Pradesh",
        "district": "Dibang Valley",
        "source": "NESAC/NERDRR"
      },
      "geometry": {
        "type": "Point",
        "coordinates": [
          95.807,
          28.5
        ]
      }
    },
    {
      "type": "Feature",
      "properties": {
        "event_name": "L237",
        "date": "2020-05-25",
        "time": "None",
        "state": "Meghalaya",
        "district": "East khasi hills",
        "source": "NESAC/NERDRR"
      },
      "geometry": {
        "type": "Point",
        "coordinates": [
          91.70444,
          25.32243
        ]
      }
    },
    {
      "type": "Feature",
      "properties": {
        "event_name": "L57",
        "date": "2020-05-24",
        "time": "None",
        "state": "Meghalaya",
        "district": "East khasi hills",
        "source": "NESAC/NERDRR"
      },
      "geometry": {
        "type": "Point",
        "coordinates": [
          91.69877,
          25.2495
        ]
      }
    },
    {
      "type": "Feature",
      "properties": {
        "event_name": "L173",
        "date": "2020-05-24",
        "time": "None",
        "state": "Meghalaya",
        "district": "East khasi hills",
        "source": "NESAC/NERDRR"
      },
      "geometry": {
        "type": "Point",
        "coordinates": [
          91.68961,
          25.231417
        ]
      }
    },
    {
      "type": "Feature",
      "properties": {
        "event_name": "Satala Landslide",
        "date": "2020-05-24",
        "time": "1:00 P.M",
        "state": "Sikkim",
        "district": "North Sikkim",
        "source": "NESAC/NERDRR"
      },
      "geometry": {
        "type": "Point",
        "coordinates": [
          88.62566,
          27.39839
        ]
      }
    },
    {
      "type": "Feature",
      "properties": {
        "event_name": "L234",
        "date": "2020-05-24",
        "time": "None",
        "state": "Meghalaya",
        "district": "East khasi hills",
        "source": "NESAC/NERDRR"
      },
      "geometry": {
        "type": "Point",
        "coordinates": [
          91.813225,
          25.470934
        ]
      }
    },
    {
      "type": "Feature",
      "properties": {
        "event_name": "Lingchom Landslide",
        "date": "2020-05-24",
        "time": "12:30 P.M",
        "state": "Sikkim",
        "district": "West Sikkim",
        "source": "NESAC/NERDRR"
      },
      "geometry": {
        "type": "Point",
        "coordinates": [
          88.219,
          27.286
        ]
      }
    },
    {
      "type": "Feature",
      "properties": {
        "event_name": "L162",
        "date": "2020-05-24",
        "time": "None",
        "state": "Meghalaya",
        "district": "East khasi hills",
        "source": "NESAC/NERDRR"
      },
      "geometry": {
        "type": "Point",
        "coordinates": [
          91.64796,
          25.210033
        ]
      }
    },
    {
      "type": "Feature",
      "properties": {
        "event_name": "L49",
        "date": "2020-05-24",
        "time": "None",
        "state": "Meghalaya",
        "district": "East khasi hills",
        "source": "NESAC/NERDRR"
      },
      "geometry": {
        "type": "Point",
        "coordinates": [
          91.68623,
          25.242182
        ]
      }
    },
    {
      "type": "Feature",
      "properties": {
        "event_name": "L51",
        "date": "2020-05-24",
        "time": "None",
        "state": "Meghalaya",
        "district": "East khasi hills",
        "source": "NESAC/NERDRR"
      },
      "geometry": {
        "type": "Point",
        "coordinates": [
          91.68675,
          25.243214
        ]
      }
    },
    {
      "type": "Feature",
      "properties": {
        "event_name": "L53",
        "date": "2020-05-24",
        "time": "None",
        "state": "Meghalaya",
        "district": "East khasi hills",
        "source": "NESAC/NERDRR"
      },
      "geometry": {
        "type": "Point",
        "coordinates": [
          91.686325,
          25.241507
        ]
      }
    },
    {
      "type": "Feature",
      "properties": {
        "event_name": "L55",
        "date": "2020-05-24",
        "time": "None",
        "state": "Meghalaya",
        "district": "East khasi hills",
        "source": "NESAC/NERDRR"
      },
      "geometry": {
        "type": "Point",
        "coordinates": [
          91.685455,
          25.241726
        ]
      }
    },
    {
      "type": "Feature",
      "properties": {
        "event_name": "Dhare Landslide",
        "date": "2020-05-24",
        "time": "None",
        "state": "Sikkim",
        "district": "North Sikkim",
        "source": "NESAC/NERDRR"
      },
      "geometry": {
        "type": "Point",
        "coordinates": [
          88.62358,
          27.398666
        ]
      }
    },
    {
      "type": "Feature",
      "properties": {
        "event_name": "L64",
        "date": "2020-05-24",
        "time": "None",
        "state": "Meghalaya",
        "district": "East khasi hills",
        "source": "NESAC/NERDRR"
      },
      "geometry": {
        "type": "Point",
        "coordinates": [
          91.68961,
          25.231417
        ]
      }
    },
    {
      "type": "Feature",
      "properties": {
        "event_name": "L84",
        "date": "2020-05-24",
        "time": "None",
        "state": "Meghalaya",
        "district": "East khasi hills",
        "source": "NESAC/NERDRR"
      },
      "geometry": {
        "type": "Point",
        "coordinates": [
          91.68623,
          25.242182
        ]
      }
    },
    {
      "type": "Feature",
      "properties": {
        "event_name": "L86",
        "date": "2020-05-24",
        "time": "None",
        "state": "Meghalaya",
        "district": "East khasi hills",
        "source": "NESAC/NERDRR"
      },
      "geometry": {
        "type": "Point",
        "coordinates": [
          91.68675,
          25.243214
        ]
      }
    },
    {
      "type": "Feature",
      "properties": {
        "event_name": "L88",
        "date": "2020-05-24",
        "time": "None",
        "state": "Meghalaya",
        "district": "East khasi hills",
        "source": "NESAC/NERDRR"
      },
      "geometry": {
        "type": "Point",
        "coordinates": [
          91.686325,
          25.241507
        ]
      }
    },
    {
      "type": "Feature",
      "properties": {
        "event_name": "L90",
        "date": "2020-05-24",
        "time": "None",
        "state": "Meghalaya",
        "district": "East khasi hills",
        "source": "NESAC/NERDRR"
      },
      "geometry": {
        "type": "Point",
        "coordinates": [
          91.685455,
          25.241726
        ]
      }
    },
    {
      "type": "Feature",
      "properties": {
        "event_name": "L92",
        "date": "2020-05-24",
        "time": "None",
        "state": "Meghalaya",
        "district": "East khasi hills",
        "source": "NESAC/NERDRR"
      },
      "geometry": {
        "type": "Point",
        "coordinates": [
          91.69877,
          25.2495
        ]
      }
    },
    {
      "type": "Feature",
      "properties": {
        "event_name": "L158",
        "date": "2020-05-24",
        "time": "None",
        "state": "Meghalaya",
        "district": "East khasi hills",
        "source": "NESAC/NERDRR"
      },
      "geometry": {
        "type": "Point",
        "coordinates": [
          91.750496,
          25.223726
        ]
      }
    },
    {
      "type": "Feature",
      "properties": {
        "event_name": "L257",
        "date": "2020-05-23",
        "time": "None",
        "state": "Meghalaya",
        "district": "East khasi hills",
        "source": "NESAC/NERDRR"
      },
      "geometry": {
        "type": "Point",
        "coordinates": [
          92.0077,
          25.3451
        ]
      }
    },
    {
      "type": "Feature",
      "properties": {
        "event_name": "Umjapung slide",
        "date": "2020-05-21",
        "time": "1:00 P.M",
        "state": "Meghalaya",
        "district": "East Khasi Hills",
        "source": "NESAC/NERDRR"
      },
      "geometry": {
        "type": "Point",
        "coordinates": [
          91.88272,
          25.62
        ]
      }
    },
    {
      "type": "Feature",
      "properties": {
        "event_name": "L284",
        "date": "2020-05-21",
        "time": "None",
        "state": "Meghalaya",
        "district": "East khasi hills",
        "source": "NESAC/NERDRR"
      },
      "geometry": {
        "type": "Point",
        "coordinates": [
          91.8062,
          25.5035
        ]
      }
    },
    {
      "type": "Feature",
      "properties": {
        "event_name": "L1",
        "date": "2020-05-21",
        "time": "None",
        "state": "Meghalaya",
        "district": "East khasi hills",
        "source": "NESAC/NERDRR"
      },
      "geometry": {
        "type": "Point",
        "coordinates": [
          91.98944,
          25.588333
        ]
      }
    },
    {
      "type": "Feature",
      "properties": {
        "event_name": "L286",
        "date": "2020-04-24",
        "time": "None",
        "state": "Meghalaya",
        "district": "East khasi hills",
        "source": "NESAC/NERDRR"
      },
      "geometry": {
        "type": "Point",
        "coordinates": [
          91.5,
          25.29
        ]
      }
    },
    {
      "type": "Feature",
      "properties": {
        "event_name": "Zemabawk_2",
        "date": "2020-02-02",
        "time": "Night",
        "state": "Mizoram",
        "district": "Aizawl",
        "source": "NESAC/NERDRR"
      },
      "geometry": {
        "type": "Point",
        "coordinates": [
          92.75766,
          23.730278
        ]
      }
    }
  ]
}